# Blender 5.1.1
# www.blender.org
mtllib Truc.mtl
o Cube
v -18.290928 -5.466249 6.994432
v -18.290928 4.236220 6.994432
v -18.290928 -5.466249 5.942191
v -18.290928 4.236220 5.942191
v -17.238686 -5.466249 6.994432
v -17.238686 4.236220 6.994432
v -17.238686 -5.466249 5.942191
v -17.238686 4.236220 5.942191
v -18.290928 -2.232093 6.994432
v -18.290928 1.002063 6.994432
v -18.290928 1.002063 5.942191
v -18.290928 -2.232093 5.942191
v -17.238686 1.002063 5.942191
v -17.238686 -2.232093 5.942191
v -17.238686 1.002063 6.994432
v -17.238686 -2.232093 6.994432
v -18.073210 -1.562919 6.776714
v -18.073210 0.332890 6.776714
v -18.073210 0.332890 6.159908
v -18.073210 -1.562919 6.159908
v -17.456404 0.332890 6.159908
v -17.456404 -1.562919 6.159908
v -17.456404 0.332890 6.776714
v -17.456404 -1.562919 6.776714
v -30.175308 -5.466249 6.994432
v -30.175308 4.236220 6.994432
v -30.175308 -5.466249 5.942191
v -30.175308 4.236220 5.942191
v -31.227551 -5.466249 6.994432
v -31.227551 4.236220 6.994432
v -31.227551 -5.466249 5.942191
v -31.227551 4.236220 5.942191
v -30.175308 -2.232093 6.994432
v -30.175308 1.002063 6.994432
v -30.175308 1.002063 5.942191
v -30.175308 -2.232093 5.942191
v -31.227551 1.002063 5.942191
v -31.227551 -2.232093 5.942191
v -31.227551 1.002063 6.994432
v -31.227551 -2.232093 6.994432
v -30.393026 -1.562919 6.776714
v -30.393026 0.332890 6.776714
v -30.393026 0.332890 6.159908
v -30.393026 -1.562919 6.159908
v -31.009832 0.332890 6.159908
v -31.009832 -1.562919 6.159908
v -31.009832 0.332890 6.776714
v -31.009832 -1.562919 6.776714
v -18.290928 -5.466249 -6.994432
v -18.290928 4.236220 -6.994432
v -18.290928 -5.466249 -5.942191
v -18.290928 4.236220 -5.942191
v -17.238686 -5.466249 -6.994432
v -17.238686 4.236220 -6.994432
v -17.238686 -5.466249 -5.942191
v -17.238686 4.236220 -5.942191
v -18.290928 -2.232093 -6.994432
v -18.290928 1.002063 -6.994432
v -18.290928 1.002063 -5.942191
v -18.290928 -2.232093 -5.942191
v -17.238686 1.002063 -5.942191
v -17.238686 -2.232093 -5.942191
v -17.238686 1.002063 -6.994432
v -17.238686 -2.232093 -6.994432
v -18.073210 -1.562919 -6.776714
v -18.073210 0.332890 -6.776714
v -18.073210 0.332890 -6.159908
v -18.073210 -1.562919 -6.159908
v -17.456404 0.332890 -6.159908
v -17.456404 -1.562919 -6.159908
v -17.456404 0.332890 -6.776714
v -17.456404 -1.562919 -6.776714
v -30.175308 -5.466249 -6.994432
v -30.175308 4.236220 -6.994432
v -30.175308 -5.466249 -5.942191
v -30.175308 4.236220 -5.942191
v -31.227551 -5.466249 -6.994432
v -31.227551 4.236220 -6.994432
v -31.227551 -5.466249 -5.942191
v -31.227551 4.236220 -5.942191
v -30.175308 -2.232093 -6.994432
v -30.175308 1.002063 -6.994432
v -30.175308 1.002063 -5.942191
v -30.175308 -2.232093 -5.942191
v -31.227551 1.002063 -5.942191
v -31.227551 -2.232093 -5.942191
v -31.227551 1.002063 -6.994432
v -31.227551 -2.232093 -6.994432
v -30.393026 -1.562919 -6.776714
v -30.393026 0.332890 -6.776714
v -30.393026 0.332890 -6.159908
v -30.393026 -1.562919 -6.159908
v -31.009832 0.332890 -6.159908
v -31.009832 -1.562919 -6.159908
v -31.009832 0.332890 -6.776714
v -31.009832 -1.562919 -6.776714
vn -1.0000 -0.0000 -0.0000
vn -0.0000 -0.0000 -1.0000
vn 1.0000 -0.0000 -0.0000
vn -0.0000 -0.0000 1.0000
vn -0.0000 -1.0000 -0.0000
vn -0.0000 1.0000 -0.0000
vn -0.0000 0.3094 -0.9509
vn -0.9509 0.3094 -0.0000
vn -0.0000 -0.3094 0.9509
vn 0.9509 -0.3094 -0.0000
vn 0.9509 0.3094 -0.0000
vn -0.0000 0.3094 0.9509
vn -0.9509 -0.3094 -0.0000
vn -0.0000 -0.3094 -0.9509
vt 0.541667 0.000000
vt 0.625000 0.000000
vt 0.625000 0.250000
vt 0.541667 0.250000
vt 0.625000 0.500000
vt 0.541667 0.500000
vt 0.625000 0.750000
vt 0.541667 0.750000
vt 0.625000 1.000000
vt 0.541667 1.000000
vt 0.125000 0.500000
vt 0.375000 0.500000
vt 0.375000 0.750000
vt 0.125000 0.750000
vt 0.875000 0.500000
vt 0.875000 0.750000
vt 0.458333 0.750000
vt 0.458333 1.000000
vt 0.375000 1.000000
vt 0.458333 0.500000
vt 0.458333 0.250000
vt 0.458333 0.000000
vt 0.375000 0.250000
vt 0.375000 0.000000
s 0
f 10/1/1 2/2/1 4/3/1 11/4/1
f 11/4/2 4/3/2 8/5/2 13/6/2
f 13/6/3 8/5/3 6/7/3 15/8/3
f 15/8/4 6/7/4 2/9/4 10/10/4
f 3/11/5 7/12/5 5/13/5 1/14/5
f 8/5/6 4/15/6 2/16/6 6/7/6
f 5/13/4 16/17/4 9/18/4 1/19/4
f 14/20/7 12/21/7 20/21/7 22/20/7
f 7/12/3 14/20/3 16/17/3 5/13/3
f 12/21/8 9/22/8 17/22/8 20/21/8
f 3/23/2 12/21/2 14/20/2 7/12/2
f 15/8/9 10/10/9 18/10/9 23/8/9
f 1/24/1 9/22/1 12/21/1 3/23/1
f 13/6/10 15/8/10 23/8/10 21/6/10
f 24/17/4 23/8/4 18/10/4 17/18/4
f 22/20/3 21/6/3 23/8/3 24/17/3
f 20/21/2 19/4/2 21/6/2 22/20/2
f 17/22/1 18/1/1 19/4/1 20/21/1
f 16/17/11 14/20/11 22/20/11 24/17/11
f 9/18/12 16/17/12 24/17/12 17/18/12
f 10/1/13 11/4/13 19/4/13 18/1/13
f 11/4/14 13/6/14 21/6/14 19/4/14
f 34/1/3 35/4/3 28/3/3 26/2/3
f 35/4/2 37/6/2 32/5/2 28/3/2
f 37/6/1 39/8/1 30/7/1 32/5/1
f 39/8/4 34/10/4 26/9/4 30/7/4
f 27/11/5 25/14/5 29/13/5 31/12/5
f 32/5/6 30/7/6 26/16/6 28/15/6
f 29/13/4 25/19/4 33/18/4 40/17/4
f 38/20/7 46/20/7 44/21/7 36/21/7
f 31/12/1 29/13/1 40/17/1 38/20/1
f 36/21/11 44/21/11 41/22/11 33/22/11
f 27/23/2 31/12/2 38/20/2 36/21/2
f 39/8/9 47/8/9 42/10/9 34/10/9
f 25/24/3 27/23/3 36/21/3 33/22/3
f 37/6/13 45/6/13 47/8/13 39/8/13
f 48/17/4 41/18/4 42/10/4 47/8/4
f 46/20/1 48/17/1 47/8/1 45/6/1
f 44/21/2 46/20/2 45/6/2 43/4/2
f 41/22/3 44/21/3 43/4/3 42/1/3
f 40/17/8 48/17/8 46/20/8 38/20/8
f 33/18/12 41/18/12 48/17/12 40/17/12
f 34/1/10 42/1/10 43/4/10 35/4/10
f 35/4/14 43/4/14 45/6/14 37/6/14
f 58/1/1 59/4/1 52/3/1 50/2/1
f 59/4/4 61/6/4 56/5/4 52/3/4
f 61/6/3 63/8/3 54/7/3 56/5/3
f 63/8/2 58/10/2 50/9/2 54/7/2
f 51/11/5 49/14/5 53/13/5 55/12/5
f 56/5/6 54/7/6 50/16/6 52/15/6
f 53/13/2 49/19/2 57/18/2 64/17/2
f 62/20/12 70/20/12 68/21/12 60/21/12
f 55/12/3 53/13/3 64/17/3 62/20/3
f 60/21/8 68/21/8 65/22/8 57/22/8
f 51/23/4 55/12/4 62/20/4 60/21/4
f 63/8/14 71/8/14 66/10/14 58/10/14
f 49/24/1 51/23/1 60/21/1 57/22/1
f 61/6/10 69/6/10 71/8/10 63/8/10
f 72/17/2 65/18/2 66/10/2 71/8/2
f 70/20/3 72/17/3 71/8/3 69/6/3
f 68/21/4 70/20/4 69/6/4 67/4/4
f 65/22/1 68/21/1 67/4/1 66/1/1
f 64/17/11 72/17/11 70/20/11 62/20/11
f 57/18/7 65/18/7 72/17/7 64/17/7
f 58/1/13 66/1/13 67/4/13 59/4/13
f 59/4/9 67/4/9 69/6/9 61/6/9
f 82/1/3 74/2/3 76/3/3 83/4/3
f 83/4/4 76/3/4 80/5/4 85/6/4
f 85/6/1 80/5/1 78/7/1 87/8/1
f 87/8/2 78/7/2 74/9/2 82/10/2
f 75/11/5 79/12/5 77/13/5 73/14/5
f 80/5/6 76/15/6 74/16/6 78/7/6
f 77/13/2 88/17/2 81/18/2 73/19/2
f 86/20/12 84/21/12 92/21/12 94/20/12
f 79/12/1 86/20/1 88/17/1 77/13/1
f 84/21/11 81/22/11 89/22/11 92/21/11
f 75/23/4 84/21/4 86/20/4 79/12/4
f 87/8/14 82/10/14 90/10/14 95/8/14
f 73/24/3 81/22/3 84/21/3 75/23/3
f 85/6/13 87/8/13 95/8/13 93/6/13
f 96/17/2 95/8/2 90/10/2 89/18/2
f 94/20/1 93/6/1 95/8/1 96/17/1
f 92/21/4 91/4/4 93/6/4 94/20/4
f 89/22/3 90/1/3 91/4/3 92/21/3
f 88/17/8 86/20/8 94/20/8 96/17/8
f 81/18/7 88/17/7 96/17/7 89/18/7
f 82/1/10 83/4/10 91/4/10 90/1/10
f 83/4/9 85/6/9 93/6/9 91/4/9
o Cube.001
v -30.564087 5.207335 6.330969
v -30.564087 5.207335 -6.330969
v -17.902149 5.207335 6.330969
v -17.902149 5.207335 -6.330969
v -31.812229 4.220761 7.579111
v -31.812229 4.220761 -7.579111
v -16.654007 4.220761 -7.579111
v -16.654007 4.220761 7.579111
v -27.675095 3.993634 3.441977
v -28.639837 3.387771 4.406720
v -27.914688 3.696139 3.681570
v -28.267807 3.474377 4.034689
v -27.770607 5.125883 3.537491
v -27.408890 4.515533 3.175774
v -27.479408 5.037034 3.246292
v -27.347012 4.813630 3.113895
v -28.639837 3.387771 -4.406720
v -27.675095 3.993634 -3.441977
v -28.267807 3.474377 -4.034689
v -27.914688 3.696139 -3.681570
v -27.408890 4.515533 -3.175774
v -27.770607 5.125883 -3.537491
v -27.347012 4.813630 -3.113895
v -27.479408 5.037034 -3.246292
v -19.826397 3.387771 4.406720
v -20.791140 3.993634 3.441977
v -20.198429 3.474377 4.034687
v -20.551548 3.696139 3.681568
v -21.057344 4.515533 3.175774
v -20.695627 5.125883 3.537491
v -21.119225 4.813630 3.113895
v -20.986826 5.037034 3.246292
v -19.826397 3.387771 -4.406720
v -20.791140 3.993634 -3.441977
v -20.198429 3.474377 -4.034687
v -20.551548 3.696139 -3.681568
v -21.057344 4.515533 -3.175774
v -20.695627 5.125883 -3.537491
v -21.119225 4.813630 -3.113895
v -20.986826 5.037034 -3.246292
v -32.390099 3.303809 8.156980
v -32.426556 3.373337 8.193439
v -32.426556 3.373337 -8.193439
v -32.390099 3.303809 -8.156980
v -16.039679 3.373337 8.193439
v -16.076139 3.303809 8.156980
v -16.039679 3.373337 -8.193439
v -16.076139 3.303809 -8.156980
vn -0.6201 0.7845 -0.0000
vn -0.0000 0.7845 -0.6201
vn 0.6201 0.7845 -0.0000
vn -0.0000 0.7845 0.6201
vn 0.7788 -0.6272 -0.0000
vn 0.5318 -0.8469 -0.0000
vn 0.2267 -0.9740 -0.0000
vn 0.9791 -0.2032 -0.0000
vn 0.8603 0.5098 -0.0000
vn 0.2918 0.9565 -0.0000
vn -0.0000 -0.6272 0.7788
vn -0.0000 -0.8469 0.5318
vn -0.0000 -0.9740 0.2267
vn -0.0000 -0.2032 0.9791
vn -0.0000 0.5098 0.8603
vn -0.0000 0.9565 0.2918
vn -0.7788 -0.6272 -0.0000
vn -0.5318 -0.8469 -0.0000
vn -0.2267 -0.9740 -0.0000
vn -0.9791 -0.2033 -0.0000
vn -0.8603 0.5098 -0.0000
vn -0.2918 0.9565 -0.0000
vn -0.0000 -0.6272 -0.7788
vn -0.0000 -0.8469 -0.5318
vn -0.0000 -0.9740 -0.2267
vn -0.0000 -0.2032 -0.9791
vn -0.0000 0.5098 -0.8603
vn -0.0000 0.9565 -0.2918
vn 0.8908 -0.4544 -0.0000
vn -0.0000 -0.4544 -0.8908
vn 0.0291 0.9996 -0.0000
vn -0.0000 0.9996 -0.0291
vn -0.0000 -0.4544 0.8908
vn -0.0000 0.9996 0.0291
vn -0.8908 -0.4544 -0.0000
vn -0.0291 0.9996 -0.0000
vn -0.8856 -0.4644 -0.0000
vn -0.0000 -0.4644 -0.8856
vn 0.8856 -0.4644 -0.0000
vn -0.0000 -0.4644 0.8856
vn 0.0224 -0.9997 -0.0000
vn -0.0000 0.5869 0.8096
vn -0.8096 0.5869 -0.0000
vn -0.0000 -0.9997 -0.0224
vn -0.0000 0.5869 -0.8096
vn -0.0000 -0.9997 0.0224
vn -0.0224 -0.9997 -0.0000
vn 0.8096 0.5869 -0.0000
vt 0.505595 0.000000
vt 0.625000 0.000000
vt 0.625000 0.250000
vt 0.505595 0.250000
vt 0.625000 0.500000
vt 0.505595 0.500000
vt 0.625000 0.750000
vt 0.505595 0.750000
vt 0.625000 1.000000
vt 0.505595 1.000000
vt 0.461713 0.250000
vt 0.461713 0.826573
vt 0.400232 0.999617
vt 0.393924 0.249771
vt 0.375000 0.002066
vt 0.375000 -0.000033
vt 0.375000 0.250000
vt 0.375000 0.000000
vt 0.375000 0.250000
vt 0.538287 0.346853
vt 0.538287 0.250000
vt 0.576669 0.246680
vt 0.576668 0.197356
vt 0.625000 -0.000057
vt 0.461713 0.500000
vt 0.412848 0.500000
vt 0.375000 0.500000
vt 0.538287 0.500000
vt 0.576669 0.500000
vt 0.461713 0.750000
vt 0.412848 0.750000
vt 0.375000 0.750000
vt 0.375000 0.750000
vt 0.538287 0.750000
vt 0.576669 0.750000
vt 0.375000 1.000033
vt 0.375000 1.000000
vt 0.538287 1.000000
vt 0.576669 1.002610
vt 0.625000 1.000057
vt 0.385162 0.000000
vt 0.385162 0.250000
vt 0.385162 0.500000
vt 0.385162 0.750000
vt 0.385162 1.000000
s 0
f 101/25/15 97/26/15 98/27/15 102/28/15
f 102/28/16 98/27/16 100/29/16 103/30/16
f 103/30/17 100/29/17 99/31/17 104/32/17
f 104/32/18 99/31/18 97/33/18 101/34/18
f 114/35/19 105/36/19 107/37/19 116/38/19
f 116/38/20 107/39/20 108/40/20 115/41/20
f 115/41/21 108/40/21 106/42/21 113/43/21
f 110/44/22 117/45/22 119/46/22 112/47/22
f 112/47/23 119/46/23 120/27/23 111/48/23
f 111/48/24 120/27/24 118/27/24 109/26/24
f 130/49/25 114/35/25 116/38/25 132/50/25
f 132/50/26 116/38/26 115/41/26 131/51/26
f 131/51/27 115/41/27 113/43/27 129/51/27
f 117/45/28 133/52/28 135/53/28 119/46/28
f 119/46/29 135/53/29 136/29/29 120/27/29
f 120/27/30 136/29/30 134/29/30 118/27/30
f 122/54/31 130/49/31 132/50/31 124/55/31
f 124/55/32 132/50/32 131/51/32 123/56/32
f 123/56/33 131/51/33 129/51/33 121/57/33
f 133/52/34 125/58/34 127/59/34 135/53/34
f 135/53/35 127/59/35 128/31/35 136/29/35
f 136/29/36 128/31/36 126/31/36 134/29/36
f 105/36/37 122/54/37 124/55/37 107/37/37
f 107/37/38 124/55/38 123/56/38 108/60/38
f 108/60/39 123/56/39 121/57/39 106/61/39
f 125/58/40 110/62/40 112/63/40 127/59/40
f 127/59/41 112/63/41 111/64/41 128/31/41
f 128/31/42 111/64/42 109/33/42 126/31/42
f 114/35/43 117/45/43 110/44/43 105/36/43
f 105/36/44 110/62/44 125/58/44 122/54/44
f 98/27/45 97/26/45 109/26/45 118/27/45
f 97/33/46 99/31/46 126/31/46 109/33/46
f 130/49/47 133/52/47 117/45/47 114/35/47
f 100/29/48 98/27/48 118/27/48 134/29/48
f 122/54/49 125/58/49 133/52/49 130/49/49
f 99/31/50 100/29/50 134/29/50 126/31/50
f 140/43/51 137/42/51 138/65/51 139/66/51
f 144/51/52 140/43/52 139/66/52 143/67/52
f 142/57/53 144/51/53 143/67/53 141/68/53
f 137/61/54 142/57/54 141/68/54 138/69/54
f 137/42/55 140/43/55 113/43/55 106/42/55
f 141/68/56 104/32/56 101/34/56 138/69/56
f 138/65/57 101/25/57 102/28/57 139/66/57
f 142/57/58 137/61/58 106/61/58 121/57/58
f 139/66/59 102/28/59 103/30/59 143/67/59
f 140/43/60 144/51/60 129/51/60 113/43/60
f 144/51/61 142/57/61 121/57/61 129/51/61
f 143/67/62 103/30/62 104/32/62 141/68/62
o Plane
v -33.001656 -5.466249 8.768538
v -15.464581 -5.466249 8.768538
v -33.001656 -5.466249 -8.768538
v -15.464581 -5.466249 -8.768538
vn -0.0000 1.0000 -0.0000
vt 0.000000 0.000000
vt 1.000000 0.000000
vt 1.000000 1.000000
vt 0.000000 1.000000
s 0
f 145/70/63 146/71/63 148/72/63 147/73/63
o Cylinder
v -24.233118 -5.676610 -1.432525
v -24.233118 -5.403497 -1.706960
v -24.233118 -2.262690 -1.432525
v -24.233118 -2.535804 -1.706960
v -23.953646 -5.676610 -1.404999
v -23.900106 -5.403497 -1.674161
v -23.953646 -2.262690 -1.404999
v -23.900106 -2.535804 -1.674161
v -23.684916 -5.676610 -1.323480
v -23.579893 -5.403497 -1.577025
v -23.684916 -2.262690 -1.323480
v -23.579893 -2.535804 -1.577025
v -23.437250 -5.676610 -1.191101
v -23.284782 -5.403497 -1.419285
v -23.437250 -2.262690 -1.191101
v -23.284782 -2.535804 -1.419285
v -23.220169 -5.676610 -1.012948
v -23.026115 -5.403497 -1.207003
v -23.220169 -2.262690 -1.012948
v -23.026115 -2.535804 -1.207003
v -23.042017 -5.676610 -0.795868
v -22.813833 -5.403497 -0.948336
v -23.042017 -2.262690 -0.795868
v -22.813833 -2.535804 -0.948336
v -22.909637 -5.676610 -0.548203
v -22.656094 -5.403497 -0.653225
v -22.909637 -2.262690 -0.548203
v -22.656094 -2.535804 -0.653225
v -22.828119 -5.676610 -0.279471
v -22.558956 -5.403497 -0.333011
v -22.828119 -2.262690 -0.279471
v -22.558956 -2.535804 -0.333011
v -22.800592 -5.676610 -0.000000
v -22.526157 -5.403497 0.000000
v -22.800592 -2.262690 0.000000
v -22.526157 -2.535804 0.000000
v -22.828119 -5.676610 0.279471
v -22.558956 -5.403497 0.333011
v -22.828119 -2.262690 0.279471
v -22.558956 -2.535804 0.333011
v -22.909637 -5.676610 0.548203
v -22.656094 -5.403497 0.653225
v -22.909637 -2.262690 0.548203
v -22.656094 -2.535804 0.653225
v -23.042017 -5.676610 0.795868
v -22.813833 -5.403497 0.948336
v -23.042017 -2.262690 0.795868
v -22.813833 -2.535804 0.948336
v -23.220169 -5.676610 1.012948
v -23.026115 -5.403497 1.207003
v -23.220169 -2.262690 1.012948
v -23.026115 -2.535804 1.207003
v -23.437250 -5.676610 1.191101
v -23.284782 -5.403497 1.419285
v -23.437250 -2.262690 1.191101
v -23.284782 -2.535804 1.419285
v -23.684916 -5.676610 1.323480
v -23.579893 -5.403497 1.577025
v -23.684916 -2.262690 1.323480
v -23.579893 -2.535804 1.577025
v -23.953646 -5.676610 1.404999
v -23.900106 -5.403497 1.674161
v -23.953646 -2.262690 1.404999
v -23.900106 -2.535804 1.674161
v -24.233118 -5.676610 1.432525
v -24.233118 -5.403497 1.706960
v -24.233118 -2.262690 1.432525
v -24.233118 -2.535804 1.706960
v -24.512590 -5.676610 1.404999
v -24.566130 -5.403497 1.674161
v -24.512590 -2.262690 1.404999
v -24.566130 -2.535804 1.674161
v -24.781321 -5.676610 1.323480
v -24.886343 -5.403497 1.577025
v -24.781321 -2.262690 1.323480
v -24.886343 -2.535804 1.577025
v -25.028986 -5.676610 1.191101
v -25.181454 -5.403497 1.419285
v -25.028986 -2.262690 1.191101
v -25.181454 -2.535804 1.419285
v -25.246067 -5.676610 1.012948
v -25.440121 -5.403497 1.207003
v -25.246067 -2.262690 1.012948
v -25.440121 -2.535804 1.207003
v -25.424219 -5.676610 0.795868
v -25.652403 -5.403497 0.948336
v -25.424219 -2.262690 0.795868
v -25.652403 -2.535804 0.948336
v -25.556599 -5.676610 0.548203
v -25.810143 -5.403497 0.653225
v -25.556599 -2.262690 0.548203
v -25.810143 -2.535804 0.653225
v -25.638117 -5.676610 0.279471
v -25.907280 -5.403497 0.333011
v -25.638117 -2.262690 0.279471
v -25.907280 -2.535804 0.333011
v -25.665644 -5.676610 0.000000
v -25.940079 -5.403497 0.000000
v -25.665644 -2.262690 -0.000000
v -25.940079 -2.535804 0.000000
v -25.638117 -5.676610 -0.279471
v -25.907280 -5.403497 -0.333011
v -25.638117 -2.262690 -0.279471
v -25.907280 -2.535804 -0.333011
v -25.556599 -5.676610 -0.548203
v -25.810143 -5.403497 -0.653225
v -25.556599 -2.262690 -0.548203
v -25.810143 -2.535804 -0.653225
v -25.424219 -5.676610 -0.795868
v -25.652403 -5.403497 -0.948336
v -25.424219 -2.262690 -0.795868
v -25.652403 -2.535804 -0.948336
v -25.246067 -5.676610 -1.012948
v -25.440121 -5.403497 -1.207003
v -25.246067 -2.262690 -1.012948
v -25.440121 -2.535804 -1.207003
v -25.028986 -5.676610 -1.191101
v -25.181454 -5.403497 -1.419285
v -25.028986 -2.262690 -1.191101
v -25.181454 -2.535804 -1.419285
v -24.781321 -5.676610 -1.323480
v -24.886343 -5.403497 -1.577025
v -24.781321 -2.262690 -1.323480
v -24.886343 -2.535804 -1.577025
v -24.512590 -5.676610 -1.404999
v -24.566130 -5.403497 -1.674161
v -24.512590 -2.262690 -1.404999
v -24.566130 -2.535804 -1.674161
v -24.233118 -4.451895 -1.446734
v -24.233118 -4.811750 -1.706960
v -24.233118 -3.127550 -1.706960
v -24.233118 -3.487406 -1.446734
v -23.950874 -3.487406 -1.418936
v -23.900106 -3.127550 -1.674161
v -23.900106 -4.811750 -1.674161
v -23.950874 -4.451895 -1.418936
v -23.679478 -3.487406 -1.336608
v -23.579893 -3.127550 -1.577025
v -23.579893 -4.811750 -1.577025
v -23.679478 -4.451895 -1.336608
v -23.429356 -3.487406 -1.202915
v -23.284782 -3.127550 -1.419285
v -23.284782 -4.811750 -1.419285
v -23.429356 -4.451895 -1.202915
v -23.210123 -3.487406 -1.022995
v -23.026115 -3.127550 -1.207003
v -23.026115 -4.811750 -1.207003
v -23.210123 -4.451895 -1.022995
v -23.030203 -3.487406 -0.803762
v -22.813833 -3.127550 -0.948336
v -22.813833 -4.811750 -0.948336
v -23.030203 -4.451895 -0.803762
v -22.896509 -3.487406 -0.553641
v -22.656094 -3.127550 -0.653225
v -22.656094 -4.811750 -0.653225
v -22.896509 -4.451895 -0.553641
v -22.814182 -3.487406 -0.282244
v -22.558956 -3.127550 -0.333011
v -22.558956 -4.811750 -0.333011
v -22.814182 -4.451895 -0.282244
v -22.786385 -3.487406 0.000000
v -22.526157 -3.127550 0.000000
v -22.526157 -4.811750 0.000000
v -22.786385 -4.451895 0.000000
v -22.814182 -3.487406 0.282244
v -22.558956 -3.127550 0.333011
v -22.558956 -4.811750 0.333011
v -22.814182 -4.451895 0.282244
v -22.896509 -3.487406 0.553641
v -22.656094 -3.127550 0.653225
v -22.656094 -4.811750 0.653225
v -22.896509 -4.451895 0.553641
v -23.030203 -3.487406 0.803762
v -22.813833 -3.127550 0.948336
v -22.813833 -4.811750 0.948336
v -23.030203 -4.451895 0.803762
v -23.210123 -3.487406 1.022995
v -23.026115 -3.127550 1.207003
v -23.026115 -4.811750 1.207003
v -23.210123 -4.451895 1.022995
v -23.429356 -3.487406 1.202915
v -23.284782 -3.127550 1.419285
v -23.284782 -4.811750 1.419285
v -23.429356 -4.451895 1.202915
v -23.679478 -3.487406 1.336608
v -23.579893 -3.127550 1.577025
v -23.579893 -4.811750 1.577025
v -23.679478 -4.451895 1.336608
v -23.950874 -3.487406 1.418936
v -23.900106 -3.127550 1.674161
v -23.900106 -4.811750 1.674161
v -23.950874 -4.451895 1.418936
v -24.233118 -3.487406 1.446734
v -24.233118 -3.127550 1.706960
v -24.233118 -4.811750 1.706960
v -24.233118 -4.451895 1.446734
v -24.515362 -3.487406 1.418936
v -24.566130 -3.127550 1.674161
v -24.566130 -4.811750 1.674161
v -24.515362 -4.451895 1.418936
v -24.786758 -3.487406 1.336608
v -24.886343 -3.127550 1.577025
v -24.886343 -4.811750 1.577025
v -24.786758 -4.451895 1.336608
v -25.036880 -3.487406 1.202915
v -25.181454 -3.127550 1.419285
v -25.181454 -4.811750 1.419285
v -25.036880 -4.451895 1.202915
v -25.256113 -3.487406 1.022995
v -25.440121 -3.127550 1.207003
v -25.440121 -4.811750 1.207003
v -25.256113 -4.451895 1.022995
v -25.436033 -3.487406 0.803762
v -25.652403 -3.127550 0.948336
v -25.652403 -4.811750 0.948336
v -25.436033 -4.451895 0.803762
v -25.569727 -3.487406 0.553641
v -25.810143 -3.127550 0.653225
v -25.810143 -4.811750 0.653225
v -25.569727 -4.451895 0.553641
v -25.652054 -3.487406 0.282244
v -25.907280 -3.127550 0.333011
v -25.907280 -4.811750 0.333011
v -25.652054 -4.451895 0.282244
v -25.679852 -3.487406 0.000000
v -25.940079 -3.127550 0.000000
v -25.940079 -4.811750 0.000000
v -25.679852 -4.451895 0.000000
v -25.652054 -3.487406 -0.282244
v -25.907280 -3.127550 -0.333011
v -25.907280 -4.811750 -0.333011
v -25.652054 -4.451895 -0.282244
v -25.569727 -3.487406 -0.553641
v -25.810143 -3.127550 -0.653225
v -25.810143 -4.811750 -0.653225
v -25.569727 -4.451895 -0.553641
v -25.436033 -3.487406 -0.803762
v -25.652403 -3.127550 -0.948336
v -25.652403 -4.811750 -0.948336
v -25.436033 -4.451895 -0.803762
v -25.256113 -3.487406 -1.022995
v -25.440121 -3.127550 -1.207003
v -25.440121 -4.811750 -1.207003
v -25.256113 -4.451895 -1.022995
v -25.036880 -3.487406 -1.202915
v -25.181454 -3.127550 -1.419285
v -25.181454 -4.811750 -1.419285
v -25.036880 -4.451895 -1.202915
v -24.786758 -3.487406 -1.336608
v -24.886343 -3.127550 -1.577025
v -24.886343 -4.811750 -1.577025
v -24.786758 -4.451895 -1.336608
v -24.515362 -3.487406 -1.418936
v -24.566130 -3.127550 -1.674161
v -24.566130 -4.811750 -1.674161
v -24.515362 -4.451895 -1.418936
v -24.233118 -4.053050 -1.069539
v -24.233118 -4.412905 -1.329764
v -24.233118 -3.526395 -1.329764
v -24.233118 -3.886251 -1.069539
v -24.024462 -3.886251 -1.048988
v -23.973694 -3.526395 -1.304213
v -23.973694 -4.412905 -1.304213
v -24.024462 -4.053050 -1.048988
v -23.823824 -3.886251 -0.988125
v -23.724239 -3.526395 -1.228542
v -23.724239 -4.412905 -1.228542
v -23.823824 -4.053050 -0.988125
v -23.638914 -3.886251 -0.889289
v -23.494341 -3.526395 -1.105659
v -23.494341 -4.412905 -1.105659
v -23.638914 -4.053050 -0.889289
v -23.476839 -3.886251 -0.756278
v -23.292833 -3.526395 -0.940285
v -23.292833 -4.412905 -0.940285
v -23.476839 -4.053050 -0.756278
v -23.343828 -3.886251 -0.594204
v -23.127459 -3.526395 -0.738778
v -23.127459 -4.412905 -0.738778
v -23.343828 -4.053050 -0.594204
v -23.244993 -3.886251 -0.409295
v -23.004576 -3.526396 -0.508879
v -23.004576 -4.412905 -0.508879
v -23.244993 -4.053050 -0.409295
v -23.184130 -3.886251 -0.208657
v -22.928905 -3.526395 -0.259424
v -22.928905 -4.412905 -0.259424
v -23.184130 -4.053050 -0.208657
v -23.163580 -3.886251 0.000000
v -22.903353 -3.526395 0.000000
v -22.903353 -4.412905 0.000000
v -23.163580 -4.053050 0.000000
v -23.184130 -3.886251 0.208657
v -22.928905 -3.526395 0.259424
v -22.928905 -4.412905 0.259424
v -23.184130 -4.053050 0.208657
v -23.244993 -3.886251 0.409295
v -23.004576 -3.526395 0.508879
v -23.004576 -4.412905 0.508879
v -23.244993 -4.053050 0.409295
v -23.343828 -3.886251 0.594204
v -23.127459 -3.526395 0.738778
v -23.127459 -4.412905 0.738778
v -23.343828 -4.053050 0.594204
v -23.476839 -3.886251 0.756278
v -23.292833 -3.526395 0.940285
v -23.292833 -4.412905 0.940285
v -23.476839 -4.053050 0.756278
v -23.638914 -3.886251 0.889289
v -23.494341 -3.526395 1.105659
v -23.494341 -4.412905 1.105659
v -23.638914 -4.053050 0.889289
v -23.823824 -3.886251 0.988125
v -23.724239 -3.526395 1.228542
v -23.724239 -4.412905 1.228542
v -23.823824 -4.053050 0.988125
v -24.024462 -3.886251 1.048988
v -23.973694 -3.526395 1.304213
v -23.973694 -4.412905 1.304213
v -24.024462 -4.053050 1.048988
v -24.233118 -3.886251 1.069539
v -24.233118 -3.526395 1.329764
v -24.233118 -4.412905 1.329764
v -24.233118 -4.053050 1.069539
v -24.441774 -3.886251 1.048988
v -24.492542 -3.526395 1.304213
v -24.492542 -4.412905 1.304213
v -24.441774 -4.053050 1.048988
v -24.642412 -3.886251 0.988125
v -24.741997 -3.526395 1.228542
v -24.741997 -4.412905 1.228542
v -24.642412 -4.053050 0.988125
v -24.827322 -3.886251 0.889289
v -24.971895 -3.526395 1.105659
v -24.971895 -4.412905 1.105659
v -24.827322 -4.053050 0.889289
v -24.989397 -3.886251 0.756278
v -25.173403 -3.526395 0.940285
v -25.173403 -4.412905 0.940285
v -24.989397 -4.053050 0.756278
v -25.122408 -3.886251 0.594204
v -25.338778 -3.526395 0.738778
v -25.338778 -4.412905 0.738778
v -25.122408 -4.053050 0.594204
v -25.221243 -3.886251 0.409295
v -25.461660 -3.526395 0.508879
v -25.461660 -4.412905 0.508879
v -25.221243 -4.053050 0.409295
v -25.282106 -3.886251 0.208657
v -25.537331 -3.526395 0.259424
v -25.537331 -4.412905 0.259424
v -25.282106 -4.053050 0.208657
v -25.302656 -3.886251 0.000000
v -25.562883 -3.526395 0.000000
v -25.562883 -4.412905 0.000000
v -25.302656 -4.053050 0.000000
v -25.282106 -3.886251 -0.208657
v -25.537331 -3.526395 -0.259424
v -25.537331 -4.412905 -0.259424
v -25.282106 -4.053050 -0.208657
v -25.221243 -3.886251 -0.409295
v -25.461660 -3.526396 -0.508879
v -25.461660 -4.412905 -0.508879
v -25.221243 -4.053050 -0.409295
v -25.122408 -3.886251 -0.594204
v -25.338778 -3.526395 -0.738778
v -25.338778 -4.412905 -0.738778
v -25.122408 -4.053050 -0.594204
v -24.989397 -3.886251 -0.756278
v -25.173403 -3.526395 -0.940285
v -25.173403 -4.412905 -0.940285
v -24.989397 -4.053050 -0.756278
v -24.827322 -3.886251 -0.889289
v -24.971895 -3.526395 -1.105659
v -24.971895 -4.412905 -1.105659
v -24.827322 -4.053050 -0.889289
v -24.642412 -3.886251 -0.988125
v -24.741997 -3.526395 -1.228542
v -24.741997 -4.412905 -1.228542
v -24.642412 -4.053050 -0.988125
v -24.441774 -3.886251 -1.048988
v -24.492542 -3.526395 -1.304213
v -24.492542 -4.412905 -1.304213
v -24.441774 -4.053050 -1.048988
vn 0.0693 -0.7071 -0.7037
vn 0.0693 0.7071 -0.7037
vn 0.2053 -0.7071 -0.6767
vn 0.2053 0.7071 -0.6767
vn 0.3333 -0.7071 -0.6236
vn 0.3333 0.7071 -0.6236
vn 0.4486 -0.7071 -0.5466
vn 0.4486 0.7071 -0.5466
vn 0.5466 -0.7071 -0.4486
vn 0.5466 0.7071 -0.4486
vn 0.6236 -0.7071 -0.3333
vn 0.6236 0.7071 -0.3333
vn 0.6767 -0.7071 -0.2053
vn 0.6767 0.7071 -0.2053
vn 0.7037 -0.7071 -0.0693
vn 0.7037 0.7071 -0.0693
vn 0.7037 -0.7071 0.0693
vn 0.7037 0.7071 0.0693
vn 0.6767 -0.7071 0.2053
vn 0.6767 0.7071 0.2053
vn 0.6236 -0.7071 0.3333
vn 0.6236 0.7071 0.3333
vn 0.5466 -0.7071 0.4486
vn 0.5466 0.7071 0.4486
vn 0.4486 -0.7071 0.5466
vn 0.4486 0.7071 0.5466
vn 0.3333 -0.7071 0.6236
vn 0.3333 0.7071 0.6236
vn 0.2053 -0.7071 0.6767
vn 0.2053 0.7071 0.6767
vn 0.0693 -0.7071 0.7037
vn 0.0693 0.7071 0.7037
vn -0.0693 -0.7071 0.7037
vn -0.0693 0.7071 0.7037
vn -0.2053 -0.7071 0.6767
vn -0.2053 0.7071 0.6767
vn -0.3333 -0.7071 0.6236
vn -0.3333 0.7071 0.6236
vn -0.4486 -0.7071 0.5466
vn -0.4486 0.7071 0.5466
vn -0.5466 -0.7071 0.4486
vn -0.5466 0.7071 0.4486
vn -0.6236 -0.7071 0.3333
vn -0.6236 0.7071 0.3333
vn -0.6767 -0.7071 0.2053
vn -0.6767 0.7071 0.2053
vn -0.7037 -0.7071 0.0693
vn -0.7037 0.7071 0.0693
vn -0.7037 -0.7071 -0.0693
vn -0.7037 0.7071 -0.0693
vn -0.6767 -0.7071 -0.2053
vn -0.6767 0.7071 -0.2053
vn -0.6236 -0.7071 -0.3333
vn -0.6236 0.7071 -0.3333
vn -0.5466 -0.7071 -0.4486
vn -0.5466 0.7071 -0.4486
vn -0.4486 -0.7071 -0.5466
vn -0.4486 0.7071 -0.5466
vn -0.3333 -0.7071 -0.6236
vn -0.3333 0.7071 -0.6236
vn -0.2053 -0.7071 -0.6767
vn -0.2053 0.7071 -0.6767
vn -0.0693 -0.7071 -0.7037
vn -0.0693 0.7071 -0.7037
vn -0.0796 0.5841 -0.8078
vn -0.0796 -0.5841 -0.8078
vn -0.2356 0.5841 -0.7767
vn -0.2356 -0.5841 -0.7767
vn -0.3826 0.5841 -0.7158
vn -0.3826 -0.5841 -0.7158
vn -0.5149 0.5841 -0.6274
vn -0.5149 -0.5841 -0.6274
vn -0.6274 0.5841 -0.5149
vn -0.6274 -0.5841 -0.5149
vn -0.7158 0.5841 -0.3826
vn -0.7158 -0.5841 -0.3826
vn -0.7767 0.5841 -0.2356
vn -0.7767 -0.5841 -0.2356
vn -0.8078 0.5841 -0.0796
vn -0.8078 -0.5841 -0.0796
vn -0.8078 0.5841 0.0796
vn -0.8078 -0.5841 0.0796
vn -0.7767 0.5841 0.2356
vn -0.7767 -0.5841 0.2356
vn -0.7158 0.5841 0.3826
vn -0.7158 -0.5841 0.3826
vn -0.6274 0.5841 0.5149
vn -0.6274 -0.5841 0.5149
vn -0.5149 0.5841 0.6274
vn -0.5149 -0.5841 0.6274
vn -0.3826 0.5841 0.7158
vn -0.3826 -0.5841 0.7158
vn -0.2356 0.5841 0.7767
vn -0.2356 -0.5841 0.7767
vn -0.0796 0.5841 0.8078
vn -0.0796 -0.5841 0.8078
vn 0.0796 0.5841 0.8078
vn 0.0796 -0.5841 0.8078
vn 0.2356 0.5841 0.7767
vn 0.2356 -0.5841 0.7767
vn 0.3826 0.5841 0.7158
vn 0.3826 -0.5841 0.7158
vn 0.5149 0.5841 0.6274
vn 0.5149 -0.5841 0.6274
vn 0.6274 0.5841 0.5149
vn 0.6274 -0.5841 0.5149
vn 0.7158 0.5841 0.3826
vn 0.7158 -0.5841 0.3826
vn 0.7767 0.5841 0.2356
vn 0.7767 -0.5841 0.2356
vn 0.8078 0.5841 0.0796
vn 0.8078 -0.5841 0.0796
vn 0.8078 0.5841 -0.0796
vn 0.8078 -0.5841 -0.0796
vn 0.7767 0.5841 -0.2356
vn 0.7767 -0.5841 -0.2356
vn 0.7158 0.5841 -0.3826
vn 0.7158 -0.5841 -0.3826
vn 0.6274 0.5841 -0.5149
vn 0.6274 -0.5841 -0.5149
vn 0.5149 0.5841 -0.6274
vn 0.5149 -0.5841 -0.6274
vn 0.3826 0.5841 -0.7158
vn 0.3826 -0.5841 -0.7158
vn 0.2356 0.5841 -0.7767
vn 0.2356 -0.5841 -0.7767
vn 0.0796 0.5841 -0.8078
vn 0.0796 -0.5841 -0.8078
vn 0.0980 -0.0000 -0.9952
vn -0.0000 -1.0000 -0.0000
vn -0.0980 -0.0000 -0.9952
vn -0.0000 1.0000 -0.0000
vn 0.2903 -0.0000 -0.9569
vn 0.4714 -0.0000 -0.8819
vn 0.6344 -0.0000 -0.7730
vn 0.7730 -0.0000 -0.6344
vn 0.8819 -0.0000 -0.4714
vn 0.9569 -0.0000 -0.2903
vn 0.9952 -0.0000 -0.0980
vn 0.9952 -0.0000 0.0980
vn 0.9569 -0.0000 0.2903
vn 0.8819 -0.0000 0.4714
vn 0.7730 -0.0000 0.6344
vn 0.6344 -0.0000 0.7730
vn 0.4714 -0.0000 0.8819
vn 0.2903 -0.0000 0.9569
vn 0.0980 -0.0000 0.9952
vn -0.0980 -0.0000 0.9952
vn -0.2903 -0.0000 0.9569
vn -0.4714 -0.0000 0.8819
vn -0.6344 -0.0000 0.7730
vn -0.7730 -0.0000 0.6344
vn -0.8819 -0.0000 0.4714
vn -0.9569 -0.0000 0.2903
vn -0.9952 -0.0000 0.0980
vn -0.9952 -0.0000 -0.0980
vn -0.9569 -0.0000 -0.2903
vn -0.8819 -0.0000 -0.4714
vn -0.7730 -0.0000 -0.6344
vn -0.6344 -0.0000 -0.7730
vn -0.4714 -0.0000 -0.8819
vn -0.2903 -0.0000 -0.9569
vn 0.0311 0.9482 -0.3161
vn -0.0311 0.9482 -0.3161
vn 0.0311 -0.9482 -0.3161
vn -0.0311 -0.9482 -0.3161
vn 0.0922 -0.9482 -0.3039
vn 0.0922 0.9482 -0.3039
vn 0.1497 -0.9482 -0.2801
vn 0.1497 0.9482 -0.2801
vn 0.2015 -0.9482 -0.2455
vn 0.2015 0.9482 -0.2455
vn 0.2455 -0.9482 -0.2015
vn 0.2455 0.9482 -0.2015
vn 0.2801 -0.9482 -0.1497
vn 0.2801 0.9482 -0.1497
vn 0.3039 -0.9482 -0.0922
vn 0.3039 0.9482 -0.0922
vn 0.3161 -0.9482 -0.0311
vn 0.3161 0.9482 -0.0311
vn 0.3161 -0.9482 0.0311
vn 0.3161 0.9482 0.0311
vn 0.3039 -0.9482 0.0922
vn 0.3039 0.9482 0.0922
vn 0.2801 -0.9482 0.1497
vn 0.2801 0.9482 0.1497
vn 0.2455 -0.9482 0.2015
vn 0.2455 0.9482 0.2015
vn 0.2015 -0.9482 0.2455
vn 0.2015 0.9482 0.2455
vn 0.1497 -0.9482 0.2801
vn 0.1497 0.9482 0.2801
vn 0.0922 -0.9482 0.3039
vn 0.0922 0.9482 0.3039
vn 0.0311 -0.9482 0.3161
vn 0.0311 0.9482 0.3161
vn -0.0311 -0.9482 0.3161
vn -0.0311 0.9482 0.3161
vn -0.0922 -0.9482 0.3039
vn -0.0922 0.9482 0.3039
vn -0.1497 -0.9482 0.2801
vn -0.1497 0.9482 0.2801
vn -0.2015 -0.9482 0.2455
vn -0.2015 0.9482 0.2455
vn -0.2455 -0.9482 0.2015
vn -0.2455 0.9482 0.2015
vn -0.2801 -0.9482 0.1497
vn -0.2801 0.9482 0.1497
vn -0.3039 -0.9482 0.0922
vn -0.3039 0.9482 0.0922
vn -0.3161 -0.9482 0.0311
vn -0.3161 0.9482 0.0311
vn -0.3161 -0.9482 -0.0311
vn -0.3161 0.9482 -0.0311
vn -0.3039 -0.9482 -0.0922
vn -0.3039 0.9482 -0.0922
vn -0.2801 -0.9482 -0.1497
vn -0.2801 0.9482 -0.1497
vn -0.2455 -0.9482 -0.2015
vn -0.2455 0.9482 -0.2015
vn -0.2015 -0.9482 -0.2455
vn -0.2015 0.9482 -0.2455
vn -0.1497 -0.9482 -0.2801
vn -0.1497 0.9482 -0.2801
vn -0.0922 -0.9482 -0.3039
vn -0.0922 0.9482 -0.3039
vt 0.750000 0.490000
vt 0.796822 0.485388
vt 0.789294 0.447544
vt 0.750000 0.451414
vt 0.296822 0.485388
vt 0.250000 0.490000
vt 0.250000 0.451414
vt 0.289294 0.447544
vt 0.841844 0.471731
vt 0.827078 0.436082
vt 0.341844 0.471731
vt 0.327078 0.436082
vt 0.883337 0.449553
vt 0.861900 0.417470
vt 0.383337 0.449553
vt 0.361900 0.417470
vt 0.919706 0.419706
vt 0.892421 0.392421
vt 0.419706 0.419706
vt 0.392421 0.392421
vt 0.949553 0.383337
vt 0.917470 0.361900
vt 0.449553 0.383337
vt 0.417470 0.361900
vt 0.971731 0.341844
vt 0.936083 0.327078
vt 0.471731 0.341844
vt 0.436082 0.327078
vt 0.985388 0.296822
vt 0.947544 0.289294
vt 0.485388 0.296822
vt 0.447544 0.289294
vt 0.990000 0.250000
vt 0.951414 0.250000
vt 0.490000 0.250000
vt 0.451414 0.250000
vt 0.985388 0.203178
vt 0.947544 0.210706
vt 0.485388 0.203178
vt 0.447544 0.210706
vt 0.971731 0.158156
vt 0.936082 0.172922
vt 0.471731 0.158156
vt 0.436082 0.172922
vt 0.949553 0.116663
vt 0.917470 0.138100
vt 0.449553 0.116663
vt 0.417470 0.138100
vt 0.919706 0.080294
vt 0.892421 0.107579
vt 0.419706 0.080294
vt 0.392421 0.107579
vt 0.883337 0.050447
vt 0.861900 0.082530
vt 0.383337 0.050447
vt 0.361900 0.082530
vt 0.841844 0.028269
vt 0.827078 0.063918
vt 0.341844 0.028269
vt 0.327078 0.063918
vt 0.796822 0.014612
vt 0.789294 0.052456
vt 0.296822 0.014612
vt 0.289294 0.052456
vt 0.750000 0.010000
vt 0.750000 0.048586
vt 0.250000 0.010000
vt 0.250000 0.048586
vt 0.703178 0.014612
vt 0.710706 0.052456
vt 0.203178 0.014612
vt 0.210706 0.052456
vt 0.658156 0.028269
vt 0.672922 0.063918
vt 0.158156 0.028269
vt 0.172922 0.063918
vt 0.616663 0.050447
vt 0.638100 0.082530
vt 0.116663 0.050447
vt 0.138100 0.082530
vt 0.580294 0.080294
vt 0.607579 0.107579
vt 0.080294 0.080294
vt 0.107579 0.107579
vt 0.550447 0.116663
vt 0.582530 0.138100
vt 0.050447 0.116663
vt 0.082530 0.138100
vt 0.528269 0.158156
vt 0.563918 0.172922
vt 0.028269 0.158156
vt 0.063918 0.172922
vt 0.514612 0.203178
vt 0.552456 0.210706
vt 0.014612 0.203178
vt 0.052456 0.210706
vt 0.510000 0.250000
vt 0.548586 0.250000
vt 0.010000 0.250000
vt 0.048586 0.250000
vt 0.514612 0.296822
vt 0.552456 0.289294
vt 0.014612 0.296822
vt 0.052456 0.289294
vt 0.528269 0.341844
vt 0.563918 0.327078
vt 0.028269 0.341844
vt 0.063918 0.327078
vt 0.550447 0.383337
vt 0.582530 0.361900
vt 0.050447 0.383337
vt 0.082530 0.361900
vt 0.580294 0.419706
vt 0.607579 0.392421
vt 0.080294 0.419706
vt 0.107579 0.392421
vt 0.616663 0.449553
vt 0.638100 0.417470
vt 0.116663 0.449553
vt 0.138100 0.417470
vt 0.658156 0.471731
vt 0.672922 0.436082
vt 0.158156 0.471731
vt 0.172922 0.436082
vt 0.703178 0.485388
vt 0.710706 0.447544
vt 0.203178 0.485388
vt 0.210706 0.447544
vt 0.031250 0.666667
vt 0.000000 0.666667
vt 0.000000 0.626667
vt 0.031250 0.626667
vt 0.031250 0.873333
vt 0.000000 0.873333
vt 0.000000 0.833333
vt 0.031250 0.833333
vt 0.062500 0.666667
vt 0.062500 0.626667
vt 0.062500 0.873333
vt 0.062500 0.833333
vt 0.093750 0.666667
vt 0.093750 0.626667
vt 0.093750 0.873333
vt 0.093750 0.833333
vt 0.125000 0.666667
vt 0.125000 0.626667
vt 0.125000 0.873333
vt 0.125000 0.833333
vt 0.156250 0.666667
vt 0.156250 0.626667
vt 0.156250 0.873333
vt 0.156250 0.833333
vt 0.187500 0.666667
vt 0.187500 0.626667
vt 0.187500 0.873333
vt 0.187500 0.833333
vt 0.218750 0.666667
vt 0.218750 0.626667
vt 0.218750 0.873333
vt 0.218750 0.833333
vt 0.250000 0.666667
vt 0.250000 0.626667
vt 0.250000 0.873333
vt 0.250000 0.833333
vt 0.281250 0.666667
vt 0.281250 0.626667
vt 0.281250 0.873333
vt 0.281250 0.833333
vt 0.312500 0.666667
vt 0.312500 0.626667
vt 0.312500 0.873333
vt 0.312500 0.833333
vt 0.343750 0.666667
vt 0.343750 0.626667
vt 0.343750 0.873333
vt 0.343750 0.833333
vt 0.375000 0.666667
vt 0.375000 0.626667
vt 0.375000 0.873333
vt 0.375000 0.833333
vt 0.406250 0.666667
vt 0.406250 0.626667
vt 0.406250 0.873333
vt 0.406250 0.833333
vt 0.437500 0.666667
vt 0.437500 0.626667
vt 0.437500 0.873333
vt 0.437500 0.833333
vt 0.468750 0.666667
vt 0.468750 0.626667
vt 0.468750 0.873333
vt 0.468750 0.833333
vt 0.500000 0.666667
vt 0.500000 0.626667
vt 0.500000 0.873333
vt 0.500000 0.833333
vt 0.531250 0.666667
vt 0.531250 0.626667
vt 0.531250 0.873333
vt 0.531250 0.833333
vt 0.562500 0.666667
vt 0.562500 0.626667
vt 0.562500 0.873333
vt 0.562500 0.833333
vt 0.593750 0.666667
vt 0.593750 0.626667
vt 0.593750 0.873333
vt 0.593750 0.833333
vt 0.625000 0.666667
vt 0.625000 0.626667
vt 0.625000 0.873333
vt 0.625000 0.833333
vt 0.656250 0.666667
vt 0.656250 0.626667
vt 0.656250 0.873333
vt 0.656250 0.833333
vt 0.687500 0.666667
vt 0.687500 0.626667
vt 0.687500 0.873333
vt 0.687500 0.833333
vt 0.718750 0.666667
vt 0.718750 0.626667
vt 0.718750 0.873333
vt 0.718750 0.833333
vt 0.750000 0.666667
vt 0.750000 0.626667
vt 0.750000 0.873333
vt 0.750000 0.833333
vt 0.781250 0.666667
vt 0.781250 0.626667
vt 0.781250 0.873333
vt 0.781250 0.833333
vt 0.812500 0.666667
vt 0.812500 0.626667
vt 0.812500 0.873333
vt 0.812500 0.833333
vt 0.843750 0.666667
vt 0.843750 0.626667
vt 0.843750 0.873333
vt 0.843750 0.833333
vt 0.875000 0.666667
vt 0.875000 0.626667
vt 0.875000 0.873333
vt 0.875000 0.833333
vt 0.906250 0.666667
vt 0.906250 0.626667
vt 0.906250 0.873333
vt 0.906250 0.833333
vt 0.937500 0.666667
vt 0.937500 0.626667
vt 0.937500 0.873333
vt 0.937500 0.833333
vt 0.968750 0.666667
vt 0.968750 0.626667
vt 0.968750 0.873333
vt 0.968750 0.833333
vt 1.000000 0.666667
vt 1.000000 0.626667
vt 1.000000 0.873333
vt 1.000000 0.833333
vt 0.031250 0.730506
vt 0.000000 0.730506
vt 0.000000 0.769494
vt 0.031250 0.769494
vt 0.062500 0.730506
vt 0.062500 0.769494
vt 0.093750 0.730506
vt 0.093750 0.833333
vt 0.093750 0.769494
vt 0.125000 0.730506
vt 0.125000 0.769494
vt 0.156250 0.730506
vt 0.156250 0.769494
vt 0.187500 0.730506
vt 0.187500 0.769494
vt 0.218750 0.730506
vt 0.218750 0.833333
vt 0.218750 0.769494
vt 0.250000 0.730506
vt 0.250000 0.769494
vt 0.281250 0.730506
vt 0.281250 0.769494
vt 0.312500 0.730506
vt 0.312500 0.769494
vt 0.343750 0.730506
vt 0.343750 0.833333
vt 0.343750 0.769494
vt 0.375000 0.730506
vt 0.375000 0.769494
vt 0.406250 0.730506
vt 0.406250 0.769494
vt 0.437500 0.730506
vt 0.437500 0.769494
vt 0.468750 0.730506
vt 0.468750 0.833333
vt 0.468750 0.769494
vt 0.500000 0.730506
vt 0.500000 0.769494
vt 0.531250 0.730506
vt 0.531250 0.769494
vt 0.562500 0.730506
vt 0.562500 0.769494
vt 0.593750 0.730506
vt 0.593750 0.833333
vt 0.593750 0.769494
vt 0.625000 0.730506
vt 0.625000 0.833333
vt 0.625000 0.769494
vt 0.656250 0.730506
vt 0.656250 0.769494
vt 0.687500 0.730506
vt 0.687500 0.769494
vt 0.718750 0.730506
vt 0.718750 0.833333
vt 0.718750 0.769494
vt 0.750000 0.730506
vt 0.750000 0.769494
vt 0.781250 0.730506
vt 0.781250 0.769494
vt 0.812500 0.730506
vt 0.812500 0.769494
vt 0.843750 0.730506
vt 0.843750 0.833333
vt 0.843750 0.769494
vt 0.875000 0.730506
vt 0.875000 0.769494
vt 0.906250 0.730506
vt 0.906250 0.769494
vt 0.937500 0.730506
vt 0.937500 0.833333
vt 0.937500 0.769494
vt 0.968750 0.730506
vt 0.968750 0.833333
vt 0.968750 0.769494
vt 1.000000 0.730506
vt 1.000000 0.769494
vt 1.000000 0.540000
vt 0.968750 0.540000
vt 0.031250 0.540000
vt 0.000000 0.540000
vt 1.000000 0.960000
vt 0.968750 0.960000
vt 0.031250 0.960000
vt 0.000000 0.960000
vt 0.937500 0.540000
vt 0.937500 0.960000
vt 0.906250 0.540000
vt 0.906250 0.960000
vt 0.875000 0.540000
vt 0.875000 0.960000
vt 0.843750 0.540000
vt 0.843750 0.960000
vt 0.812500 0.540000
vt 0.812500 0.960000
vt 0.781250 0.540000
vt 0.781250 0.960000
vt 0.750000 0.540000
vt 0.750000 0.960000
vt 0.718750 0.540000
vt 0.718750 0.960000
vt 0.687500 0.540000
vt 0.687500 0.960000
vt 0.656250 0.540000
vt 0.656250 0.960000
vt 0.625000 0.540000
vt 0.625000 0.960000
vt 0.593750 0.540000
vt 0.593750 0.960000
vt 0.562500 0.540000
vt 0.562500 0.960000
vt 0.531250 0.540000
vt 0.531250 0.960000
vt 0.500000 0.540000
vt 0.500000 0.960000
vt 0.468750 0.540000
vt 0.468750 0.960000
vt 0.437500 0.540000
vt 0.437500 0.960000
vt 0.406250 0.540000
vt 0.406250 0.960000
vt 0.375000 0.540000
vt 0.375000 0.960000
vt 0.343750 0.540000
vt 0.343750 0.960000
vt 0.312500 0.540000
vt 0.312500 0.960000
vt 0.281250 0.540000
vt 0.281250 0.960000
vt 0.250000 0.540000
vt 0.250000 0.960000
vt 0.218750 0.540000
vt 0.218750 0.960000
vt 0.187500 0.540000
vt 0.187500 0.960000
vt 0.156250 0.540000
vt 0.156250 0.960000
vt 0.125000 0.540000
vt 0.125000 0.960000
vt 0.093750 0.540000
vt 0.093750 0.960000
vt 0.062500 0.540000
vt 0.062500 0.960000
s 0
f 150/74/64 154/75/64 153/76/64 149/77/64
f 156/78/65 152/79/65 151/80/65 155/81/65
f 154/75/66 158/82/66 157/83/66 153/76/66
f 160/84/67 156/78/67 155/81/67 159/85/67
f 158/82/68 162/86/68 161/87/68 157/83/68
f 164/88/69 160/84/69 159/85/69 163/89/69
f 162/86/70 166/90/70 165/91/70 161/87/70
f 168/92/71 164/88/71 163/89/71 167/93/71
f 166/90/72 170/94/72 169/95/72 165/91/72
f 172/96/73 168/92/73 167/93/73 171/97/73
f 170/94/74 174/98/74 173/99/74 169/95/74
f 176/100/75 172/96/75 171/97/75 175/101/75
f 174/98/76 178/102/76 177/103/76 173/99/76
f 180/104/77 176/100/77 175/101/77 179/105/77
f 178/102/78 182/106/78 181/107/78 177/103/78
f 184/108/79 180/104/79 179/105/79 183/109/79
f 182/106/80 186/110/80 185/111/80 181/107/80
f 188/112/81 184/108/81 183/109/81 187/113/81
f 186/110/82 190/114/82 189/115/82 185/111/82
f 192/116/83 188/112/83 187/113/83 191/117/83
f 190/114/84 194/118/84 193/119/84 189/115/84
f 196/120/85 192/116/85 191/117/85 195/121/85
f 194/118/86 198/122/86 197/123/86 193/119/86
f 200/124/87 196/120/87 195/121/87 199/125/87
f 198/122/88 202/126/88 201/127/88 197/123/88
f 204/128/89 200/124/89 199/125/89 203/129/89
f 202/126/90 206/130/90 205/131/90 201/127/90
f 208/132/91 204/128/91 203/129/91 207/133/91
f 206/130/92 210/134/92 209/135/92 205/131/92
f 212/136/93 208/132/93 207/133/93 211/137/93
f 210/134/94 214/138/94 213/139/94 209/135/94
f 216/140/95 212/136/95 211/137/95 215/141/95
f 214/138/96 218/142/96 217/143/96 213/139/96
f 220/144/97 216/140/97 215/141/97 219/145/97
f 218/142/98 222/146/98 221/147/98 217/143/98
f 224/148/99 220/144/99 219/145/99 223/149/99
f 222/146/100 226/150/100 225/151/100 221/147/100
f 228/152/101 224/148/101 223/149/101 227/153/101
f 226/150/102 230/154/102 229/155/102 225/151/102
f 232/156/103 228/152/103 227/153/103 231/157/103
f 230/154/104 234/158/104 233/159/104 229/155/104
f 236/160/105 232/156/105 231/157/105 235/161/105
f 234/158/106 238/162/106 237/163/106 233/159/106
f 240/164/107 236/160/107 235/161/107 239/165/107
f 238/162/108 242/166/108 241/167/108 237/163/108
f 244/168/109 240/164/109 239/165/109 243/169/109
f 242/166/110 246/170/110 245/171/110 241/167/110
f 248/172/111 244/168/111 243/169/111 247/173/111
f 246/170/112 250/174/112 249/175/112 245/171/112
f 252/176/113 248/172/113 247/173/113 251/177/113
f 250/174/114 254/178/114 253/179/114 249/175/114
f 256/180/115 252/176/115 251/177/115 255/181/115
f 254/178/116 258/182/116 257/183/116 253/179/116
f 260/184/117 256/180/117 255/181/117 259/185/117
f 258/182/118 262/186/118 261/187/118 257/183/118
f 264/188/119 260/184/119 259/185/119 263/189/119
f 262/186/120 266/190/120 265/191/120 261/187/120
f 268/192/121 264/188/121 263/189/121 267/193/121
f 266/190/122 270/194/122 269/195/122 265/191/122
f 272/196/123 268/192/123 267/193/123 271/197/123
f 270/194/124 274/198/124 273/199/124 269/195/124
f 276/200/125 272/196/125 271/197/125 275/201/125
f 274/198/126 150/74/126 149/77/126 273/199/126
f 152/79/127 276/200/127 275/201/127 151/80/127
f 404/202/128 277/203/128 278/204/128 403/205/128
f 402/206/129 279/207/129 280/208/129 401/209/129
f 400/210/130 404/202/130 403/205/130 399/211/130
f 398/212/131 402/206/131 401/209/131 397/213/131
f 396/214/132 400/210/132 399/211/132 395/215/132
f 394/216/133 398/212/133 397/213/133 393/217/133
f 392/218/134 396/214/134 395/215/134 391/219/134
f 390/220/135 394/216/135 393/217/135 389/221/135
f 388/222/136 392/218/136 391/219/136 387/223/136
f 386/224/137 390/220/137 389/221/137 385/225/137
f 384/226/138 388/222/138 387/223/138 383/227/138
f 382/228/139 386/224/139 385/225/139 381/229/139
f 380/230/140 384/226/140 383/227/140 379/231/140
f 378/232/141 382/228/141 381/229/141 377/233/141
f 376/234/142 380/230/142 379/231/142 375/235/142
f 374/236/143 378/232/143 377/233/143 373/237/143
f 372/238/144 376/234/144 375/235/144 371/239/144
f 370/240/145 374/236/145 373/237/145 369/241/145
f 368/242/146 372/238/146 371/239/146 367/243/146
f 366/244/147 370/240/147 369/241/147 365/245/147
f 364/246/148 368/242/148 367/243/148 363/247/148
f 362/248/149 366/244/149 365/245/149 361/249/149
f 360/250/150 364/246/150 363/247/150 359/251/150
f 358/252/151 362/248/151 361/249/151 357/253/151
f 356/254/152 360/250/152 359/251/152 355/255/152
f 354/256/153 358/252/153 357/253/153 353/257/153
f 352/258/154 356/254/154 355/255/154 351/259/154
f 350/260/155 354/256/155 353/257/155 349/261/155
f 348/262/156 352/258/156 351/259/156 347/263/156
f 346/264/157 350/260/157 349/261/157 345/265/157
f 344/266/158 348/262/158 347/263/158 343/267/158
f 342/268/159 346/264/159 345/265/159 341/269/159
f 340/270/160 344/266/160 343/267/160 339/271/160
f 338/272/161 342/268/161 341/269/161 337/273/161
f 336/274/162 340/270/162 339/271/162 335/275/162
f 334/276/163 338/272/163 337/273/163 333/277/163
f 332/278/164 336/274/164 335/275/164 331/279/164
f 330/280/165 334/276/165 333/277/165 329/281/165
f 328/282/166 332/278/166 331/279/166 327/283/166
f 326/284/167 330/280/167 329/281/167 325/285/167
f 324/286/168 328/282/168 327/283/168 323/287/168
f 322/288/169 326/284/169 325/285/169 321/289/169
f 320/290/170 324/286/170 323/287/170 319/291/170
f 318/292/171 322/288/171 321/289/171 317/293/171
f 316/294/172 320/290/172 319/291/172 315/295/172
f 314/296/173 318/292/173 317/293/173 313/297/173
f 312/298/174 316/294/174 315/295/174 311/299/174
f 310/300/175 314/296/175 313/297/175 309/301/175
f 308/302/176 312/298/176 311/299/176 307/303/176
f 306/304/177 310/300/177 309/301/177 305/305/177
f 304/306/178 308/302/178 307/303/178 303/307/178
f 302/308/179 306/304/179 305/305/179 301/309/179
f 300/310/180 304/306/180 303/307/180 299/311/180
f 298/312/181 302/308/181 301/309/181 297/313/181
f 296/314/182 300/310/182 299/311/182 295/315/182
f 294/316/183 298/312/183 297/313/183 293/317/183
f 292/318/184 296/314/184 295/315/184 291/319/184
f 290/320/185 294/316/185 293/317/185 289/321/185
f 288/322/186 292/318/186 291/319/186 287/323/186
f 286/324/187 290/320/187 289/321/187 285/325/187
f 284/326/188 288/322/188 287/323/188 283/327/188
f 282/328/189 286/324/189 285/325/189 281/329/189
f 277/330/190 284/326/190 283/327/190 278/331/190
f 279/332/191 282/328/191 281/329/191 280/333/191
f 532/334/128 405/335/128 406/203/128 531/202/128
f 530/209/129 407/208/129 408/336/129 529/337/129
f 528/338/130 532/334/130 531/202/130 527/210/130
f 526/213/131 530/209/131 529/337/131 525/339/131
f 524/340/132 528/338/132 527/210/132 523/214/132
f 522/341/133 526/213/133 525/339/133 521/342/133
f 520/343/134 524/340/134 523/214/134 519/218/134
f 518/221/135 522/341/135 521/342/135 517/344/135
f 516/345/136 520/343/136 519/218/136 515/222/136
f 514/225/137 518/221/137 517/344/137 513/346/137
f 512/347/138 516/345/138 515/222/138 511/226/138
f 510/229/139 514/225/139 513/346/139 509/348/139
f 508/349/140 512/347/140 511/226/140 507/230/140
f 506/350/141 510/229/141 509/348/141 505/351/141
f 504/352/142 508/349/142 507/230/142 503/234/142
f 502/237/143 506/350/143 505/351/143 501/353/143
f 500/354/144 504/352/144 503/234/144 499/238/144
f 498/241/145 502/237/145 501/353/145 497/355/145
f 496/356/146 500/354/146 499/238/146 495/242/146
f 494/245/147 498/241/147 497/355/147 493/357/147
f 492/358/148 496/356/148 495/242/148 491/246/148
f 490/359/149 494/245/149 493/357/149 489/360/149
f 488/361/150 492/358/150 491/246/150 487/250/150
f 486/253/151 490/359/151 489/360/151 485/362/151
f 484/363/152 488/361/152 487/250/152 483/254/152
f 482/257/153 486/253/153 485/362/153 481/364/153
f 480/365/154 484/363/154 483/254/154 479/258/154
f 478/261/155 482/257/155 481/364/155 477/366/155
f 476/367/156 480/365/156 479/258/156 475/262/156
f 474/368/157 478/261/157 477/366/157 473/369/157
f 472/370/158 476/367/158 475/262/158 471/266/158
f 470/269/159 474/368/159 473/369/159 469/371/159
f 468/372/160 472/370/160 471/266/160 467/270/160
f 466/273/161 470/269/161 469/371/161 465/373/161
f 464/374/162 468/372/162 467/270/162 463/274/162
f 462/277/163 466/273/163 465/373/163 461/375/163
f 460/376/164 464/374/164 463/274/164 459/278/164
f 458/377/165 462/277/165 461/375/165 457/378/165
f 456/379/166 460/376/166 459/278/166 455/282/166
f 454/380/167 458/377/167 457/378/167 453/381/167
f 452/382/168 456/379/168 455/282/168 451/286/168
f 450/289/169 454/380/169 453/381/169 449/383/169
f 448/384/170 452/382/170 451/286/170 447/290/170
f 446/293/171 450/289/171 449/383/171 445/385/171
f 444/386/172 448/384/172 447/290/172 443/294/172
f 442/387/173 446/293/173 445/385/173 441/388/173
f 440/389/174 444/386/174 443/294/174 439/298/174
f 438/301/175 442/387/175 441/388/175 437/390/175
f 436/391/176 440/389/176 439/298/176 435/302/176
f 434/305/177 438/301/177 437/390/177 433/392/177
f 432/393/178 436/391/178 435/302/178 431/306/178
f 430/309/179 434/305/179 433/392/179 429/394/179
f 428/395/180 432/393/180 431/306/180 427/310/180
f 426/396/181 430/309/181 429/394/181 425/397/181
f 424/398/182 428/395/182 427/310/182 423/314/182
f 422/317/183 426/396/183 425/397/183 421/399/183
f 420/400/184 424/398/184 423/314/184 419/318/184
f 418/321/185 422/317/185 421/399/185 417/401/185
f 416/402/186 420/400/186 419/318/186 415/322/186
f 414/403/187 418/321/187 417/401/187 413/404/187
f 412/405/188 416/402/188 415/322/188 411/326/188
f 410/406/189 414/403/189 413/404/189 409/407/189
f 405/408/190 412/405/190 411/326/190 406/330/190
f 407/333/191 410/406/191 409/407/191 408/409/191
f 150/410/192 278/331/192 283/327/192 154/411/192
f 149/77/193 153/76/193 157/83/193 161/87/193 165/91/193 169/95/193 173/99/193 177/103/193 181/107/193 185/111/193 189/115/193 193/119/193 197/123/193 201/127/193 205/131/193 209/135/193 213/139/193 217/143/193 221/147/193 225/151/193 229/155/193 233/159/193 237/163/193 241/167/193 245/171/193 249/175/193 253/179/193 257/183/193 261/187/193 265/191/193 269/195/193 273/199/193
f 274/412/194 403/205/194 278/204/194 150/413/194
f 155/81/195 151/80/195 275/201/195 271/197/195 267/193/195 263/189/195 259/185/195 255/181/195 251/177/195 247/173/195 243/169/195 239/165/195 235/161/195 231/157/195 227/153/195 223/149/195 219/145/195 215/141/195 211/137/195 207/133/195 203/129/195 199/125/195 195/121/195 191/117/195 187/113/195 183/109/195 179/105/195 175/101/195 171/97/195 167/93/195 163/89/195 159/85/195
f 279/332/192 152/414/192 156/415/192 282/328/192
f 402/206/194 276/416/194 152/417/194 279/207/194
f 154/411/196 283/327/196 287/323/196 158/418/196
f 282/328/196 156/415/196 160/419/196 286/324/196
f 158/418/197 287/323/197 291/319/197 162/420/197
f 286/324/197 160/419/197 164/421/197 290/320/197
f 162/420/198 291/319/198 295/315/198 166/422/198
f 290/320/198 164/421/198 168/423/198 294/316/198
f 166/422/199 295/315/199 299/311/199 170/424/199
f 294/316/199 168/423/199 172/425/199 298/312/199
f 170/424/200 299/311/200 303/307/200 174/426/200
f 298/312/200 172/425/200 176/427/200 302/308/200
f 174/426/201 303/307/201 307/303/201 178/428/201
f 302/308/201 176/427/201 180/429/201 306/304/201
f 178/428/202 307/303/202 311/299/202 182/430/202
f 306/304/202 180/429/202 184/431/202 310/300/202
f 182/430/203 311/299/203 315/295/203 186/432/203
f 310/300/203 184/431/203 188/433/203 314/296/203
f 186/432/204 315/295/204 319/291/204 190/434/204
f 314/296/204 188/433/204 192/435/204 318/292/204
f 190/434/205 319/291/205 323/287/205 194/436/205
f 318/292/205 192/435/205 196/437/205 322/288/205
f 194/436/206 323/287/206 327/283/206 198/438/206
f 322/288/206 196/437/206 200/439/206 326/284/206
f 198/438/207 327/283/207 331/279/207 202/440/207
f 326/284/207 200/439/207 204/441/207 330/280/207
f 202/440/208 331/279/208 335/275/208 206/442/208
f 330/280/208 204/441/208 208/443/208 334/276/208
f 206/442/209 335/275/209 339/271/209 210/444/209
f 334/276/209 208/443/209 212/445/209 338/272/209
f 210/444/210 339/271/210 343/267/210 214/446/210
f 338/272/210 212/445/210 216/447/210 342/268/210
f 214/446/211 343/267/211 347/263/211 218/448/211
f 342/268/211 216/447/211 220/449/211 346/264/211
f 218/448/212 347/263/212 351/259/212 222/450/212
f 346/264/212 220/449/212 224/451/212 350/260/212
f 222/450/213 351/259/213 355/255/213 226/452/213
f 350/260/213 224/451/213 228/453/213 354/256/213
f 226/452/214 355/255/214 359/251/214 230/454/214
f 354/256/214 228/453/214 232/455/214 358/252/214
f 230/454/215 359/251/215 363/247/215 234/456/215
f 358/252/215 232/455/215 236/457/215 362/248/215
f 234/456/216 363/247/216 367/243/216 238/458/216
f 362/248/216 236/457/216 240/459/216 366/244/216
f 238/458/217 367/243/217 371/239/217 242/460/217
f 366/244/217 240/459/217 244/461/217 370/240/217
f 242/460/218 371/239/218 375/235/218 246/462/218
f 370/240/218 244/461/218 248/463/218 374/236/218
f 246/462/219 375/235/219 379/231/219 250/464/219
f 374/236/219 248/463/219 252/465/219 378/232/219
f 250/464/220 379/231/220 383/227/220 254/466/220
f 378/232/220 252/465/220 256/467/220 382/228/220
f 254/466/221 383/227/221 387/223/221 258/468/221
f 382/228/221 256/467/221 260/469/221 386/224/221
f 258/468/222 387/223/222 391/219/222 262/470/222
f 386/224/222 260/469/222 264/471/222 390/220/222
f 262/470/223 391/219/223 395/215/223 266/472/223
f 390/220/223 264/471/223 268/473/223 394/216/223
f 266/472/224 395/215/224 399/211/224 270/474/224
f 394/216/224 268/473/224 272/475/224 398/212/224
f 270/474/225 399/211/225 403/205/225 274/412/225
f 398/212/225 272/475/225 276/416/225 402/206/225
f 284/326/226 277/330/226 406/330/226 411/326/226
f 277/203/227 404/202/227 531/202/227 406/203/227
f 280/333/228 281/329/228 410/406/228 407/333/228
f 401/209/229 280/208/229 407/208/229 530/209/229
f 281/329/230 285/325/230 414/403/230 410/406/230
f 288/322/231 284/326/231 411/326/231 415/322/231
f 285/325/232 289/321/232 418/321/232 414/403/232
f 292/318/233 288/322/233 415/322/233 419/318/233
f 289/321/234 293/317/234 422/317/234 418/321/234
f 296/314/235 292/318/235 419/318/235 423/314/235
f 293/317/236 297/313/236 426/396/236 422/317/236
f 300/310/237 296/314/237 423/314/237 427/310/237
f 297/313/238 301/309/238 430/309/238 426/396/238
f 304/306/239 300/310/239 427/310/239 431/306/239
f 301/309/240 305/305/240 434/305/240 430/309/240
f 308/302/241 304/306/241 431/306/241 435/302/241
f 305/305/242 309/301/242 438/301/242 434/305/242
f 312/298/243 308/302/243 435/302/243 439/298/243
f 309/301/244 313/297/244 442/387/244 438/301/244
f 316/294/245 312/298/245 439/298/245 443/294/245
f 313/297/246 317/293/246 446/293/246 442/387/246
f 320/290/247 316/294/247 443/294/247 447/290/247
f 317/293/248 321/289/248 450/289/248 446/293/248
f 324/286/249 320/290/249 447/290/249 451/286/249
f 321/289/250 325/285/250 454/380/250 450/289/250
f 328/282/251 324/286/251 451/286/251 455/282/251
f 325/285/252 329/281/252 458/377/252 454/380/252
f 332/278/253 328/282/253 455/282/253 459/278/253
f 329/281/254 333/277/254 462/277/254 458/377/254
f 336/274/255 332/278/255 459/278/255 463/274/255
f 333/277/256 337/273/256 466/273/256 462/277/256
f 340/270/257 336/274/257 463/274/257 467/270/257
f 337/273/258 341/269/258 470/269/258 466/273/258
f 344/266/259 340/270/259 467/270/259 471/266/259
f 341/269/260 345/265/260 474/368/260 470/269/260
f 348/262/261 344/266/261 471/266/261 475/262/261
f 345/265/262 349/261/262 478/261/262 474/368/262
f 352/258/263 348/262/263 475/262/263 479/258/263
f 349/261/264 353/257/264 482/257/264 478/261/264
f 356/254/265 352/258/265 479/258/265 483/254/265
f 353/257/266 357/253/266 486/253/266 482/257/266
f 360/250/267 356/254/267 483/254/267 487/250/267
f 357/253/268 361/249/268 490/359/268 486/253/268
f 364/246/269 360/250/269 487/250/269 491/246/269
f 361/249/270 365/245/270 494/245/270 490/359/270
f 368/242/271 364/246/271 491/246/271 495/242/271
f 365/245/272 369/241/272 498/241/272 494/245/272
f 372/238/273 368/242/273 495/242/273 499/238/273
f 369/241/274 373/237/274 502/237/274 498/241/274
f 376/234/275 372/238/275 499/238/275 503/234/275
f 373/237/276 377/233/276 506/350/276 502/237/276
f 380/230/277 376/234/277 503/234/277 507/230/277
f 377/233/278 381/229/278 510/229/278 506/350/278
f 384/226/279 380/230/279 507/230/279 511/226/279
f 381/229/280 385/225/280 514/225/280 510/229/280
f 388/222/281 384/226/281 511/226/281 515/222/281
f 385/225/282 389/221/282 518/221/282 514/225/282
f 392/218/283 388/222/283 515/222/283 519/218/283
f 389/221/284 393/217/284 522/341/284 518/221/284
f 396/214/285 392/218/285 519/218/285 523/214/285
f 393/217/286 397/213/286 526/213/286 522/341/286
f 400/210/287 396/214/287 523/214/287 527/210/287
f 397/213/288 401/209/288 530/209/288 526/213/288
f 404/202/289 400/210/289 527/210/289 531/202/289
f 405/408/192 408/409/192 409/407/192 412/405/192
f 532/334/194 529/337/194 408/336/194 405/335/194
f 412/405/196 409/407/196 413/404/196 416/402/196
f 416/402/197 413/404/197 417/401/197 420/400/197
f 420/400/198 417/401/198 421/399/198 424/398/198
f 424/398/199 421/399/199 425/397/199 428/395/199
f 428/395/200 425/397/200 429/394/200 432/393/200
f 432/393/201 429/394/201 433/392/201 436/391/201
f 436/391/202 433/392/202 437/390/202 440/389/202
f 440/389/203 437/390/203 441/388/203 444/386/203
f 444/386/204 441/388/204 445/385/204 448/384/204
f 448/384/205 445/385/205 449/383/205 452/382/205
f 452/382/206 449/383/206 453/381/206 456/379/206
f 456/379/207 453/381/207 457/378/207 460/376/207
f 460/376/208 457/378/208 461/375/208 464/374/208
f 464/374/209 461/375/209 465/373/209 468/372/209
f 468/372/210 465/373/210 469/371/210 472/370/210
f 472/370/211 469/371/211 473/369/211 476/367/211
f 476/367/212 473/369/212 477/366/212 480/365/212
f 480/365/213 477/366/213 481/364/213 484/363/213
f 484/363/214 481/364/214 485/362/214 488/361/214
f 488/361/215 485/362/215 489/360/215 492/358/215
f 492/358/216 489/360/216 493/357/216 496/356/216
f 496/356/217 493/357/217 497/355/217 500/354/217
f 500/354/218 497/355/218 501/353/218 504/352/218
f 504/352/219 501/353/219 505/351/219 508/349/219
f 508/349/220 505/351/220 509/348/220 512/347/220
f 512/347/221 509/348/221 513/346/221 516/345/221
f 516/345/222 513/346/222 517/344/222 520/343/222
f 520/343/223 517/344/223 521/342/223 524/340/223
f 524/340/224 521/342/224 525/339/224 528/338/224
f 528/338/225 525/339/225 529/337/225 532/334/225
o Sphere
v -24.233118 2.022533 0.000000
v -24.233118 1.736373 -0.943342
v -24.233118 1.267904 -1.411811
v -24.233118 0.655819 -1.665345
v -24.233118 0.324562 -1.697971
v -24.233118 -0.006696 -1.665345
v -24.233118 -0.618781 -1.411811
v -24.233118 -1.373410 0.000000
v -24.168493 1.989907 -0.324893
v -24.106352 1.893282 -0.637300
v -24.049082 1.736373 -0.925216
v -23.998884 1.525209 -1.177577
v -23.957687 1.267904 -1.384684
v -23.927076 0.974347 -1.538578
v -23.908226 0.655819 -1.633346
v -23.901861 0.324562 -1.665345
v -23.908226 -0.006696 -1.633346
v -23.927076 -0.325224 -1.538578
v -23.957687 -0.618781 -1.384684
v -23.998884 -0.876085 -1.177577
v -24.049082 -1.087250 -0.925216
v -24.106352 -1.244159 -0.637300
v -24.168493 -1.340784 -0.324893
v -24.106352 1.989907 -0.306042
v -23.984455 1.893282 -0.600323
v -23.872116 1.736373 -0.871535
v -23.773651 1.525209 -1.109253
v -23.692841 1.267904 -1.304343
v -23.632795 0.974347 -1.449309
v -23.595818 0.655819 -1.538578
v -23.583332 0.324562 -1.568721
v -23.595818 -0.006696 -1.538578
v -23.632795 -0.325224 -1.449309
v -23.692841 -0.618781 -1.304343
v -23.773651 -0.876085 -1.109253
v -23.872116 -1.087250 -0.871535
v -23.984455 -1.244159 -0.600323
v -24.106352 -1.340784 -0.306042
v -24.049082 1.989907 -0.275431
v -23.872116 1.893282 -0.540277
v -23.709024 1.736373 -0.784360
v -23.566074 1.525209 -0.998301
v -23.448757 1.267904 -1.173878
v -23.361584 0.974347 -1.304344
v -23.307901 0.655819 -1.384684
v -23.289776 0.324562 -1.411811
v -23.307901 -0.006696 -1.384684
v -23.361584 -0.325224 -1.304344
v -23.448757 -0.618781 -1.173878
v -23.566074 -0.876085 -0.998301
v -23.709024 -1.087250 -0.784360
v -23.872116 -1.244159 -0.540277
v -24.049082 -1.340784 -0.275431
v -23.998884 1.989907 -0.234235
v -23.773651 1.893282 -0.459468
v -23.566074 1.736373 -0.667044
v -23.384132 1.525209 -0.848986
v -23.234818 1.267904 -0.998301
v -23.123865 0.974347 -1.109253
v -23.055542 0.655819 -1.177577
v -23.032471 0.324562 -1.200647
v -23.055542 -0.006696 -1.177577
v -23.123865 -0.325224 -1.109253
v -23.234818 -0.618781 -0.998301
v -23.384132 -0.876085 -0.848986
v -23.566074 -1.087250 -0.667044
v -23.773651 -1.244159 -0.459468
v -23.998884 -1.340784 -0.234235
v -23.957687 1.989907 -0.184037
v -23.692841 1.893282 -0.361001
v -23.448757 1.736373 -0.524093
v -23.234818 1.525209 -0.667044
v -23.059240 1.267904 -0.784360
v -22.928774 0.974347 -0.871535
v -22.848434 0.655819 -0.925216
v -22.821306 0.324562 -0.943342
v -22.848434 -0.006696 -0.925216
v -22.928774 -0.325224 -0.871535
v -23.059240 -0.618781 -0.784360
v -23.234818 -0.876085 -0.667044
v -23.448757 -1.087250 -0.524093
v -23.692841 -1.244159 -0.361001
v -23.957687 -1.340784 -0.184037
v -23.927076 1.989907 -0.126767
v -23.632795 1.893282 -0.248662
v -23.361584 1.736373 -0.361001
v -23.123865 1.525209 -0.459468
v -22.928774 1.267904 -0.540277
v -22.783810 0.974347 -0.600323
v -22.694540 0.655819 -0.637300
v -22.664398 0.324562 -0.649785
v -22.694540 -0.006696 -0.637300
v -22.783810 -0.325224 -0.600323
v -22.928774 -0.618781 -0.540277
v -23.123865 -0.876085 -0.459468
v -23.361584 -1.087250 -0.361001
v -23.632795 -1.244159 -0.248662
v -23.927076 -1.340784 -0.126767
v -23.908226 1.989907 -0.064625
v -23.595818 1.893282 -0.126767
v -23.307901 1.736373 -0.184037
v -23.055542 1.525209 -0.234235
v -22.848434 1.267904 -0.275431
v -22.694540 0.974347 -0.306042
v -22.599771 0.655819 -0.324893
v -22.567774 0.324562 -0.331257
v -22.599771 -0.006696 -0.324893
v -22.694540 -0.325224 -0.306042
v -22.848434 -0.618781 -0.275431
v -23.055542 -0.876085 -0.234235
v -23.307901 -1.087250 -0.184037
v -23.595818 -1.244159 -0.126767
v -23.908226 -1.340784 -0.064625
v -23.901861 1.989907 0.000000
v -23.583332 1.893282 0.000000
v -23.289776 1.736373 0.000000
v -23.032471 1.525209 -0.000000
v -22.821306 1.267904 0.000000
v -22.664398 0.974347 -0.000000
v -22.567774 0.655819 0.000000
v -22.535147 0.324562 0.000000
v -22.567774 -0.006696 0.000000
v -22.664398 -0.325224 -0.000000
v -22.821306 -0.618781 0.000000
v -23.032471 -0.876085 -0.000000
v -23.289776 -1.087250 0.000000
v -23.583332 -1.244159 0.000000
v -23.901861 -1.340784 0.000000
v -23.908226 1.989907 0.064625
v -23.595818 1.893282 0.126767
v -23.307901 1.736373 0.184037
v -23.055542 1.525209 0.234235
v -22.848434 1.267904 0.275431
v -22.694540 0.974347 0.306042
v -22.599771 0.655819 0.324893
v -22.567774 0.324562 0.331258
v -22.599771 -0.006696 0.324893
v -22.694540 -0.325224 0.306042
v -22.848434 -0.618781 0.275431
v -23.055542 -0.876085 0.234235
v -23.307901 -1.087250 0.184037
v -23.595818 -1.244159 0.126767
v -23.908226 -1.340784 0.064625
v -23.927076 1.989907 0.126767
v -23.632795 1.893282 0.248662
v -23.361584 1.736373 0.361001
v -23.123865 1.525209 0.459468
v -22.928774 1.267904 0.540277
v -22.783810 0.974347 0.600323
v -22.694540 0.655819 0.637300
v -22.664398 0.324562 0.649786
v -22.694540 -0.006696 0.637300
v -22.783810 -0.325224 0.600323
v -22.928774 -0.618781 0.540277
v -23.123865 -0.876085 0.459468
v -23.361584 -1.087250 0.361001
v -23.632795 -1.244159 0.248662
v -23.927076 -1.340784 0.126767
v -23.957687 1.989907 0.184037
v -23.692841 1.893282 0.361001
v -23.448757 1.736373 0.524093
v -23.234818 1.525209 0.667044
v -23.059240 1.267904 0.784360
v -22.928774 0.974347 0.871534
v -22.848434 0.655819 0.925216
v -22.821308 0.324562 0.943342
v -22.848434 -0.006696 0.925216
v -22.928774 -0.325224 0.871534
v -23.059240 -0.618781 0.784360
v -23.234818 -0.876085 0.667044
v -23.448757 -1.087250 0.524093
v -23.692841 -1.244159 0.361001
v -23.957687 -1.340784 0.184037
v -23.998884 1.989907 0.234234
v -23.773651 1.893282 0.459468
v -23.566074 1.736373 0.667044
v -23.384132 1.525209 0.848985
v -23.234818 1.267904 0.998301
v -23.123865 0.974347 1.109253
v -23.055542 0.655819 1.177577
v -23.032473 0.324562 1.200647
v -23.055542 -0.006696 1.177577
v -23.123865 -0.325224 1.109253
v -23.234818 -0.618781 0.998301
v -23.384132 -0.876085 0.848985
v -23.566074 -1.087250 0.667044
v -23.773651 -1.244159 0.459468
v -23.998884 -1.340784 0.234234
v -24.049082 1.989907 0.275431
v -23.872116 1.893282 0.540277
v -23.709026 1.736373 0.784360
v -23.566074 1.525209 0.998301
v -23.448757 1.267904 1.173878
v -23.361584 0.974347 1.304343
v -23.307901 0.655819 1.384684
v -23.289776 0.324562 1.411811
v -23.307901 -0.006696 1.384684
v -23.361584 -0.325224 1.304343
v -23.448757 -0.618781 1.173878
v -23.566074 -0.876085 0.998301
v -23.709026 -1.087250 0.784360
v -23.872116 -1.244159 0.540277
v -24.049082 -1.340784 0.275431
v -24.106352 1.989907 0.306042
v -23.984457 1.893282 0.600323
v -23.872116 1.736373 0.871534
v -23.773651 1.525209 1.109253
v -23.692841 1.267904 1.304343
v -23.632795 0.974347 1.449309
v -23.595818 0.655819 1.538578
v -23.583334 0.324562 1.568720
v -23.595818 -0.006696 1.538578
v -23.632795 -0.325224 1.449309
v -23.692841 -0.618781 1.304343
v -23.773651 -0.876085 1.109253
v -23.872116 -1.087250 0.871534
v -23.984457 -1.244159 0.600323
v -24.106352 -1.340784 0.306042
v -24.168493 1.989907 0.324893
v -24.106352 1.893282 0.637300
v -24.049082 1.736373 0.925216
v -23.998884 1.525209 1.177577
v -23.957687 1.267904 1.384683
v -23.927076 0.974347 1.538578
v -23.908226 0.655819 1.633345
v -23.901861 0.324562 1.665344
v -23.908226 -0.006696 1.633345
v -23.927076 -0.325224 1.538578
v -23.957687 -0.618781 1.384683
v -23.998884 -0.876085 1.177577
v -24.049082 -1.087250 0.925216
v -24.106352 -1.244159 0.637300
v -24.168493 -1.340784 0.324893
v -24.233118 1.989907 0.331258
v -24.233118 1.893282 0.649785
v -24.233118 1.736373 0.943342
v -24.233118 1.525209 1.200647
v -24.233118 1.267904 1.411811
v -24.233118 0.974347 1.568720
v -24.233118 0.655819 1.665345
v -24.233118 0.324562 1.697970
v -24.233118 -0.006696 1.665345
v -24.233118 -0.325224 1.568720
v -24.233118 -0.618781 1.411811
v -24.233118 -0.876085 1.200647
v -24.233118 -1.087250 0.943342
v -24.233118 -1.244159 0.649785
v -24.233118 -1.340784 0.331258
v -24.297743 1.989907 0.324892
v -24.359884 1.893282 0.637300
v -24.417154 1.736373 0.925216
v -24.467352 1.525209 1.177577
v -24.508549 1.267904 1.384683
v -24.539160 0.974347 1.538578
v -24.558010 0.655819 1.633345
v -24.564377 0.324562 1.665344
v -24.558010 -0.006696 1.633345
v -24.539160 -0.325224 1.538578
v -24.508549 -0.618781 1.384683
v -24.467352 -0.876085 1.177577
v -24.417154 -1.087250 0.925216
v -24.359884 -1.244159 0.637300
v -24.297743 -1.340784 0.324892
v -24.359884 1.989907 0.306042
v -24.481781 1.893282 0.600323
v -24.594120 1.736373 0.871534
v -24.692585 1.525209 1.109253
v -24.773396 1.267904 1.304343
v -24.833441 0.974347 1.449309
v -24.870419 0.655819 1.538578
v -24.882904 0.324562 1.568720
v -24.870419 -0.006696 1.538578
v -24.833441 -0.325224 1.449309
v -24.773396 -0.618781 1.304343
v -24.692585 -0.876085 1.109253
v -24.594120 -1.087250 0.871534
v -24.481781 -1.244159 0.600323
v -24.359884 -1.340784 0.306042
v -24.417154 1.989907 0.275431
v -24.594120 1.893282 0.540277
v -24.757212 1.736373 0.784360
v -24.900162 1.525209 0.998301
v -25.017479 1.267904 1.173878
v -25.104652 0.974347 1.304343
v -25.158335 0.655819 1.384683
v -25.176460 0.324562 1.411810
v -25.158335 -0.006696 1.384683
v -25.104652 -0.325224 1.304343
v -25.017479 -0.618781 1.173878
v -24.900162 -0.876085 0.998301
v -24.757212 -1.087250 0.784360
v -24.594120 -1.244159 0.540277
v -24.417154 -1.340784 0.275431
v -24.467352 1.989907 0.234234
v -24.692585 1.893282 0.459468
v -24.900162 1.736373 0.667043
v -25.082104 1.525209 0.848985
v -25.231419 1.267904 0.998301
v -25.342371 0.974347 1.109253
v -25.410694 0.655819 1.177576
v -25.433765 0.324562 1.200646
v -25.410694 -0.006696 1.177576
v -25.342371 -0.325224 1.109253
v -25.231419 -0.618781 0.998301
v -25.082104 -0.876085 0.848985
v -24.900162 -1.087250 0.667043
v -24.692585 -1.244159 0.459468
v -24.467352 -1.340784 0.234234
v -24.508549 1.989907 0.184037
v -24.773396 1.893282 0.361001
v -25.017479 1.736373 0.524092
v -25.231419 1.525209 0.667044
v -25.406996 1.267904 0.784360
v -25.537460 0.974347 0.871534
v -25.617802 0.655819 0.925216
v -25.644928 0.324562 0.943341
v -25.617802 -0.006696 0.925216
v -25.537460 -0.325224 0.871534
v -25.406996 -0.618781 0.784360
v -25.231419 -0.876085 0.667044
v -25.017479 -1.087250 0.524092
v -24.773396 -1.244159 0.361001
v -24.508549 -1.340784 0.184037
v -24.539160 1.989907 0.126767
v -24.833441 1.893282 0.248662
v -25.104652 1.736373 0.361001
v -25.342371 1.525209 0.459468
v -25.537460 1.267904 0.540276
v -25.682426 0.974347 0.600323
v -25.771696 0.655819 0.637299
v -25.801838 0.324562 0.649784
v -25.771696 -0.006696 0.637299
v -25.682426 -0.325224 0.600323
v -25.537460 -0.618781 0.540276
v -25.342371 -0.876085 0.459468
v -25.104652 -1.087250 0.361001
v -24.833441 -1.244159 0.248662
v -24.539160 -1.340784 0.126767
v -24.558010 1.989907 0.064625
v -24.870419 1.893282 0.126767
v -25.158333 1.736373 0.184037
v -25.410694 1.525209 0.234234
v -25.617802 1.267904 0.275430
v -25.771696 0.974347 0.306042
v -25.866463 0.655819 0.324892
v -25.898462 0.324562 0.331257
v -25.866463 -0.006696 0.324892
v -25.771696 -0.325224 0.306042
v -25.617802 -0.618781 0.275430
v -25.410694 -0.876085 0.234234
v -25.158333 -1.087250 0.184037
v -24.870419 -1.244159 0.126767
v -24.558010 -1.340784 0.064625
v -24.564375 1.989907 -0.000000
v -24.882904 1.893282 -0.000000
v -25.176460 1.736373 -0.000000
v -25.433765 1.525209 -0.000000
v -25.644928 1.267904 -0.000000
v -25.801838 0.974347 -0.000000
v -25.898462 0.655819 -0.000000
v -25.931087 0.324562 -0.000001
v -25.898462 -0.006696 -0.000000
v -25.801838 -0.325224 -0.000000
v -25.644928 -0.618781 -0.000000
v -25.433765 -0.876085 -0.000000
v -25.176460 -1.087250 -0.000000
v -24.882904 -1.244159 -0.000000
v -24.564375 -1.340784 -0.000000
v -24.558010 1.989907 -0.064625
v -24.870419 1.893282 -0.126767
v -25.158333 1.736373 -0.184037
v -25.410694 1.525209 -0.234235
v -25.617802 1.267904 -0.275431
v -25.771696 0.974347 -0.306042
v -25.866463 0.655819 -0.324893
v -25.898462 0.324562 -0.331258
v -25.866463 -0.006696 -0.324893
v -25.771696 -0.325224 -0.306042
v -25.617802 -0.618781 -0.275431
v -25.410694 -0.876085 -0.234235
v -25.158333 -1.087250 -0.184037
v -24.870419 -1.244159 -0.126767
v -24.558010 -1.340784 -0.064625
v -24.539160 1.989907 -0.126767
v -24.833441 1.893282 -0.248662
v -25.104652 1.736373 -0.361001
v -25.342371 1.525209 -0.459468
v -25.537460 1.267904 -0.540277
v -25.682426 0.974347 -0.600323
v -25.771696 0.655819 -0.637300
v -25.801838 0.324562 -0.649786
v -25.771696 -0.006696 -0.637300
v -25.682426 -0.325224 -0.600323
v -25.537460 -0.618781 -0.540277
v -25.342371 -0.876085 -0.459468
v -25.104652 -1.087250 -0.361001
v -24.833441 -1.244159 -0.248662
v -24.539160 -1.340784 -0.126767
v -24.508549 1.989907 -0.184037
v -24.773396 1.893282 -0.361001
v -25.017477 1.736373 -0.524093
v -25.231419 1.525209 -0.667044
v -25.406996 1.267904 -0.784360
v -25.537460 0.974347 -0.871534
v -25.617802 0.655819 -0.925216
v -25.644928 0.324562 -0.943342
v -25.617802 -0.006696 -0.925216
v -25.537460 -0.325224 -0.871534
v -25.406996 -0.618781 -0.784360
v -25.231419 -0.876085 -0.667044
v -25.017477 -1.087250 -0.524093
v -24.773396 -1.244159 -0.361001
v -24.508549 -1.340784 -0.184037
v -24.467352 1.989907 -0.234234
v -24.692585 1.893282 -0.459468
v -24.900162 1.736373 -0.667043
v -25.082104 1.525209 -0.848985
v -25.231419 1.267904 -0.998301
v -25.342371 0.974347 -1.109253
v -25.410694 0.655819 -1.177577
v -25.433764 0.324562 -1.200646
v -25.410694 -0.006696 -1.177577
v -25.342371 -0.325224 -1.109253
v -25.231419 -0.618781 -0.998301
v -25.082104 -0.876085 -0.848985
v -24.900162 -1.087250 -0.667043
v -24.692585 -1.244159 -0.459468
v -24.467352 -1.340784 -0.234234
v -24.417154 1.989907 -0.275431
v -24.594120 1.893282 -0.540277
v -24.757210 1.736373 -0.784360
v -24.900162 1.525209 -0.998301
v -25.017477 1.267904 -1.173878
v -25.104652 0.974347 -1.304343
v -25.158333 0.655819 -1.384683
v -25.176458 0.324562 -1.411810
v -25.158333 -0.006696 -1.384683
v -25.104652 -0.325224 -1.304343
v -25.017477 -0.618781 -1.173878
v -24.900162 -0.876085 -0.998301
v -24.757210 -1.087250 -0.784360
v -24.594120 -1.244159 -0.540277
v -24.417154 -1.340784 -0.275431
v -24.359884 1.989907 -0.306042
v -24.481779 1.893282 -0.600323
v -24.594118 1.736373 -0.871534
v -24.692585 1.525209 -1.109253
v -24.773394 1.267904 -1.304343
v -24.833441 0.974347 -1.449308
v -24.870417 0.655819 -1.538578
v -24.882902 0.324562 -1.568719
v -24.870417 -0.006696 -1.538578
v -24.833441 -0.325224 -1.449308
v -24.773394 -0.618781 -1.304343
v -24.692585 -0.876085 -1.109253
v -24.594118 -1.087250 -0.871534
v -24.481779 -1.244159 -0.600323
v -24.359884 -1.340784 -0.306042
v -24.297743 1.989907 -0.324892
v -24.359884 1.893282 -0.637300
v -24.417154 1.736373 -0.925215
v -24.467352 1.525209 -1.177577
v -24.508549 1.267904 -1.384683
v -24.539160 0.974347 -1.538578
v -24.558010 0.655819 -1.633345
v -24.564375 0.324562 -1.665343
v -24.558010 -0.006696 -1.633345
v -24.539160 -0.325224 -1.538578
v -24.508549 -0.618781 -1.384683
v -24.467352 -0.876085 -1.177577
v -24.417154 -1.087250 -0.925215
v -24.359884 -1.244159 -0.637300
v -24.297743 -1.340784 -0.324892
v -24.233118 1.989907 -0.331257
v -24.233118 1.893282 -0.649785
v -24.233118 1.525209 -1.200647
v -24.233118 0.974347 -1.568720
v -24.233118 -0.325224 -1.568720
v -24.233118 -0.876085 -1.200647
v -24.233118 -1.087250 -0.943341
v -24.233118 -1.244159 -0.649785
v -24.233118 -1.340784 -0.331257
vn 0.0097 0.9951 -0.0980
vn 0.0097 -0.9951 -0.0980
vn 0.0975 -0.0975 -0.9904
vn 0.0286 0.9565 -0.2902
vn 0.0938 -0.2890 -0.9527
vn 0.0464 0.8810 -0.4709
vn 0.0865 -0.4696 -0.8786
vn 0.0624 0.7715 -0.6332
vn 0.0759 -0.6326 -0.7708
vn 0.0759 0.6326 -0.7708
vn 0.0624 -0.7715 -0.6332
vn 0.0865 0.4696 -0.8786
vn 0.0464 -0.8810 -0.4709
vn 0.0938 0.2890 -0.9527
vn 0.0286 -0.9565 -0.2902
vn 0.0975 0.0975 -0.9904
vn 0.0846 -0.9565 -0.2790
vn 0.2889 0.0976 -0.9524
vn 0.0286 0.9951 -0.0942
vn 0.0286 -0.9951 -0.0942
vn 0.2889 -0.0976 -0.9524
vn 0.0846 0.9565 -0.2790
vn 0.2779 -0.2890 -0.9161
vn 0.1374 0.8810 -0.4528
vn 0.2563 -0.4696 -0.8448
vn 0.1847 0.7715 -0.6088
vn 0.2248 -0.6326 -0.7412
vn 0.2248 0.6326 -0.7412
vn 0.1847 -0.7715 -0.6088
vn 0.2563 0.4696 -0.8448
vn 0.1374 -0.8810 -0.4528
vn 0.2779 0.2890 -0.9161
vn 0.2999 0.7715 -0.5611
vn 0.3651 -0.6326 -0.6831
vn 0.3651 0.6326 -0.6831
vn 0.2999 -0.7715 -0.5611
vn 0.4162 0.4696 -0.7786
vn 0.2230 -0.8810 -0.4173
vn 0.4513 0.2890 -0.8443
vn 0.1374 -0.9565 -0.2571
vn 0.4691 0.0975 -0.8777
vn 0.0464 0.9951 -0.0869
vn 0.0464 -0.9951 -0.0869
vn 0.4691 -0.0975 -0.8777
vn 0.1374 0.9565 -0.2571
vn 0.4513 -0.2890 -0.8443
vn 0.2230 0.8810 -0.4173
vn 0.4162 -0.4696 -0.7786
vn 0.6314 0.0975 -0.7693
vn 0.0625 0.9951 -0.0761
vn 0.0625 -0.9951 -0.0761
vn 0.6314 -0.0975 -0.7693
vn 0.1850 0.9565 -0.2254
vn 0.6073 -0.2890 -0.7400
vn 0.3002 0.8810 -0.3658
vn 0.5601 -0.4696 -0.6825
vn 0.4036 0.7715 -0.4918
vn 0.4913 -0.6326 -0.5987
vn 0.4913 0.6326 -0.5987
vn 0.4036 -0.7715 -0.4918
vn 0.5601 0.4696 -0.6825
vn 0.3002 -0.8810 -0.3658
vn 0.6073 0.2890 -0.7400
vn 0.1850 -0.9565 -0.2254
vn 0.5987 -0.6326 -0.4913
vn 0.5987 0.6326 -0.4913
vn 0.4918 -0.7715 -0.4036
vn 0.6825 0.4696 -0.5601
vn 0.3658 -0.8810 -0.3002
vn 0.7400 0.2890 -0.6073
vn 0.2254 -0.9565 -0.1850
vn 0.7693 0.0975 -0.6314
vn 0.0761 0.9951 -0.0625
vn 0.0761 -0.9951 -0.0625
vn 0.7693 -0.0975 -0.6314
vn 0.2254 0.9565 -0.1850
vn 0.7400 -0.2890 -0.6073
vn 0.3658 0.8810 -0.3002
vn 0.6825 -0.4696 -0.5601
vn 0.4918 0.7715 -0.4036
vn 0.0869 0.9951 -0.0464
vn 0.0869 -0.9951 -0.0464
vn 0.8777 -0.0975 -0.4691
vn 0.2571 0.9565 -0.1374
vn 0.8443 -0.2890 -0.4513
vn 0.4173 0.8810 -0.2230
vn 0.7786 -0.4696 -0.4162
vn 0.5611 0.7715 -0.2999
vn 0.6831 -0.6326 -0.3651
vn 0.6831 0.6326 -0.3651
vn 0.5611 -0.7715 -0.2999
vn 0.7786 0.4696 -0.4162
vn 0.4173 -0.8810 -0.2230
vn 0.8443 0.2890 -0.4513
vn 0.2571 -0.9565 -0.1374
vn 0.8777 0.0975 -0.4691
vn 0.7412 0.6326 -0.2248
vn 0.6088 -0.7715 -0.1847
vn 0.8448 0.4696 -0.2563
vn 0.4528 -0.8810 -0.1374
vn 0.9161 0.2890 -0.2779
vn 0.2790 -0.9565 -0.0846
vn 0.9524 0.0975 -0.2889
vn 0.0942 0.9951 -0.0286
vn 0.0942 -0.9951 -0.0286
vn 0.9524 -0.0975 -0.2889
vn 0.2790 0.9565 -0.0846
vn 0.9161 -0.2890 -0.2779
vn 0.4528 0.8810 -0.1374
vn 0.8448 -0.4696 -0.2563
vn 0.6088 0.7715 -0.1847
vn 0.7412 -0.6326 -0.2248
vn 0.9904 -0.0975 -0.0975
vn 0.2902 0.9565 -0.0286
vn 0.9527 -0.2890 -0.0938
vn 0.4709 0.8810 -0.0464
vn 0.8786 -0.4696 -0.0865
vn 0.6332 0.7715 -0.0624
vn 0.7708 -0.6326 -0.0759
vn 0.7708 0.6326 -0.0759
vn 0.6332 -0.7715 -0.0624
vn 0.8786 0.4696 -0.0865
vn 0.4709 -0.8810 -0.0464
vn 0.9527 0.2890 -0.0938
vn 0.2902 -0.9565 -0.0286
vn 0.9904 0.0975 -0.0975
vn 0.0980 0.9951 -0.0097
vn 0.0980 -0.9951 -0.0097
vn 0.6332 -0.7715 0.0624
vn 0.8786 0.4696 0.0865
vn 0.4709 -0.8810 0.0464
vn 0.9527 0.2890 0.0938
vn 0.2902 -0.9565 0.0286
vn 0.9904 0.0975 0.0976
vn 0.0980 0.9951 0.0097
vn 0.0980 -0.9951 0.0097
vn 0.9904 -0.0975 0.0976
vn 0.2902 0.9565 0.0286
vn 0.9527 -0.2890 0.0938
vn 0.4709 0.8810 0.0464
vn 0.8786 -0.4696 0.0865
vn 0.6332 0.7715 0.0624
vn 0.7708 -0.6326 0.0759
vn 0.7708 0.6326 0.0759
vn 0.9161 -0.2890 0.2779
vn 0.4528 0.8810 0.1374
vn 0.8448 -0.4696 0.2563
vn 0.6088 0.7715 0.1847
vn 0.7412 -0.6326 0.2248
vn 0.7412 0.6326 0.2248
vn 0.6088 -0.7715 0.1847
vn 0.8448 0.4696 0.2563
vn 0.4528 -0.8810 0.1374
vn 0.9161 0.2890 0.2779
vn 0.2790 -0.9565 0.0846
vn 0.9524 0.0975 0.2889
vn 0.0942 0.9951 0.0286
vn 0.0942 -0.9951 0.0286
vn 0.9524 -0.0975 0.2889
vn 0.2790 0.9565 0.0846
vn 0.4173 -0.8810 0.2230
vn 0.8443 0.2890 0.4513
vn 0.2571 -0.9565 0.1374
vn 0.8777 0.0975 0.4691
vn 0.0869 0.9951 0.0464
vn 0.0869 -0.9951 0.0464
vn 0.8777 -0.0975 0.4691
vn 0.2571 0.9565 0.1374
vn 0.8443 -0.2890 0.4513
vn 0.4173 0.8810 0.2230
vn 0.7786 -0.4696 0.4162
vn 0.5611 0.7715 0.2999
vn 0.6831 -0.6326 0.3651
vn 0.6831 0.6326 0.3651
vn 0.5611 -0.7715 0.2999
vn 0.7786 0.4696 0.4162
vn 0.3658 0.8810 0.3002
vn 0.6825 -0.4696 0.5601
vn 0.4918 0.7715 0.4036
vn 0.5987 -0.6326 0.4913
vn 0.5987 0.6326 0.4913
vn 0.4918 -0.7715 0.4036
vn 0.6825 0.4696 0.5601
vn 0.3658 -0.8810 0.3002
vn 0.7400 0.2890 0.6073
vn 0.2254 -0.9565 0.1850
vn 0.7693 0.0975 0.6314
vn 0.0761 0.9951 0.0625
vn 0.0761 -0.9951 0.0625
vn 0.7693 -0.0975 0.6314
vn 0.2254 0.9565 0.1850
vn 0.7400 -0.2890 0.6073
vn 0.6073 0.2890 0.7400
vn 0.1850 -0.9565 0.2254
vn 0.6314 0.0975 0.7693
vn 0.0625 0.9951 0.0761
vn 0.0625 -0.9951 0.0761
vn 0.6314 -0.0975 0.7693
vn 0.1850 0.9565 0.2254
vn 0.6073 -0.2890 0.7400
vn 0.3002 0.8810 0.3658
vn 0.5601 -0.4696 0.6825
vn 0.4036 0.7715 0.4918
vn 0.4913 -0.6326 0.5987
vn 0.4913 0.6326 0.5987
vn 0.4036 -0.7715 0.4918
vn 0.5601 0.4696 0.6825
vn 0.3002 -0.8810 0.3658
vn 0.4162 -0.4696 0.7786
vn 0.2999 0.7715 0.5611
vn 0.3651 -0.6326 0.6831
vn 0.3651 0.6326 0.6831
vn 0.2999 -0.7715 0.5611
vn 0.4162 0.4696 0.7786
vn 0.2230 -0.8810 0.4173
vn 0.4513 0.2890 0.8443
vn 0.1374 -0.9565 0.2571
vn 0.4691 0.0975 0.8777
vn 0.0464 0.9951 0.0869
vn 0.0464 -0.9951 0.0869
vn 0.4691 -0.0975 0.8777
vn 0.1374 0.9565 0.2571
vn 0.4513 -0.2890 0.8443
vn 0.2230 0.8810 0.4173
vn 0.0846 -0.9565 0.2790
vn 0.2889 0.0975 0.9524
vn 0.0286 0.9951 0.0942
vn 0.0286 -0.9951 0.0942
vn 0.2889 -0.0975 0.9524
vn 0.0846 0.9565 0.2790
vn 0.2779 -0.2890 0.9161
vn 0.1374 0.8810 0.4528
vn 0.2563 -0.4696 0.8448
vn 0.1847 0.7715 0.6088
vn 0.2248 -0.6326 0.7412
vn 0.2248 0.6326 0.7412
vn 0.1847 -0.7715 0.6088
vn 0.2563 0.4696 0.8448
vn 0.1374 -0.8810 0.4528
vn 0.2779 0.2890 0.9161
vn 0.0624 0.7715 0.6332
vn 0.0759 -0.6326 0.7708
vn 0.0759 0.6326 0.7708
vn 0.0624 -0.7715 0.6332
vn 0.0865 0.4696 0.8786
vn 0.0464 -0.8810 0.4709
vn 0.0938 0.2890 0.9527
vn 0.0286 -0.9565 0.2902
vn 0.0975 0.0975 0.9904
vn 0.0097 0.9951 0.0980
vn 0.0097 -0.9951 0.0980
vn 0.0975 -0.0975 0.9904
vn 0.0286 0.9565 0.2902
vn 0.0938 -0.2890 0.9527
vn 0.0464 0.8810 0.4709
vn 0.0865 -0.4696 0.8786
vn -0.0976 0.0975 0.9904
vn -0.0097 0.9951 0.0980
vn -0.0097 -0.9951 0.0980
vn -0.0976 -0.0975 0.9904
vn -0.0286 0.9565 0.2902
vn -0.0938 -0.2890 0.9527
vn -0.0464 0.8810 0.4709
vn -0.0865 -0.4696 0.8786
vn -0.0624 0.7715 0.6332
vn -0.0759 -0.6326 0.7708
vn -0.0759 0.6326 0.7708
vn -0.0624 -0.7715 0.6332
vn -0.0865 0.4696 0.8786
vn -0.0464 -0.8810 0.4709
vn -0.0938 0.2890 0.9527
vn -0.0286 -0.9565 0.2902
vn -0.2248 -0.6326 0.7412
vn -0.2248 0.6326 0.7412
vn -0.1847 -0.7715 0.6088
vn -0.2563 0.4696 0.8448
vn -0.1374 -0.8810 0.4528
vn -0.2779 0.2890 0.9161
vn -0.0846 -0.9565 0.2790
vn -0.2889 0.0975 0.9524
vn -0.0286 0.9951 0.0942
vn -0.0286 -0.9951 0.0942
vn -0.2889 -0.0975 0.9524
vn -0.0846 0.9565 0.2790
vn -0.2779 -0.2890 0.9161
vn -0.1374 0.8810 0.4528
vn -0.2563 -0.4696 0.8448
vn -0.1847 0.7715 0.6088
vn -0.0464 -0.9951 0.0869
vn -0.4691 -0.0975 0.8777
vn -0.1374 0.9565 0.2571
vn -0.4513 -0.2890 0.8443
vn -0.2230 0.8810 0.4173
vn -0.4162 -0.4696 0.7786
vn -0.2999 0.7715 0.5611
vn -0.3651 -0.6326 0.6831
vn -0.3651 0.6326 0.6831
vn -0.2999 -0.7715 0.5611
vn -0.4162 0.4696 0.7786
vn -0.2230 -0.8810 0.4173
vn -0.4513 0.2890 0.8443
vn -0.1374 -0.9565 0.2571
vn -0.4691 0.0975 0.8777
vn -0.0464 0.9951 0.0869
vn -0.4036 -0.7715 0.4918
vn -0.5601 0.4696 0.6825
vn -0.3002 -0.8810 0.3658
vn -0.6073 0.2890 0.7400
vn -0.1850 -0.9565 0.2254
vn -0.6314 0.0975 0.7693
vn -0.0625 0.9951 0.0761
vn -0.0625 -0.9951 0.0761
vn -0.6314 -0.0975 0.7693
vn -0.1850 0.9565 0.2254
vn -0.6073 -0.2890 0.7400
vn -0.3002 0.8810 0.3658
vn -0.5601 -0.4696 0.6825
vn -0.4036 0.7715 0.4918
vn -0.4913 -0.6326 0.5987
vn -0.4913 0.6326 0.5987
vn -0.2254 0.9565 0.1850
vn -0.7400 -0.2890 0.6073
vn -0.3658 0.8810 0.3002
vn -0.6825 -0.4696 0.5601
vn -0.4918 0.7715 0.4036
vn -0.5987 -0.6326 0.4913
vn -0.5987 0.6326 0.4913
vn -0.4918 -0.7715 0.4036
vn -0.6825 0.4696 0.5601
vn -0.3658 -0.8810 0.3002
vn -0.7400 0.2890 0.6073
vn -0.2254 -0.9565 0.1850
vn -0.7693 0.0975 0.6314
vn -0.0761 0.9951 0.0625
vn -0.0761 -0.9951 0.0625
vn -0.7693 -0.0975 0.6314
vn -0.7786 0.4696 0.4162
vn -0.4173 -0.8810 0.2230
vn -0.8443 0.2890 0.4513
vn -0.2571 -0.9565 0.1374
vn -0.8777 0.0975 0.4691
vn -0.0869 0.9951 0.0464
vn -0.0869 -0.9951 0.0464
vn -0.8777 -0.0975 0.4691
vn -0.2571 0.9565 0.1374
vn -0.8443 -0.2890 0.4513
vn -0.4173 0.8810 0.2230
vn -0.7786 -0.4696 0.4162
vn -0.5611 0.7715 0.2999
vn -0.6831 -0.6326 0.3651
vn -0.6831 0.6326 0.3651
vn -0.5611 -0.7715 0.2999
vn -0.9161 -0.2890 0.2779
vn -0.4528 0.8810 0.1374
vn -0.8448 -0.4696 0.2563
vn -0.6088 0.7715 0.1847
vn -0.7412 -0.6326 0.2248
vn -0.7412 0.6326 0.2248
vn -0.6088 -0.7715 0.1847
vn -0.8448 0.4696 0.2563
vn -0.4528 -0.8810 0.1374
vn -0.9161 0.2890 0.2779
vn -0.2790 -0.9565 0.0846
vn -0.9524 0.0975 0.2889
vn -0.0942 0.9951 0.0286
vn -0.0942 -0.9951 0.0286
vn -0.9524 -0.0975 0.2889
vn -0.2790 0.9565 0.0846
vn -0.4709 -0.8810 0.0464
vn -0.9527 0.2890 0.0938
vn -0.2902 -0.9565 0.0286
vn -0.9904 0.0975 0.0975
vn -0.0980 0.9951 0.0097
vn -0.0980 -0.9951 0.0097
vn -0.9904 -0.0975 0.0975
vn -0.2902 0.9565 0.0286
vn -0.9527 -0.2890 0.0938
vn -0.4709 0.8810 0.0464
vn -0.8786 -0.4696 0.0865
vn -0.6332 0.7715 0.0624
vn -0.7708 -0.6326 0.0759
vn -0.7708 0.6326 0.0759
vn -0.6332 -0.7715 0.0624
vn -0.8786 0.4696 0.0865
vn -0.4709 0.8810 -0.0464
vn -0.8786 -0.4696 -0.0865
vn -0.6332 0.7715 -0.0624
vn -0.7708 -0.6326 -0.0759
vn -0.7708 0.6326 -0.0759
vn -0.6332 -0.7715 -0.0624
vn -0.8786 0.4696 -0.0865
vn -0.4709 -0.8810 -0.0464
vn -0.9527 0.2890 -0.0938
vn -0.2902 -0.9565 -0.0286
vn -0.9904 0.0975 -0.0976
vn -0.0980 0.9951 -0.0097
vn -0.0980 -0.9951 -0.0097
vn -0.9904 -0.0975 -0.0976
vn -0.2902 0.9565 -0.0286
vn -0.9527 -0.2890 -0.0938
vn -0.9161 0.2890 -0.2779
vn -0.2790 -0.9565 -0.0846
vn -0.9524 0.0975 -0.2889
vn -0.0942 0.9951 -0.0286
vn -0.0942 -0.9951 -0.0286
vn -0.9524 -0.0975 -0.2889
vn -0.2790 0.9565 -0.0846
vn -0.9161 -0.2890 -0.2779
vn -0.4528 0.8810 -0.1374
vn -0.8448 -0.4696 -0.2563
vn -0.6088 0.7715 -0.1847
vn -0.7412 -0.6326 -0.2248
vn -0.7412 0.6326 -0.2248
vn -0.6088 -0.7715 -0.1847
vn -0.8448 0.4696 -0.2563
vn -0.4528 -0.8810 -0.1374
vn -0.7786 -0.4696 -0.4162
vn -0.5611 0.7715 -0.2999
vn -0.6831 -0.6326 -0.3651
vn -0.6831 0.6326 -0.3651
vn -0.5611 -0.7715 -0.2999
vn -0.7786 0.4696 -0.4162
vn -0.4173 -0.8810 -0.2231
vn -0.8443 0.2890 -0.4513
vn -0.2571 -0.9565 -0.1374
vn -0.8777 0.0975 -0.4691
vn -0.0869 0.9951 -0.0464
vn -0.0869 -0.9951 -0.0464
vn -0.8777 -0.0975 -0.4691
vn -0.2571 0.9565 -0.1374
vn -0.8443 -0.2890 -0.4513
vn -0.4173 0.8810 -0.2231
vn -0.2254 -0.9565 -0.1850
vn -0.7693 0.0975 -0.6314
vn -0.0761 0.9951 -0.0625
vn -0.0761 -0.9951 -0.0625
vn -0.7693 -0.0975 -0.6314
vn -0.2254 0.9565 -0.1850
vn -0.7400 -0.2890 -0.6073
vn -0.3658 0.8810 -0.3002
vn -0.6825 -0.4696 -0.5601
vn -0.4918 0.7715 -0.4036
vn -0.5987 -0.6326 -0.4913
vn -0.5987 0.6326 -0.4913
vn -0.4918 -0.7715 -0.4036
vn -0.6825 0.4696 -0.5601
vn -0.3658 -0.8810 -0.3002
vn -0.7400 0.2890 -0.6073
vn -0.4913 -0.6326 -0.5987
vn -0.4913 0.6326 -0.5987
vn -0.4036 -0.7715 -0.4918
vn -0.5601 0.4696 -0.6825
vn -0.3002 -0.8810 -0.3658
vn -0.6073 0.2890 -0.7400
vn -0.1850 -0.9565 -0.2254
vn -0.6314 0.0975 -0.7693
vn -0.0625 0.9951 -0.0761
vn -0.0625 -0.9951 -0.0761
vn -0.6314 -0.0975 -0.7693
vn -0.1850 0.9565 -0.2254
vn -0.6073 -0.2890 -0.7400
vn -0.3002 0.8810 -0.3658
vn -0.5601 -0.4696 -0.6825
vn -0.4036 0.7715 -0.4918
vn -0.0464 0.9951 -0.0869
vn -0.0464 -0.9951 -0.0869
vn -0.4691 -0.0975 -0.8777
vn -0.1374 0.9565 -0.2571
vn -0.4513 -0.2890 -0.8443
vn -0.2230 0.8810 -0.4173
vn -0.4162 -0.4696 -0.7786
vn -0.2999 0.7715 -0.5611
vn -0.3651 -0.6326 -0.6831
vn -0.3651 0.6326 -0.6831
vn -0.2999 -0.7715 -0.5611
vn -0.4162 0.4696 -0.7786
vn -0.2230 -0.8810 -0.4173
vn -0.4513 0.2890 -0.8443
vn -0.1374 -0.9565 -0.2571
vn -0.4691 0.0975 -0.8777
vn -0.2248 0.6326 -0.7412
vn -0.1847 -0.7715 -0.6088
vn -0.2563 0.4696 -0.8448
vn -0.1374 -0.8810 -0.4528
vn -0.2779 0.2890 -0.9161
vn -0.0846 -0.9565 -0.2790
vn -0.2889 0.0975 -0.9524
vn -0.0286 0.9951 -0.0942
vn -0.0286 -0.9951 -0.0942
vn -0.2889 -0.0975 -0.9524
vn -0.0846 0.9565 -0.2790
vn -0.2779 -0.2890 -0.9161
vn -0.1374 0.8810 -0.4528
vn -0.2563 -0.4696 -0.8448
vn -0.1847 0.7715 -0.6088
vn -0.2248 -0.6326 -0.7412
vn -0.0976 -0.0975 -0.9904
vn -0.0286 0.9565 -0.2902
vn -0.0938 -0.2890 -0.9527
vn -0.0464 0.8810 -0.4709
vn -0.0865 -0.4696 -0.8786
vn -0.0624 0.7715 -0.6332
vn -0.0759 -0.6326 -0.7708
vn -0.0759 0.6326 -0.7708
vn -0.0624 -0.7715 -0.6332
vn -0.0865 0.4696 -0.8786
vn -0.0464 -0.8810 -0.4709
vn -0.0938 0.2890 -0.9527
vn -0.0286 -0.9565 -0.2902
vn -0.0976 0.0975 -0.9904
vn -0.0097 0.9951 -0.0980
vn -0.0097 -0.9951 -0.0980
vt 0.750000 0.937500
vt 0.734375 1.000000
vt 0.718750 0.937500
vt 0.734375 0.000000
vt 0.750000 0.062500
vt 0.718750 0.062500
vt 0.750000 0.437500
vt 0.750000 0.500000
vt 0.718750 0.500000
vt 0.718750 0.437500
vt 0.750000 0.875000
vt 0.718750 0.875000
vt 0.750000 0.375000
vt 0.718750 0.375000
vt 0.750000 0.812500
vt 0.718750 0.812500
vt 0.750000 0.312500
vt 0.718750 0.312500
vt 0.750000 0.750000
vt 0.718750 0.750000
vt 0.750000 0.250000
vt 0.718750 0.250000
vt 0.750000 0.687500
vt 0.718750 0.687500
vt 0.750000 0.187500
vt 0.718750 0.187500
vt 0.750000 0.625000
vt 0.718750 0.625000
vt 0.750000 0.125000
vt 0.718750 0.125000
vt 0.750000 0.562500
vt 0.718750 0.562500
vt 0.687500 0.125000
vt 0.687500 0.062500
vt 0.687500 0.562500
vt 0.687500 0.500000
vt 0.703125 1.000000
vt 0.687500 0.937500
vt 0.703125 0.000000
vt 0.687500 0.437500
vt 0.687500 0.875000
vt 0.687500 0.375000
vt 0.687500 0.812500
vt 0.687500 0.312500
vt 0.687500 0.750000
vt 0.687500 0.250000
vt 0.687500 0.687500
vt 0.687500 0.187500
vt 0.687500 0.625000
vt 0.656250 0.812500
vt 0.656250 0.750000
vt 0.656250 0.312500
vt 0.656250 0.250000
vt 0.656250 0.687500
vt 0.656250 0.187500
vt 0.656250 0.625000
vt 0.656250 0.125000
vt 0.656250 0.562500
vt 0.656250 0.062500
vt 0.656250 0.500000
vt 0.671875 1.000000
vt 0.656250 0.937500
vt 0.671875 0.000000
vt 0.656250 0.437500
vt 0.656250 0.875000
vt 0.656250 0.375000
vt 0.625000 0.562500
vt 0.625000 0.500000
vt 0.640625 1.000000
vt 0.625000 0.937500
vt 0.640625 0.000000
vt 0.625000 0.062500
vt 0.625000 0.437500
vt 0.625000 0.875000
vt 0.625000 0.375000
vt 0.625000 0.812500
vt 0.625000 0.312500
vt 0.625000 0.750000
vt 0.625000 0.250000
vt 0.625000 0.687500
vt 0.625000 0.187500
vt 0.625000 0.625000
vt 0.625000 0.125000
vt 0.593750 0.312500
vt 0.593750 0.250000
vt 0.593750 0.750000
vt 0.593750 0.687500
vt 0.593750 0.187500
vt 0.593750 0.625000
vt 0.593750 0.125000
vt 0.593750 0.562500
vt 0.593750 0.062500
vt 0.593750 0.500000
vt 0.609375 1.000000
vt 0.593750 0.937500
vt 0.609375 0.000000
vt 0.593750 0.437500
vt 0.593750 0.875000
vt 0.593750 0.375000
vt 0.593750 0.812500
vt 0.578125 1.000000
vt 0.562500 0.937500
vt 0.578125 0.000000
vt 0.562500 0.062500
vt 0.562500 0.500000
vt 0.562500 0.437500
vt 0.562500 0.875000
vt 0.562500 0.375000
vt 0.562500 0.812500
vt 0.562500 0.312500
vt 0.562500 0.750000
vt 0.562500 0.250000
vt 0.562500 0.687500
vt 0.562500 0.187500
vt 0.562500 0.625000
vt 0.562500 0.125000
vt 0.562500 0.562500
vt 0.531250 0.750000
vt 0.531250 0.687500
vt 0.531250 0.250000
vt 0.531250 0.187500
vt 0.531250 0.625000
vt 0.531250 0.125000
vt 0.531250 0.562500
vt 0.531250 0.062500
vt 0.531250 0.500000
vt 0.546875 1.000000
vt 0.531250 0.937500
vt 0.546875 0.000000
vt 0.531250 0.437500
vt 0.531250 0.875000
vt 0.531250 0.375000
vt 0.531250 0.812500
vt 0.531250 0.312500
vt 0.500000 0.500000
vt 0.500000 0.437500
vt 0.500000 0.937500
vt 0.500000 0.875000
vt 0.500000 0.375000
vt 0.500000 0.812500
vt 0.500000 0.312500
vt 0.500000 0.750000
vt 0.500000 0.250000
vt 0.500000 0.687500
vt 0.500000 0.187500
vt 0.500000 0.625000
vt 0.500000 0.125000
vt 0.500000 0.562500
vt 0.500000 0.062500
vt 0.515625 1.000000
vt 0.515625 0.000000
vt 0.468750 0.250000
vt 0.468750 0.187500
vt 0.468750 0.687500
vt 0.468750 0.625000
vt 0.468750 0.125000
vt 0.468750 0.562500
vt 0.468750 0.062500
vt 0.468750 0.500000
vt 0.484375 1.000000
vt 0.468750 0.937500
vt 0.484375 0.000000
vt 0.468750 0.437500
vt 0.468750 0.875000
vt 0.468750 0.375000
vt 0.468750 0.812500
vt 0.468750 0.312500
vt 0.468750 0.750000
vt 0.437500 0.437500
vt 0.437500 0.375000
vt 0.437500 0.875000
vt 0.437500 0.812500
vt 0.437500 0.312500
vt 0.437500 0.750000
vt 0.437500 0.250000
vt 0.437500 0.687500
vt 0.437500 0.187500
vt 0.437500 0.625000
vt 0.437500 0.125000
vt 0.437500 0.562500
vt 0.437500 0.062500
vt 0.437500 0.500000
vt 0.453125 1.000000
vt 0.437500 0.937500
vt 0.453125 0.000000
vt 0.406250 0.187500
vt 0.406250 0.125000
vt 0.406250 0.625000
vt 0.406250 0.562500
vt 0.406250 0.062500
vt 0.406250 0.500000
vt 0.421875 1.000000
vt 0.406250 0.937500
vt 0.421875 0.000000
vt 0.406250 0.437500
vt 0.406250 0.875000
vt 0.406250 0.375000
vt 0.406250 0.812500
vt 0.406250 0.312500
vt 0.406250 0.750000
vt 0.406250 0.250000
vt 0.406250 0.687500
vt 0.375000 0.875000
vt 0.375000 0.812500
vt 0.375000 0.375000
vt 0.375000 0.312500
vt 0.375000 0.750000
vt 0.375000 0.250000
vt 0.375000 0.687500
vt 0.375000 0.187500
vt 0.375000 0.625000
vt 0.375000 0.125000
vt 0.375000 0.562500
vt 0.375000 0.062500
vt 0.375000 0.500000
vt 0.390625 1.000000
vt 0.375000 0.937500
vt 0.390625 0.000000
vt 0.375000 0.437500
vt 0.343750 0.625000
vt 0.343750 0.562500
vt 0.343750 0.125000
vt 0.343750 0.062500
vt 0.343750 0.500000
vt 0.359375 1.000000
vt 0.343750 0.937500
vt 0.359375 0.000000
vt 0.343750 0.437500
vt 0.343750 0.875000
vt 0.343750 0.375000
vt 0.343750 0.812500
vt 0.343750 0.312500
vt 0.343750 0.750000
vt 0.343750 0.250000
vt 0.343750 0.687500
vt 0.343750 0.187500
vt 0.312500 0.375000
vt 0.312500 0.312500
vt 0.312500 0.812500
vt 0.312500 0.750000
vt 0.312500 0.250000
vt 0.312500 0.687500
vt 0.312500 0.187500
vt 0.312500 0.625000
vt 0.312500 0.125000
vt 0.312500 0.562500
vt 0.312500 0.062500
vt 0.312500 0.500000
vt 0.328125 1.000000
vt 0.312500 0.937500
vt 0.328125 0.000000
vt 0.312500 0.437500
vt 0.312500 0.875000
vt 0.281250 0.125000
vt 0.281250 0.062500
vt 0.281250 0.562500
vt 0.281250 0.500000
vt 0.296875 1.000000
vt 0.281250 0.937500
vt 0.296875 0.000000
vt 0.281250 0.437500
vt 0.281250 0.875000
vt 0.281250 0.375000
vt 0.281250 0.812500
vt 0.281250 0.312500
vt 0.281250 0.750000
vt 0.281250 0.250000
vt 0.281250 0.687500
vt 0.281250 0.187500
vt 0.281250 0.625000
vt 0.250000 0.812500
vt 0.250000 0.750000
vt 0.250000 0.312500
vt 0.250000 0.250000
vt 0.250000 0.687500
vt 0.250000 0.187500
vt 0.250000 0.625000
vt 0.250000 0.125000
vt 0.250000 0.562500
vt 0.250000 0.062500
vt 0.250000 0.500000
vt 0.265625 1.000000
vt 0.250000 0.937500
vt 0.265625 0.000000
vt 0.250000 0.437500
vt 0.250000 0.875000
vt 0.250000 0.375000
vt 0.218750 0.562500
vt 0.218750 0.500000
vt 0.234375 1.000000
vt 0.218750 0.937500
vt 0.234375 0.000000
vt 0.218750 0.062500
vt 0.218750 0.437500
vt 0.218750 0.875000
vt 0.218750 0.375000
vt 0.218750 0.812500
vt 0.218750 0.312500
vt 0.218750 0.750000
vt 0.218750 0.250000
vt 0.218750 0.687500
vt 0.218750 0.187500
vt 0.218750 0.625000
vt 0.218750 0.125000
vt 0.187500 0.312500
vt 0.187500 0.250000
vt 0.187500 0.750000
vt 0.187500 0.687500
vt 0.187500 0.187500
vt 0.187500 0.625000
vt 0.187500 0.125000
vt 0.187500 0.562500
vt 0.187500 0.062500
vt 0.187500 0.500000
vt 0.203125 1.000000
vt 0.187500 0.937500
vt 0.203125 0.000000
vt 0.187500 0.437500
vt 0.187500 0.875000
vt 0.187500 0.375000
vt 0.187500 0.812500
vt 0.171875 0.000000
vt 0.156250 0.062500
vt 0.156250 0.500000
vt 0.156250 0.437500
vt 0.156250 0.937500
vt 0.156250 0.875000
vt 0.156250 0.375000
vt 0.156250 0.812500
vt 0.156250 0.312500
vt 0.156250 0.750000
vt 0.156250 0.250000
vt 0.156250 0.687500
vt 0.156250 0.187500
vt 0.156250 0.625000
vt 0.156250 0.125000
vt 0.156250 0.562500
vt 0.171875 1.000000
vt 0.125000 0.250000
vt 0.125000 0.187500
vt 0.125000 0.687500
vt 0.125000 0.625000
vt 0.125000 0.125000
vt 0.125000 0.562500
vt 0.125000 0.062500
vt 0.125000 0.500000
vt 0.140625 1.000000
vt 0.125000 0.937500
vt 0.140625 0.000000
vt 0.125000 0.437500
vt 0.125000 0.875000
vt 0.125000 0.375000
vt 0.125000 0.812500
vt 0.125000 0.312500
vt 0.125000 0.750000
vt 0.093750 0.937500
vt 0.093750 0.875000
vt 0.093750 0.437500
vt 0.093750 0.375000
vt 0.093750 0.812500
vt 0.093750 0.312500
vt 0.093750 0.750000
vt 0.093750 0.250000
vt 0.093750 0.687500
vt 0.093750 0.187500
vt 0.093750 0.625000
vt 0.093750 0.125000
vt 0.093750 0.562500
vt 0.093750 0.062500
vt 0.093750 0.500000
vt 0.109375 1.000000
vt 0.109375 0.000000
vt 0.062500 0.687500
vt 0.062500 0.625000
vt 0.062500 0.187500
vt 0.062500 0.125000
vt 0.062500 0.562500
vt 0.062500 0.062500
vt 0.062500 0.500000
vt 0.078125 1.000000
vt 0.062500 0.937500
vt 0.078125 0.000000
vt 0.062500 0.437500
vt 0.062500 0.875000
vt 0.062500 0.375000
vt 0.062500 0.812500
vt 0.062500 0.312500
vt 0.062500 0.750000
vt 0.062500 0.250000
vt 0.031250 0.437500
vt 0.031250 0.375000
vt 0.031250 0.875000
vt 0.031250 0.812500
vt 0.031250 0.312500
vt 0.031250 0.750000
vt 0.031250 0.250000
vt 0.031250 0.687500
vt 0.031250 0.187500
vt 0.031250 0.625000
vt 0.031250 0.125000
vt 0.031250 0.562500
vt 0.031250 0.062500
vt 0.031250 0.500000
vt 0.046875 1.000000
vt 0.031250 0.937500
vt 0.046875 0.000000
vt 0.000000 0.187500
vt 0.000000 0.125000
vt 0.000000 0.625000
vt 0.000000 0.562500
vt 0.000000 0.062500
vt 0.000000 0.500000
vt 0.015625 1.000000
vt 0.000000 0.937500
vt 0.015625 0.000000
vt 0.000000 0.437500
vt 0.000000 0.875000
vt 0.000000 0.375000
vt 0.000000 0.812500
vt 0.000000 0.312500
vt 0.000000 0.750000
vt 0.000000 0.250000
vt 0.000000 0.687500
vt 1.000000 0.812500
vt 1.000000 0.875000
vt 0.968750 0.875000
vt 0.968750 0.812500
vt 1.000000 0.312500
vt 1.000000 0.375000
vt 0.968750 0.375000
vt 0.968750 0.312500
vt 1.000000 0.750000
vt 0.968750 0.750000
vt 1.000000 0.250000
vt 0.968750 0.250000
vt 1.000000 0.687500
vt 0.968750 0.687500
vt 1.000000 0.187500
vt 0.968750 0.187500
vt 1.000000 0.625000
vt 0.968750 0.625000
vt 1.000000 0.125000
vt 0.968750 0.125000
vt 1.000000 0.562500
vt 0.968750 0.562500
vt 1.000000 0.062500
vt 0.968750 0.062500
vt 1.000000 0.500000
vt 0.968750 0.500000
vt 1.000000 0.937500
vt 0.984375 1.000000
vt 0.968750 0.937500
vt 0.984375 0.000000
vt 1.000000 0.437500
vt 0.968750 0.437500
vt 0.937500 0.625000
vt 0.937500 0.562500
vt 0.937500 0.125000
vt 0.937500 0.062500
vt 0.937500 0.500000
vt 0.953125 1.000000
vt 0.937500 0.937500
vt 0.953125 0.000000
vt 0.937500 0.437500
vt 0.937500 0.875000
vt 0.937500 0.375000
vt 0.937500 0.812500
vt 0.937500 0.312500
vt 0.937500 0.750000
vt 0.937500 0.250000
vt 0.937500 0.687500
vt 0.937500 0.187500
vt 0.906250 0.375000
vt 0.906250 0.312500
vt 0.906250 0.812500
vt 0.906250 0.750000
vt 0.906250 0.250000
vt 0.906250 0.687500
vt 0.906250 0.187500
vt 0.906250 0.625000
vt 0.906250 0.125000
vt 0.906250 0.562500
vt 0.906250 0.062500
vt 0.906250 0.500000
vt 0.921875 1.000000
vt 0.906250 0.937500
vt 0.921875 0.000000
vt 0.906250 0.437500
vt 0.906250 0.875000
vt 0.875000 0.125000
vt 0.875000 0.062500
vt 0.875000 0.562500
vt 0.875000 0.500000
vt 0.890625 1.000000
vt 0.875000 0.937500
vt 0.890625 0.000000
vt 0.875000 0.437500
vt 0.875000 0.875000
vt 0.875000 0.375000
vt 0.875000 0.812500
vt 0.875000 0.312500
vt 0.875000 0.750000
vt 0.875000 0.250000
vt 0.875000 0.687500
vt 0.875000 0.187500
vt 0.875000 0.625000
vt 0.843750 0.312500
vt 0.843750 0.250000
vt 0.843750 0.750000
vt 0.843750 0.687500
vt 0.843750 0.187500
vt 0.843750 0.625000
vt 0.843750 0.125000
vt 0.843750 0.562500
vt 0.843750 0.062500
vt 0.843750 0.500000
vt 0.859375 1.000000
vt 0.843750 0.937500
vt 0.859375 0.000000
vt 0.843750 0.437500
vt 0.843750 0.875000
vt 0.843750 0.375000
vt 0.843750 0.812500
vt 0.828125 1.000000
vt 0.812500 0.937500
vt 0.828125 0.000000
vt 0.812500 0.062500
vt 0.812500 0.500000
vt 0.812500 0.437500
vt 0.812500 0.875000
vt 0.812500 0.375000
vt 0.812500 0.812500
vt 0.812500 0.312500
vt 0.812500 0.750000
vt 0.812500 0.250000
vt 0.812500 0.687500
vt 0.812500 0.187500
vt 0.812500 0.625000
vt 0.812500 0.125000
vt 0.812500 0.562500
vt 0.781250 0.750000
vt 0.781250 0.687500
vt 0.781250 0.250000
vt 0.781250 0.187500
vt 0.781250 0.625000
vt 0.781250 0.125000
vt 0.781250 0.562500
vt 0.781250 0.062500
vt 0.781250 0.500000
vt 0.796875 1.000000
vt 0.781250 0.937500
vt 0.796875 0.000000
vt 0.781250 0.437500
vt 0.781250 0.875000
vt 0.781250 0.375000
vt 0.781250 0.812500
vt 0.781250 0.312500
vt 0.765625 1.000000
vt 0.765625 0.000000
s 0
f 1006/476/290 533/477/290 541/478/290
f 540/479/291 1014/480/291 555/481/291
f 538/482/292 537/483/292 548/484/292 549/485/292
f 1007/486/293 1006/476/293 541/478/293 542/487/293
f 1010/488/294 538/482/294 549/485/294 550/489/294
f 534/490/295 1007/486/295 542/487/295 543/491/295
f 539/492/296 1010/488/296 550/489/296 551/493/296
f 1008/494/297 534/490/297 543/491/297 544/495/297
f 1011/496/298 539/492/298 551/493/298 552/497/298
f 535/498/299 1008/494/299 544/495/299 545/499/299
f 1012/500/300 1011/496/300 552/497/300 553/501/300
f 1009/502/301 535/498/301 545/499/301 546/503/301
f 1013/504/302 1012/500/302 553/501/302 554/505/302
f 536/506/303 1009/502/303 546/503/303 547/507/303
f 1014/480/304 1013/504/304 554/505/304 555/481/304
f 537/483/305 536/506/305 547/507/305 548/484/305
f 555/481/306 554/505/306 569/508/306 570/509/306
f 548/484/307 547/507/307 562/510/307 563/511/307
f 541/478/308 533/512/308 556/513/308
f 540/514/309 555/481/309 570/509/309
f 549/485/310 548/484/310 563/511/310 564/515/310
f 542/487/311 541/478/311 556/513/311 557/516/311
f 550/489/312 549/485/312 564/515/312 565/517/312
f 543/491/313 542/487/313 557/516/313 558/518/313
f 551/493/314 550/489/314 565/517/314 566/519/314
f 544/495/315 543/491/315 558/518/315 559/520/315
f 552/497/316 551/493/316 566/519/316 567/521/316
f 545/499/317 544/495/317 559/520/317 560/522/317
f 553/501/318 552/497/318 567/521/318 568/523/318
f 546/503/319 545/499/319 560/522/319 561/524/319
f 554/505/320 553/501/320 568/523/320 569/508/320
f 547/507/321 546/503/321 561/524/321 562/510/321
f 559/520/322 558/518/322 573/525/322 574/526/322
f 567/521/323 566/519/323 581/527/323 582/528/323
f 560/522/324 559/520/324 574/526/324 575/529/324
f 568/523/325 567/521/325 582/528/325 583/530/325
f 561/524/326 560/522/326 575/529/326 576/531/326
f 569/508/327 568/523/327 583/530/327 584/532/327
f 562/510/328 561/524/328 576/531/328 577/533/328
f 570/509/329 569/508/329 584/532/329 585/534/329
f 563/511/330 562/510/330 577/533/330 578/535/330
f 556/513/331 533/536/331 571/537/331
f 540/538/332 570/509/332 585/534/332
f 564/515/333 563/511/333 578/535/333 579/539/333
f 557/516/334 556/513/334 571/537/334 572/540/334
f 565/517/335 564/515/335 579/539/335 580/541/335
f 558/518/336 557/516/336 572/540/336 573/525/336
f 566/519/337 565/517/337 580/541/337 581/527/337
f 578/535/338 577/533/338 592/542/338 593/543/338
f 571/537/339 533/544/339 586/545/339
f 540/546/340 585/534/340 600/547/340
f 579/539/341 578/535/341 593/543/341 594/548/341
f 572/540/342 571/537/342 586/545/342 587/549/342
f 580/541/343 579/539/343 594/548/343 595/550/343
f 573/525/344 572/540/344 587/549/344 588/551/344
f 581/527/345 580/541/345 595/550/345 596/552/345
f 574/526/346 573/525/346 588/551/346 589/553/346
f 582/528/347 581/527/347 596/552/347 597/554/347
f 575/529/348 574/526/348 589/553/348 590/555/348
f 583/530/349 582/528/349 597/554/349 598/556/349
f 576/531/350 575/529/350 590/555/350 591/557/350
f 584/532/351 583/530/351 598/556/351 599/558/351
f 577/533/352 576/531/352 591/557/352 592/542/352
f 585/534/353 584/532/353 599/558/353 600/547/353
f 597/554/354 596/552/354 611/559/354 612/560/354
f 590/555/355 589/553/355 604/561/355 605/562/355
f 598/556/356 597/554/356 612/560/356 613/563/356
f 591/557/357 590/555/357 605/562/357 606/564/357
f 599/558/358 598/556/358 613/563/358 614/565/358
f 592/542/359 591/557/359 606/564/359 607/566/359
f 600/547/360 599/558/360 614/565/360 615/567/360
f 593/543/361 592/542/361 607/566/361 608/568/361
f 586/545/362 533/569/362 601/570/362
f 540/571/363 600/547/363 615/567/363
f 594/548/364 593/543/364 608/568/364 609/572/364
f 587/549/365 586/545/365 601/570/365 602/573/365
f 595/550/366 594/548/366 609/572/366 610/574/366
f 588/551/367 587/549/367 602/573/367 603/575/367
f 596/552/368 595/550/368 610/574/368 611/559/368
f 589/553/369 588/551/369 603/575/369 604/561/369
f 601/570/370 533/576/370 616/577/370
f 540/578/371 615/567/371 630/579/371
f 609/572/372 608/568/372 623/580/372 624/581/372
f 602/573/373 601/570/373 616/577/373 617/582/373
f 610/574/374 609/572/374 624/581/374 625/583/374
f 603/575/375 602/573/375 617/582/375 618/584/375
f 611/559/376 610/574/376 625/583/376 626/585/376
f 604/561/377 603/575/377 618/584/377 619/586/377
f 612/560/378 611/559/378 626/585/378 627/587/378
f 605/562/379 604/561/379 619/586/379 620/588/379
f 613/563/380 612/560/380 627/587/380 628/589/380
f 606/564/381 605/562/381 620/588/381 621/590/381
f 614/565/382 613/563/382 628/589/382 629/591/382
f 607/566/383 606/564/383 621/590/383 622/592/383
f 615/567/384 614/565/384 629/591/384 630/579/384
f 608/568/385 607/566/385 622/592/385 623/580/385
f 620/588/386 619/586/386 634/593/386 635/594/386
f 628/589/387 627/587/387 642/595/387 643/596/387
f 621/590/388 620/588/388 635/594/388 636/597/388
f 629/591/389 628/589/389 643/596/389 644/598/389
f 622/592/390 621/590/390 636/597/390 637/599/390
f 630/579/391 629/591/391 644/598/391 645/600/391
f 623/580/392 622/592/392 637/599/392 638/601/392
f 616/577/393 533/602/393 631/603/393
f 540/604/394 630/579/394 645/600/394
f 624/581/395 623/580/395 638/601/395 639/605/395
f 617/582/396 616/577/396 631/603/396 632/606/396
f 625/583/397 624/581/397 639/605/397 640/607/397
f 618/584/398 617/582/398 632/606/398 633/608/398
f 626/585/399 625/583/399 640/607/399 641/609/399
f 619/586/400 618/584/400 633/608/400 634/593/400
f 627/587/401 626/585/401 641/609/401 642/595/401
f 639/605/402 638/601/402 653/610/402 654/611/402
f 632/606/403 631/603/403 646/612/403 647/613/403
f 640/607/404 639/605/404 654/611/404 655/614/404
f 633/608/405 632/606/405 647/613/405 648/615/405
f 641/609/406 640/607/406 655/614/406 656/616/406
f 634/593/407 633/608/407 648/615/407 649/617/407
f 642/595/408 641/609/408 656/616/408 657/618/408
f 635/594/409 634/593/409 649/617/409 650/619/409
f 643/596/410 642/595/410 657/618/410 658/620/410
f 636/597/411 635/594/411 650/619/411 651/621/411
f 644/598/412 643/596/412 658/620/412 659/622/412
f 637/599/413 636/597/413 651/621/413 652/623/413
f 645/600/414 644/598/414 659/622/414 660/624/414
f 638/601/415 637/599/415 652/623/415 653/610/415
f 631/603/416 533/625/416 646/612/416
f 540/626/417 645/600/417 660/624/417
f 658/620/418 657/618/418 672/627/418 673/628/418
f 651/621/419 650/619/419 665/629/419 666/630/419
f 659/622/420 658/620/420 673/628/420 674/631/420
f 652/623/421 651/621/421 666/630/421 667/632/421
f 660/624/422 659/622/422 674/631/422 675/633/422
f 653/610/423 652/623/423 667/632/423 668/634/423
f 646/612/424 533/635/424 661/636/424
f 540/637/425 660/624/425 675/633/425
f 654/611/426 653/610/426 668/634/426 669/638/426
f 647/613/427 646/612/427 661/636/427 662/639/427
f 655/614/428 654/611/428 669/638/428 670/640/428
f 648/615/429 647/613/429 662/639/429 663/641/429
f 656/616/430 655/614/430 670/640/430 671/642/430
f 649/617/431 648/615/431 663/641/431 664/643/431
f 657/618/432 656/616/432 671/642/432 672/627/432
f 650/619/433 649/617/433 664/643/433 665/629/433
f 670/640/434 669/638/434 684/644/434 685/645/434
f 663/641/435 662/639/435 677/646/435 678/647/435
f 671/642/436 670/640/436 685/645/436 686/648/436
f 664/643/437 663/641/437 678/647/437 679/649/437
f 672/627/438 671/642/438 686/648/438 687/650/438
f 665/629/439 664/643/439 679/649/439 680/651/439
f 673/628/440 672/627/440 687/650/440 688/652/440
f 666/630/441 665/629/441 680/651/441 681/653/441
f 674/631/442 673/628/442 688/652/442 689/654/442
f 667/632/443 666/630/443 681/653/443 682/655/443
f 675/633/444 674/631/444 689/654/444 690/656/444
f 668/634/445 667/632/445 682/655/445 683/657/445
f 661/636/446 533/658/446 676/659/446
f 540/660/447 675/633/447 690/656/447
f 669/638/448 668/634/448 683/657/448 684/644/448
f 662/639/449 661/636/449 676/659/449 677/646/449
f 689/654/450 688/652/450 703/661/450 704/662/450
f 682/655/451 681/653/451 696/663/451 697/664/451
f 690/656/452 689/654/452 704/662/452 705/665/452
f 683/657/453 682/655/453 697/664/453 698/666/453
f 676/659/454 533/667/454 691/668/454
f 540/669/455 690/656/455 705/665/455
f 684/644/456 683/657/456 698/666/456 699/670/456
f 677/646/457 676/659/457 691/668/457 692/671/457
f 685/645/458 684/644/458 699/670/458 700/672/458
f 678/647/459 677/646/459 692/671/459 693/673/459
f 686/648/460 685/645/460 700/672/460 701/674/460
f 679/649/461 678/647/461 693/673/461 694/675/461
f 687/650/462 686/648/462 701/674/462 702/676/462
f 680/651/463 679/649/463 694/675/463 695/677/463
f 688/652/464 687/650/464 702/676/464 703/661/464
f 681/653/465 680/651/465 695/677/465 696/663/465
f 693/673/466 692/671/466 707/678/466 708/679/466
f 701/674/467 700/672/467 715/680/467 716/681/467
f 694/675/468 693/673/468 708/679/468 709/682/468
f 702/676/469 701/674/469 716/681/469 717/683/469
f 695/677/470 694/675/470 709/682/470 710/684/470
f 703/661/471 702/676/471 717/683/471 718/685/471
f 696/663/472 695/677/472 710/684/472 711/686/472
f 704/662/473 703/661/473 718/685/473 719/687/473
f 697/664/474 696/663/474 711/686/474 712/688/474
f 705/665/475 704/662/475 719/687/475 720/689/475
f 698/666/476 697/664/476 712/688/476 713/690/476
f 691/668/477 533/691/477 706/692/477
f 540/693/478 705/665/478 720/689/478
f 699/670/479 698/666/479 713/690/479 714/694/479
f 692/671/480 691/668/480 706/692/480 707/678/480
f 700/672/481 699/670/481 714/694/481 715/680/481
f 712/688/482 711/686/482 726/695/482 727/696/482
f 720/689/483 719/687/483 734/697/483 735/698/483
f 713/690/484 712/688/484 727/696/484 728/699/484
f 706/692/485 533/700/485 721/701/485
f 540/702/486 720/689/486 735/698/486
f 714/694/487 713/690/487 728/699/487 729/703/487
f 707/678/488 706/692/488 721/701/488 722/704/488
f 715/680/489 714/694/489 729/703/489 730/705/489
f 708/679/490 707/678/490 722/704/490 723/706/490
f 716/681/491 715/680/491 730/705/491 731/707/491
f 709/682/492 708/679/492 723/706/492 724/708/492
f 717/683/493 716/681/493 731/707/493 732/709/493
f 710/684/494 709/682/494 724/708/494 725/710/494
f 718/685/495 717/683/495 732/709/495 733/711/495
f 711/686/496 710/684/496 725/710/496 726/695/496
f 719/687/497 718/685/497 733/711/497 734/697/497
f 731/707/498 730/705/498 745/712/498 746/713/498
f 724/708/499 723/706/499 738/714/499 739/715/499
f 732/709/500 731/707/500 746/713/500 747/716/500
f 725/710/501 724/708/501 739/715/501 740/717/501
f 733/711/502 732/709/502 747/716/502 748/718/502
f 726/695/503 725/710/503 740/717/503 741/719/503
f 734/697/504 733/711/504 748/718/504 749/720/504
f 727/696/505 726/695/505 741/719/505 742/721/505
f 735/698/506 734/697/506 749/720/506 750/722/506
f 728/699/507 727/696/507 742/721/507 743/723/507
f 721/701/508 533/724/508 736/725/508
f 540/726/509 735/698/509 750/722/509
f 729/703/510 728/699/510 743/723/510 744/727/510
f 722/704/511 721/701/511 736/725/511 737/728/511
f 730/705/512 729/703/512 744/727/512 745/712/512
f 723/706/513 722/704/513 737/728/513 738/714/513
f 750/722/514 749/720/514 764/729/514 765/730/514
f 743/723/515 742/721/515 757/731/515 758/732/515
f 736/725/516 533/733/516 751/734/516
f 540/735/517 750/722/517 765/730/517
f 744/727/518 743/723/518 758/732/518 759/736/518
f 737/728/519 736/725/519 751/734/519 752/737/519
f 745/712/520 744/727/520 759/736/520 760/738/520
f 738/714/521 737/728/521 752/737/521 753/739/521
f 746/713/522 745/712/522 760/738/522 761/740/522
f 739/715/523 738/714/523 753/739/523 754/741/523
f 747/716/524 746/713/524 761/740/524 762/742/524
f 740/717/525 739/715/525 754/741/525 755/743/525
f 748/718/526 747/716/526 762/742/526 763/744/526
f 741/719/527 740/717/527 755/743/527 756/745/527
f 749/720/528 748/718/528 763/744/528 764/729/528
f 742/721/529 741/719/529 756/745/529 757/731/529
f 754/741/530 753/739/530 768/746/530 769/747/530
f 762/742/531 761/740/531 776/748/531 777/749/531
f 755/743/532 754/741/532 769/747/532 770/750/532
f 763/744/533 762/742/533 777/749/533 778/751/533
f 756/745/534 755/743/534 770/750/534 771/752/534
f 764/729/535 763/744/535 778/751/535 779/753/535
f 757/731/536 756/745/536 771/752/536 772/754/536
f 765/730/537 764/729/537 779/753/537 780/755/537
f 758/732/538 757/731/538 772/754/538 773/756/538
f 751/734/539 533/757/539 766/758/539
f 540/759/540 765/730/540 780/755/540
f 759/736/541 758/732/541 773/756/541 774/760/541
f 752/737/542 751/734/542 766/758/542 767/761/542
f 760/738/543 759/736/543 774/760/543 775/762/543
f 753/739/544 752/737/544 767/761/544 768/746/544
f 761/740/545 760/738/545 775/762/545 776/748/545
f 773/756/546 772/754/546 787/763/546 788/764/546
f 766/758/547 533/765/547 781/766/547
f 540/767/548 780/755/548 795/768/548
f 774/760/549 773/756/549 788/764/549 789/769/549
f 767/761/550 766/758/550 781/766/550 782/770/550
f 775/762/551 774/760/551 789/769/551 790/771/551
f 768/746/552 767/761/552 782/770/552 783/772/552
f 776/748/553 775/762/553 790/771/553 791/773/553
f 769/747/554 768/746/554 783/772/554 784/774/554
f 777/749/555 776/748/555 791/773/555 792/775/555
f 770/750/556 769/747/556 784/774/556 785/776/556
f 778/751/557 777/749/557 792/775/557 793/777/557
f 771/752/558 770/750/558 785/776/558 786/778/558
f 779/753/559 778/751/559 793/777/559 794/779/559
f 772/754/560 771/752/560 786/778/560 787/763/560
f 780/755/561 779/753/561 794/779/561 795/768/561
f 792/775/562 791/773/562 806/780/562 807/781/562
f 785/776/563 784/774/563 799/782/563 800/783/563
f 793/777/564 792/775/564 807/781/564 808/784/564
f 786/778/565 785/776/565 800/783/565 801/785/565
f 794/779/566 793/777/566 808/784/566 809/786/566
f 787/763/567 786/778/567 801/785/567 802/787/567
f 795/768/568 794/779/568 809/786/568 810/788/568
f 788/764/569 787/763/569 802/787/569 803/789/569
f 781/766/570 533/790/570 796/791/570
f 540/792/571 795/768/571 810/788/571
f 789/769/572 788/764/572 803/789/572 804/793/572
f 782/770/573 781/766/573 796/791/573 797/794/573
f 790/771/574 789/769/574 804/793/574 805/795/574
f 783/772/575 782/770/575 797/794/575 798/796/575
f 791/773/576 790/771/576 805/795/576 806/780/576
f 784/774/577 783/772/577 798/796/577 799/782/577
f 540/797/578 810/788/578 825/798/578
f 804/793/579 803/789/579 818/799/579 819/800/579
f 797/794/580 796/791/580 811/801/580 812/802/580
f 805/795/581 804/793/581 819/800/581 820/803/581
f 798/796/582 797/794/582 812/802/582 813/804/582
f 806/780/583 805/795/583 820/803/583 821/805/583
f 799/782/584 798/796/584 813/804/584 814/806/584
f 807/781/585 806/780/585 821/805/585 822/807/585
f 800/783/586 799/782/586 814/806/586 815/808/586
f 808/784/587 807/781/587 822/807/587 823/809/587
f 801/785/588 800/783/588 815/808/588 816/810/588
f 809/786/589 808/784/589 823/809/589 824/811/589
f 802/787/590 801/785/590 816/810/590 817/812/590
f 810/788/591 809/786/591 824/811/591 825/798/591
f 803/789/592 802/787/592 817/812/592 818/799/592
f 796/791/593 533/813/593 811/801/593
f 823/809/594 822/807/594 837/814/594 838/815/594
f 816/810/595 815/808/595 830/816/595 831/817/595
f 824/811/596 823/809/596 838/815/596 839/818/596
f 817/812/597 816/810/597 831/817/597 832/819/597
f 825/798/598 824/811/598 839/818/598 840/820/598
f 818/799/599 817/812/599 832/819/599 833/821/599
f 811/801/600 533/822/600 826/823/600
f 540/824/601 825/798/601 840/820/601
f 819/800/602 818/799/602 833/821/602 834/825/602
f 812/802/603 811/801/603 826/823/603 827/826/603
f 820/803/604 819/800/604 834/825/604 835/827/604
f 813/804/605 812/802/605 827/826/605 828/828/605
f 821/805/606 820/803/606 835/827/606 836/829/606
f 814/806/607 813/804/607 828/828/607 829/830/607
f 822/807/608 821/805/608 836/829/608 837/814/608
f 815/808/609 814/806/609 829/830/609 830/816/609
f 827/826/610 826/823/610 841/831/610 842/832/610
f 835/827/611 834/825/611 849/833/611 850/834/611
f 828/828/612 827/826/612 842/832/612 843/835/612
f 836/829/613 835/827/613 850/834/613 851/836/613
f 829/830/614 828/828/614 843/835/614 844/837/614
f 837/814/615 836/829/615 851/836/615 852/838/615
f 830/816/616 829/830/616 844/837/616 845/839/616
f 838/815/617 837/814/617 852/838/617 853/840/617
f 831/817/618 830/816/618 845/839/618 846/841/618
f 839/818/619 838/815/619 853/840/619 854/842/619
f 832/819/620 831/817/620 846/841/620 847/843/620
f 840/820/621 839/818/621 854/842/621 855/844/621
f 833/821/622 832/819/622 847/843/622 848/845/622
f 826/823/623 533/846/623 841/831/623
f 540/847/624 840/820/624 855/844/624
f 834/825/625 833/821/625 848/845/625 849/833/625
f 846/841/626 845/839/626 860/848/626 861/849/626
f 854/842/627 853/840/627 868/850/627 869/851/627
f 847/843/628 846/841/628 861/849/628 862/852/628
f 855/844/629 854/842/629 869/851/629 870/853/629
f 848/845/630 847/843/630 862/852/630 863/854/630
f 841/831/631 533/855/631 856/856/631
f 540/857/632 855/844/632 870/853/632
f 849/833/633 848/845/633 863/854/633 864/858/633
f 842/832/634 841/831/634 856/856/634 857/859/634
f 850/834/635 849/833/635 864/858/635 865/860/635
f 843/835/636 842/832/636 857/859/636 858/861/636
f 851/836/637 850/834/637 865/860/637 866/862/637
f 844/837/638 843/835/638 858/861/638 859/863/638
f 852/838/639 851/836/639 866/862/639 867/864/639
f 845/839/640 844/837/640 859/863/640 860/848/640
f 853/840/641 852/838/641 867/864/641 868/850/641
f 865/860/642 864/858/642 879/865/642 880/866/642
f 858/861/643 857/859/643 872/867/643 873/868/643
f 866/862/644 865/860/644 880/866/644 881/869/644
f 859/863/645 858/861/645 873/868/645 874/870/645
f 867/864/646 866/862/646 881/869/646 882/871/646
f 860/848/647 859/863/647 874/870/647 875/872/647
f 868/850/648 867/864/648 882/871/648 883/873/648
f 861/849/649 860/848/649 875/872/649 876/874/649
f 869/851/650 868/850/650 883/873/650 884/875/650
f 862/852/651 861/849/651 876/874/651 877/876/651
f 870/853/652 869/851/652 884/875/652 885/877/652
f 863/854/653 862/852/653 877/876/653 878/878/653
f 856/856/654 533/879/654 871/880/654
f 540/881/655 870/853/655 885/877/655
f 864/858/656 863/854/656 878/878/656 879/865/656
f 857/859/657 856/856/657 871/880/657 872/867/657
f 884/875/658 883/873/658 898/882/658 899/883/658
f 877/876/659 876/874/659 891/884/659 892/885/659
f 885/877/660 884/875/660 899/883/660 900/886/660
f 878/878/661 877/876/661 892/885/661 893/887/661
f 871/880/662 533/888/662 886/889/662
f 540/890/663 885/877/663 900/886/663
f 879/865/664 878/878/664 893/887/664 894/891/664
f 872/867/665 871/880/665 886/889/665 887/892/665
f 880/866/666 879/865/666 894/891/666 895/893/666
f 873/868/667 872/867/667 887/892/667 888/894/667
f 881/869/668 880/866/668 895/893/668 896/895/668
f 874/870/669 873/868/669 888/894/669 889/896/669
f 882/871/670 881/869/670 896/895/670 897/897/670
f 875/872/671 874/870/671 889/896/671 890/898/671
f 883/873/672 882/871/672 897/897/672 898/882/672
f 876/874/673 875/872/673 890/898/673 891/884/673
f 888/899/674 887/900/674 902/901/674 903/902/674
f 896/903/675 895/904/675 910/905/675 911/906/675
f 889/907/676 888/899/676 903/902/676 904/908/676
f 897/909/677 896/903/677 911/906/677 912/910/677
f 890/911/678 889/907/678 904/908/678 905/912/678
f 898/913/679 897/909/679 912/910/679 913/914/679
f 891/915/680 890/911/680 905/912/680 906/916/680
f 899/917/681 898/913/681 913/914/681 914/918/681
f 892/919/682 891/915/682 906/916/682 907/920/682
f 900/921/683 899/917/683 914/918/683 915/922/683
f 893/923/684 892/919/684 907/920/684 908/924/684
f 886/925/685 533/926/685 901/927/685
f 540/928/686 900/921/686 915/922/686
f 894/929/687 893/923/687 908/924/687 909/930/687
f 887/900/688 886/925/688 901/927/688 902/901/688
f 895/904/689 894/929/689 909/930/689 910/905/689
f 907/920/690 906/916/690 921/931/690 922/932/690
f 915/922/691 914/918/691 929/933/691 930/934/691
f 908/924/692 907/920/692 922/932/692 923/935/692
f 901/927/693 533/936/693 916/937/693
f 540/938/694 915/922/694 930/934/694
f 909/930/695 908/924/695 923/935/695 924/939/695
f 902/901/696 901/927/696 916/937/696 917/940/696
f 910/905/697 909/930/697 924/939/697 925/941/697
f 903/902/698 902/901/698 917/940/698 918/942/698
f 911/906/699 910/905/699 925/941/699 926/943/699
f 904/908/700 903/902/700 918/942/700 919/944/700
f 912/910/701 911/906/701 926/943/701 927/945/701
f 905/912/702 904/908/702 919/944/702 920/946/702
f 913/914/703 912/910/703 927/945/703 928/947/703
f 906/916/704 905/912/704 920/946/704 921/931/704
f 914/918/705 913/914/705 928/947/705 929/933/705
f 926/943/706 925/941/706 940/948/706 941/949/706
f 919/944/707 918/942/707 933/950/707 934/951/707
f 927/945/708 926/943/708 941/949/708 942/952/708
f 920/946/709 919/944/709 934/951/709 935/953/709
f 928/947/710 927/945/710 942/952/710 943/954/710
f 921/931/711 920/946/711 935/953/711 936/955/711
f 929/933/712 928/947/712 943/954/712 944/956/712
f 922/932/713 921/931/713 936/955/713 937/957/713
f 930/934/714 929/933/714 944/956/714 945/958/714
f 923/935/715 922/932/715 937/957/715 938/959/715
f 916/937/716 533/960/716 931/961/716
f 540/962/717 930/934/717 945/958/717
f 924/939/718 923/935/718 938/959/718 939/963/718
f 917/940/719 916/937/719 931/961/719 932/964/719
f 925/941/720 924/939/720 939/963/720 940/948/720
f 918/942/721 917/940/721 932/964/721 933/950/721
f 945/958/722 944/956/722 959/965/722 960/966/722
f 938/959/723 937/957/723 952/967/723 953/968/723
f 931/961/724 533/969/724 946/970/724
f 540/971/725 945/958/725 960/966/725
f 939/963/726 938/959/726 953/968/726 954/972/726
f 932/964/727 931/961/727 946/970/727 947/973/727
f 940/948/728 939/963/728 954/972/728 955/974/728
f 933/950/729 932/964/729 947/973/729 948/975/729
f 941/949/730 940/948/730 955/974/730 956/976/730
f 934/951/731 933/950/731 948/975/731 949/977/731
f 942/952/732 941/949/732 956/976/732 957/978/732
f 935/953/733 934/951/733 949/977/733 950/979/733
f 943/954/734 942/952/734 957/978/734 958/980/734
f 936/955/735 935/953/735 950/979/735 951/981/735
f 944/956/736 943/954/736 958/980/736 959/965/736
f 937/957/737 936/955/737 951/981/737 952/967/737
f 957/978/738 956/976/738 971/982/738 972/983/738
f 950/979/739 949/977/739 964/984/739 965/985/739
f 958/980/740 957/978/740 972/983/740 973/986/740
f 951/981/741 950/979/741 965/985/741 966/987/741
f 959/965/742 958/980/742 973/986/742 974/988/742
f 952/967/743 951/981/743 966/987/743 967/989/743
f 960/966/744 959/965/744 974/988/744 975/990/744
f 953/968/745 952/967/745 967/989/745 968/991/745
f 946/970/746 533/992/746 961/993/746
f 540/994/747 960/966/747 975/990/747
f 954/972/748 953/968/748 968/991/748 969/995/748
f 947/973/749 946/970/749 961/993/749 962/996/749
f 955/974/750 954/972/750 969/995/750 970/997/750
f 948/975/751 947/973/751 962/996/751 963/998/751
f 956/976/752 955/974/752 970/997/752 971/982/752
f 949/977/753 948/975/753 963/998/753 964/984/753
f 961/993/754 533/999/754 976/1000/754
f 540/1001/755 975/990/755 990/1002/755
f 969/995/756 968/991/756 983/1003/756 984/1004/756
f 962/996/757 961/993/757 976/1000/757 977/1005/757
f 970/997/758 969/995/758 984/1004/758 985/1006/758
f 963/998/759 962/996/759 977/1005/759 978/1007/759
f 971/982/760 970/997/760 985/1006/760 986/1008/760
f 964/984/761 963/998/761 978/1007/761 979/1009/761
f 972/983/762 971/982/762 986/1008/762 987/1010/762
f 965/985/763 964/984/763 979/1009/763 980/1011/763
f 973/986/764 972/983/764 987/1010/764 988/1012/764
f 966/987/765 965/985/765 980/1011/765 981/1013/765
f 974/988/766 973/986/766 988/1012/766 989/1014/766
f 967/989/767 966/987/767 981/1013/767 982/1015/767
f 975/990/768 974/988/768 989/1014/768 990/1002/768
f 968/991/769 967/989/769 982/1015/769 983/1003/769
f 980/1011/770 979/1009/770 994/1016/770 995/1017/770
f 988/1012/771 987/1010/771 1002/1018/771 1003/1019/771
f 981/1013/772 980/1011/772 995/1017/772 996/1020/772
f 989/1014/773 988/1012/773 1003/1019/773 1004/1021/773
f 982/1015/774 981/1013/774 996/1020/774 997/1022/774
f 990/1002/775 989/1014/775 1004/1021/775 1005/1023/775
f 983/1003/776 982/1015/776 997/1022/776 998/1024/776
f 976/1000/777 533/1025/777 991/1026/777
f 540/1027/778 990/1002/778 1005/1023/778
f 984/1004/779 983/1003/779 998/1024/779 999/1028/779
f 977/1005/780 976/1000/780 991/1026/780 992/1029/780
f 985/1006/781 984/1004/781 999/1028/781 1000/1030/781
f 978/1007/782 977/1005/782 992/1029/782 993/1031/782
f 986/1008/783 985/1006/783 1000/1030/783 1001/1032/783
f 979/1009/784 978/1007/784 993/1031/784 994/1016/784
f 987/1010/785 986/1008/785 1001/1032/785 1002/1018/785
f 999/1028/786 998/1024/786 537/483/786 538/482/786
f 992/1029/787 991/1026/787 1006/476/787 1007/486/787
f 1000/1030/788 999/1028/788 538/482/788 1010/488/788
f 993/1031/789 992/1029/789 1007/486/789 534/490/789
f 1001/1032/790 1000/1030/790 1010/488/790 539/492/790
f 994/1016/791 993/1031/791 534/490/791 1008/494/791
f 1002/1018/792 1001/1032/792 539/492/792 1011/496/792
f 995/1017/793 994/1016/793 1008/494/793 535/498/793
f 1003/1019/794 1002/1018/794 1011/496/794 1012/500/794
f 996/1020/795 995/1017/795 535/498/795 1009/502/795
f 1004/1021/796 1003/1019/796 1012/500/796 1013/504/796
f 997/1022/797 996/1020/797 1009/502/797 536/506/797
f 1005/1023/798 1004/1021/798 1013/504/798 1014/480/798
f 998/1024/799 997/1022/799 536/506/799 537/483/799
f 991/1026/800 533/1033/800 1006/476/800
f 540/1034/801 1005/1023/801 1014/480/801
o Torus
v -27.012009 0.228506 0.000000
v -26.977543 0.101901 0.000000
v -26.884100 0.010497 0.000000
v -26.758198 -0.021177 0.000000
v -26.634373 0.014090 -0.000000
v -26.545080 0.105494 0.000000
v -26.512690 0.228506 0.000000
v -26.545080 0.351518 0.000000
v -26.634373 0.442921 -0.000000
v -26.758198 0.478188 0.000000
v -26.884100 0.446515 0.000000
v -26.977543 0.355110 0.000000
v -26.988148 0.228506 -0.364041
v -26.953978 0.101901 -0.359542
v -26.861334 0.010497 -0.347345
v -26.736509 -0.021177 -0.330912
v -26.613743 0.014090 -0.314749
v -26.525215 0.105494 -0.303094
v -26.493101 0.228506 -0.298866
v -26.525215 0.351518 -0.303094
v -26.613743 0.442921 -0.314749
v -26.736509 0.478188 -0.330912
v -26.861334 0.446515 -0.347345
v -26.953978 0.355110 -0.359542
v -26.916975 0.228506 -0.721852
v -26.883684 0.101901 -0.712932
v -26.793425 0.010497 -0.688747
v -26.671814 -0.021177 -0.656162
v -26.552208 0.014090 -0.624113
v -26.465958 0.105494 -0.601003
v -26.434669 0.228506 -0.592619
v -26.465958 0.351518 -0.601003
v -26.552208 0.442921 -0.624113
v -26.671814 0.478188 -0.656162
v -26.793425 0.446515 -0.688747
v -26.883684 0.355110 -0.712932
v -26.799707 0.228506 -1.067313
v -26.767864 0.101901 -1.054124
v -26.681534 0.010497 -1.018365
v -26.565216 -0.021177 -0.970184
v -26.450817 0.014090 -0.922799
v -26.368322 0.105494 -0.888628
v -26.338396 0.228506 -0.876232
v -26.368322 0.351518 -0.888628
v -26.450817 0.442921 -0.922799
v -26.565216 0.478188 -0.970184
v -26.681534 0.446515 -1.018365
v -26.767864 0.355110 -1.054124
v -26.638350 0.228506 -1.394513
v -26.608501 0.101901 -1.377280
v -26.527578 0.010497 -1.330558
v -26.418545 -0.021177 -1.267607
v -26.311308 0.014090 -1.205695
v -26.233978 0.105494 -1.161049
v -26.205927 0.228506 -1.144853
v -26.233978 0.351518 -1.161049
v -26.311308 0.442921 -1.205695
v -26.418545 0.478188 -1.267607
v -26.527578 0.446515 -1.330558
v -26.608501 0.355110 -1.377280
v -26.435667 0.228506 -1.697850
v -26.408323 0.101901 -1.676869
v -26.334190 0.010497 -1.619984
v -26.234306 -0.021177 -1.543340
v -26.136068 0.014090 -1.467960
v -26.065228 0.105494 -1.413603
v -26.039530 0.228506 -1.393884
v -26.065228 0.351518 -1.413602
v -26.136068 0.442921 -1.467960
v -26.234306 0.478188 -1.543340
v -26.334190 0.446515 -1.619984
v -26.408323 0.355110 -1.676869
v -26.195122 0.228506 -1.972138
v -26.170752 0.101901 -1.947767
v -26.104677 0.010497 -1.881693
v -26.015652 -0.021176 -1.792667
v -25.928093 0.014090 -1.705110
v -25.864954 0.105494 -1.641970
v -25.842051 0.228506 -1.619066
v -25.864954 0.351518 -1.641970
v -25.928093 0.442921 -1.705110
v -26.015652 0.478188 -1.792667
v -26.104677 0.446515 -1.881693
v -26.170752 0.355110 -1.947767
v -25.920835 0.228506 -2.212682
v -25.899853 0.101901 -2.185338
v -25.842970 0.010497 -2.111204
v -25.766325 -0.021176 -2.011320
v -25.690945 0.014091 -1.913083
v -25.636587 0.105494 -1.842243
v -25.616869 0.228506 -1.816545
v -25.636587 0.351518 -1.842243
v -25.690945 0.442921 -1.913084
v -25.766325 0.478188 -2.011320
v -25.842970 0.446515 -2.111204
v -25.899853 0.355110 -2.185338
v -25.617496 0.228506 -2.415366
v -25.600264 0.101902 -2.385518
v -25.553541 0.010497 -2.304594
v -25.490591 -0.021176 -2.195560
v -25.428679 0.014091 -2.088324
v -25.384033 0.105494 -2.010995
v -25.367836 0.228506 -1.982943
v -25.384033 0.351518 -2.010995
v -25.428679 0.442921 -2.088324
v -25.490591 0.478188 -2.195560
v -25.553541 0.446515 -2.304594
v -25.600264 0.355110 -2.385518
v -25.290298 0.228506 -2.576723
v -25.277109 0.101902 -2.544880
v -25.241350 0.010497 -2.458550
v -25.193169 -0.021176 -2.342232
v -25.145784 0.014091 -2.227833
v -25.111612 0.105494 -2.145337
v -25.099216 0.228506 -2.115411
v -25.111612 0.351518 -2.145337
v -25.145784 0.442921 -2.227833
v -25.193169 0.478188 -2.342232
v -25.241350 0.446515 -2.458549
v -25.277109 0.355110 -2.544880
v -24.944838 0.228506 -2.693991
v -24.935917 0.101902 -2.660699
v -24.911732 0.010497 -2.570440
v -24.879147 -0.021176 -2.448829
v -24.847097 0.014091 -2.329223
v -24.823988 0.105494 -2.242973
v -24.815603 0.228506 -2.211685
v -24.823988 0.351518 -2.242973
v -24.847097 0.442921 -2.329223
v -24.879147 0.478188 -2.448829
v -24.911732 0.446515 -2.570440
v -24.935917 0.355110 -2.660699
v -24.587025 0.228506 -2.765164
v -24.582525 0.101902 -2.730993
v -24.570330 0.010497 -2.638349
v -24.553896 -0.021176 -2.513525
v -24.537733 0.014091 -2.390759
v -24.526079 0.105494 -2.302231
v -24.521851 0.228506 -2.270116
v -24.526079 0.351518 -2.302231
v -24.537733 0.442921 -2.390759
v -24.553896 0.478188 -2.513525
v -24.570330 0.446515 -2.638349
v -24.582525 0.355110 -2.730993
v -24.222984 0.228506 -2.789025
v -24.222984 0.101902 -2.754559
v -24.222984 0.010497 -2.661115
v -24.222984 -0.021176 -2.535214
v -24.222984 0.014091 -2.411389
v -24.222984 0.105494 -2.322097
v -24.222984 0.228506 -2.289705
v -24.222984 0.351518 -2.322097
v -24.222984 0.442921 -2.411389
v -24.222984 0.478188 -2.535214
v -24.222984 0.446515 -2.661115
v -24.222984 0.355110 -2.754559
v -23.858944 0.228506 -2.765164
v -23.863441 0.101902 -2.730993
v -23.875639 0.010497 -2.638349
v -23.892073 -0.021176 -2.513525
v -23.908234 0.014091 -2.390759
v -23.919889 0.105494 -2.302231
v -23.924118 0.228506 -2.270116
v -23.919889 0.351518 -2.302231
v -23.908234 0.442921 -2.390759
v -23.892073 0.478188 -2.513525
v -23.875639 0.446515 -2.638349
v -23.863441 0.355111 -2.730993
v -23.501131 0.228506 -2.693991
v -23.510052 0.101902 -2.660699
v -23.534237 0.010497 -2.570440
v -23.566822 -0.021176 -2.448829
v -23.598871 0.014091 -2.329223
v -23.621983 0.105494 -2.242973
v -23.630365 0.228506 -2.211685
v -23.621983 0.351518 -2.242973
v -23.598871 0.442922 -2.329223
v -23.566822 0.478188 -2.448829
v -23.534237 0.446515 -2.570440
v -23.510052 0.355111 -2.660699
v -23.155670 0.228506 -2.576723
v -23.168859 0.101902 -2.544880
v -23.204620 0.010497 -2.458550
v -23.252800 -0.021176 -2.342232
v -23.300186 0.014091 -2.227833
v -23.334356 0.105494 -2.145337
v -23.346752 0.228506 -2.115411
v -23.334356 0.351518 -2.145337
v -23.300186 0.442922 -2.227833
v -23.252800 0.478189 -2.342232
v -23.204620 0.446515 -2.458550
v -23.168859 0.355111 -2.544880
v -22.828472 0.228506 -2.415367
v -22.845705 0.101902 -2.385518
v -22.892427 0.010497 -2.304594
v -22.955378 -0.021176 -2.195560
v -23.017290 0.014091 -2.088325
v -23.061935 0.105494 -2.010995
v -23.078133 0.228506 -1.982943
v -23.061935 0.351518 -2.010995
v -23.017290 0.442922 -2.088325
v -22.955378 0.478189 -2.195560
v -22.892427 0.446515 -2.304594
v -22.845705 0.355111 -2.385518
v -22.525133 0.228506 -2.212682
v -22.546116 0.101902 -2.185338
v -22.603001 0.010498 -2.111205
v -22.679644 -0.021176 -2.011321
v -22.755024 0.014091 -1.913084
v -22.809381 0.105495 -1.842243
v -22.829100 0.228506 -1.816545
v -22.809381 0.351518 -1.842243
v -22.755024 0.442922 -1.913084
v -22.679644 0.478189 -2.011321
v -22.603001 0.446515 -2.111205
v -22.546116 0.355111 -2.185338
v -22.250845 0.228506 -1.972138
v -22.275217 0.101902 -1.947766
v -22.341291 0.010498 -1.881692
v -22.430317 -0.021176 -1.792667
v -22.517874 0.014091 -1.705109
v -22.581015 0.105495 -1.641970
v -22.603918 0.228506 -1.619065
v -22.581015 0.351518 -1.641970
v -22.517874 0.442922 -1.705109
v -22.430317 0.478189 -1.792667
v -22.341291 0.446515 -1.881692
v -22.275217 0.355111 -1.947766
v -22.010302 0.228506 -1.697851
v -22.037645 0.101902 -1.676869
v -22.111780 0.010498 -1.619984
v -22.211664 -0.021176 -1.543341
v -22.309900 0.014091 -1.467961
v -22.380741 0.105495 -1.413603
v -22.406439 0.228506 -1.393884
v -22.380741 0.351518 -1.413603
v -22.309900 0.442922 -1.467961
v -22.211664 0.478189 -1.543341
v -22.111780 0.446515 -1.619984
v -22.037645 0.355111 -1.676869
v -21.807619 0.228506 -1.394513
v -21.837467 0.101902 -1.377280
v -21.918392 0.010498 -1.330558
v -22.027424 -0.021176 -1.267608
v -22.134661 0.014091 -1.205695
v -22.211990 0.105495 -1.161049
v -22.240042 0.228506 -1.144853
v -22.211990 0.351518 -1.161049
v -22.134661 0.442922 -1.205695
v -22.027424 0.478189 -1.267608
v -21.918392 0.446515 -1.330558
v -21.837467 0.355111 -1.377280
v -21.646261 0.228506 -1.067314
v -21.678104 0.101902 -1.054124
v -21.764435 0.010498 -1.018365
v -21.880753 -0.021176 -0.970185
v -21.995152 0.014091 -0.922799
v -22.077646 0.105495 -0.888628
v -22.107573 0.228506 -0.876232
v -22.077646 0.351518 -0.888628
v -21.995152 0.442922 -0.922799
v -21.880753 0.478189 -0.970185
v -21.764435 0.446515 -1.018365
v -21.678104 0.355111 -1.054124
v -21.528994 0.228506 -0.721852
v -21.562284 0.101902 -0.712932
v -21.652544 0.010498 -0.688747
v -21.774155 -0.021176 -0.656161
v -21.893761 0.014091 -0.624113
v -21.980011 0.105495 -0.601003
v -22.011299 0.228506 -0.592619
v -21.980011 0.351518 -0.601003
v -21.893761 0.442922 -0.624113
v -21.774155 0.478189 -0.656161
v -21.652544 0.446515 -0.688747
v -21.562284 0.355111 -0.712932
v -21.457821 0.228507 -0.364041
v -21.491991 0.101902 -0.359542
v -21.584635 0.010498 -0.347346
v -21.709459 -0.021176 -0.330912
v -21.832226 0.014091 -0.314750
v -21.920753 0.105495 -0.303095
v -21.952868 0.228506 -0.298867
v -21.920753 0.351518 -0.303095
v -21.832226 0.442922 -0.314750
v -21.709459 0.478189 -0.330912
v -21.584635 0.446515 -0.347346
v -21.491991 0.355111 -0.359542
v -21.433960 0.228507 -0.000000
v -21.468426 0.101902 -0.000000
v -21.561869 0.010498 -0.000000
v -21.687771 -0.021176 -0.000000
v -21.811596 0.014091 -0.000000
v -21.900888 0.105495 -0.000000
v -21.933279 0.228506 -0.000000
v -21.900888 0.351518 -0.000000
v -21.811596 0.442922 -0.000000
v -21.687771 0.478189 -0.000000
v -21.561869 0.446515 -0.000000
v -21.468426 0.355111 -0.000000
v -21.457821 0.228507 0.364041
v -21.491991 0.101902 0.359542
v -21.584635 0.010498 0.347346
v -21.709459 -0.021176 0.330912
v -21.832226 0.014091 0.314750
v -21.920753 0.105495 0.303095
v -21.952868 0.228506 0.298867
v -21.920753 0.351518 0.303095
v -21.832226 0.442922 0.314750
v -21.709459 0.478189 0.330912
v -21.584635 0.446515 0.347346
v -21.491991 0.355111 0.359542
v -21.528994 0.228506 0.721852
v -21.562284 0.101902 0.712932
v -21.652544 0.010498 0.688747
v -21.774155 -0.021176 0.656161
v -21.893761 0.014091 0.624113
v -21.980011 0.105495 0.601003
v -22.011299 0.228506 0.592619
v -21.980011 0.351518 0.601003
v -21.893761 0.442922 0.624113
v -21.774155 0.478189 0.656161
v -21.652544 0.446515 0.688747
v -21.562284 0.355111 0.712932
v -21.646261 0.228506 1.067312
v -21.678104 0.101902 1.054123
v -21.764435 0.010498 1.018364
v -21.880751 -0.021176 0.970184
v -21.995152 0.014091 0.922798
v -22.077646 0.105495 0.888627
v -22.107573 0.228506 0.876231
v -22.077646 0.351518 0.888627
v -21.995152 0.442922 0.922798
v -21.880751 0.478189 0.970184
v -21.764435 0.446515 1.018364
v -21.678104 0.355111 1.054123
v -21.807617 0.228506 1.394512
v -21.837467 0.101902 1.377279
v -21.918390 0.010498 1.330557
v -22.027424 -0.021176 1.267607
v -22.134659 0.014091 1.205694
v -22.211990 0.105495 1.161048
v -22.240042 0.228506 1.144852
v -22.211990 0.351518 1.161048
v -22.134659 0.442922 1.205694
v -22.027424 0.478189 1.267607
v -21.918390 0.446515 1.330557
v -21.837467 0.355111 1.377279
v -22.010302 0.228506 1.697851
v -22.037645 0.101902 1.676869
v -22.111780 0.010498 1.619984
v -22.211664 -0.021176 1.543341
v -22.309900 0.014091 1.467961
v -22.380741 0.105495 1.413603
v -22.406439 0.228506 1.393884
v -22.380741 0.351518 1.413603
v -22.309900 0.442922 1.467961
v -22.211664 0.478189 1.543341
v -22.111780 0.446515 1.619984
v -22.037645 0.355111 1.676869
v -22.250845 0.228506 1.972138
v -22.275217 0.101902 1.947767
v -22.341291 0.010498 1.881692
v -22.430317 -0.021176 1.792667
v -22.517874 0.014091 1.705109
v -22.581015 0.105495 1.641970
v -22.603918 0.228506 1.619065
v -22.581015 0.351518 1.641970
v -22.517874 0.442922 1.705109
v -22.430317 0.478189 1.792667
v -22.341291 0.446515 1.881692
v -22.275217 0.355111 1.947767
v -22.525133 0.228506 2.212681
v -22.546114 0.101902 2.185337
v -22.602999 0.010497 2.111204
v -22.679642 -0.021176 2.011320
v -22.755022 0.014091 1.913083
v -22.809380 0.105495 1.842242
v -22.829100 0.228506 1.816544
v -22.809380 0.351518 1.842242
v -22.755022 0.442922 1.913083
v -22.679642 0.478189 2.011320
v -22.602999 0.446515 2.111204
v -22.546114 0.355111 2.185337
v -22.828472 0.228506 2.415367
v -22.845705 0.101902 2.385518
v -22.892427 0.010497 2.304594
v -22.955378 -0.021176 2.195560
v -23.017290 0.014091 2.088325
v -23.061935 0.105494 2.010995
v -23.078133 0.228506 1.982943
v -23.061935 0.351518 2.010995
v -23.017290 0.442922 2.088325
v -22.955378 0.478189 2.195560
v -22.892427 0.446515 2.304594
v -22.845705 0.355111 2.385518
v -23.155670 0.228506 2.576723
v -23.168859 0.101902 2.544880
v -23.204620 0.010497 2.458550
v -23.252800 -0.021176 2.342232
v -23.300186 0.014091 2.227833
v -23.334356 0.105494 2.145337
v -23.346752 0.228506 2.115411
v -23.334356 0.351518 2.145337
v -23.300186 0.442922 2.227833
v -23.252800 0.478189 2.342232
v -23.204620 0.446515 2.458550
v -23.168859 0.355111 2.544880
v -23.501131 0.228506 2.693991
v -23.510052 0.101902 2.660699
v -23.534237 0.010497 2.570440
v -23.566822 -0.021176 2.448829
v -23.598869 0.014091 2.329223
v -23.621981 0.105494 2.242973
v -23.630363 0.228506 2.211685
v -23.621981 0.351518 2.242973
v -23.598869 0.442922 2.329223
v -23.566822 0.478188 2.448829
v -23.534237 0.446515 2.570440
v -23.510052 0.355111 2.660699
v -23.858942 0.228506 2.765164
v -23.863441 0.101902 2.730993
v -23.875637 0.010497 2.638349
v -23.892071 -0.021176 2.513525
v -23.908234 0.014091 2.390759
v -23.919889 0.105494 2.302231
v -23.924116 0.228506 2.270116
v -23.919889 0.351518 2.302231
v -23.908234 0.442921 2.390759
v -23.892071 0.478188 2.513525
v -23.875637 0.446515 2.638349
v -23.863441 0.355111 2.730993
v -24.222984 0.228506 2.789025
v -24.222984 0.101902 2.754559
v -24.222984 0.010497 2.661115
v -24.222984 -0.021176 2.535214
v -24.222984 0.014091 2.411389
v -24.222984 0.105494 2.322097
v -24.222984 0.228506 2.289705
v -24.222984 0.351518 2.322097
v -24.222984 0.442921 2.411389
v -24.222984 0.478188 2.535214
v -24.222984 0.446515 2.661115
v -24.222984 0.355110 2.754559
v -24.587025 0.228506 2.765164
v -24.582525 0.101902 2.730993
v -24.570330 0.010497 2.638349
v -24.553896 -0.021176 2.513525
v -24.537733 0.014091 2.390759
v -24.526079 0.105494 2.302231
v -24.521851 0.228506 2.270116
v -24.526079 0.351518 2.302231
v -24.537733 0.442921 2.390759
v -24.553896 0.478188 2.513525
v -24.570330 0.446515 2.638349
v -24.582525 0.355110 2.730993
v -24.944836 0.228506 2.693991
v -24.935915 0.101902 2.660699
v -24.911730 0.010497 2.570441
v -24.879145 -0.021176 2.448829
v -24.847097 0.014091 2.329223
v -24.823986 0.105494 2.242973
v -24.815603 0.228506 2.211685
v -24.823986 0.351518 2.242973
v -24.847097 0.442921 2.329223
v -24.879145 0.478188 2.448829
v -24.911730 0.446515 2.570441
v -24.935915 0.355110 2.660699
v -25.290298 0.228506 2.576723
v -25.277109 0.101902 2.544880
v -25.241350 0.010497 2.458549
v -25.193169 -0.021176 2.342232
v -25.145782 0.014091 2.227833
v -25.111612 0.105494 2.145337
v -25.099216 0.228506 2.115411
v -25.111612 0.351518 2.145337
v -25.145784 0.442921 2.227833
v -25.193169 0.478188 2.342232
v -25.241350 0.446515 2.458549
v -25.277109 0.355110 2.544880
v -25.617496 0.228506 2.415366
v -25.600264 0.101902 2.385518
v -25.553541 0.010497 2.304594
v -25.490591 -0.021176 2.195560
v -25.428679 0.014091 2.088324
v -25.384033 0.105494 2.010995
v -25.367836 0.228506 1.982943
v -25.384033 0.351518 2.010995
v -25.428679 0.442921 2.088324
v -25.490591 0.478188 2.195560
v -25.553541 0.446515 2.304594
v -25.600264 0.355110 2.385518
v -25.920834 0.228506 2.212683
v -25.899853 0.101901 2.185338
v -25.842968 0.010497 2.111205
v -25.766325 -0.021176 2.011321
v -25.690945 0.014091 1.913084
v -25.636587 0.105494 1.842243
v -25.616867 0.228506 1.816545
v -25.636587 0.351518 1.842243
v -25.690945 0.442921 1.913084
v -25.766325 0.478188 2.011321
v -25.842968 0.446515 2.111205
v -25.899853 0.355110 2.185338
v -26.195122 0.228506 1.972139
v -26.170750 0.101901 1.947768
v -26.104675 0.010497 1.881694
v -26.015650 -0.021176 1.792668
v -25.928093 0.014090 1.705111
v -25.864954 0.105494 1.641971
v -25.842049 0.228506 1.619067
v -25.864954 0.351518 1.641971
v -25.928093 0.442921 1.705111
v -26.015650 0.478188 1.792668
v -26.104675 0.446515 1.881694
v -26.170750 0.355110 1.947768
v -26.435667 0.228506 1.697850
v -26.408323 0.101901 1.676869
v -26.334190 0.010497 1.619984
v -26.234306 -0.021177 1.543340
v -26.136068 0.014090 1.467961
v -26.065228 0.105494 1.413603
v -26.039530 0.228506 1.393884
v -26.065228 0.351518 1.413603
v -26.136068 0.442921 1.467960
v -26.234306 0.478188 1.543340
v -26.334190 0.446515 1.619984
v -26.408323 0.355110 1.676869
v -26.638351 0.228506 1.394513
v -26.608501 0.101901 1.377279
v -26.527578 0.010497 1.330558
v -26.418545 -0.021177 1.267607
v -26.311308 0.014090 1.205695
v -26.233978 0.105494 1.161049
v -26.205927 0.228506 1.144853
v -26.233978 0.351518 1.161049
v -26.311308 0.442921 1.205695
v -26.418545 0.478188 1.267607
v -26.527578 0.446515 1.330558
v -26.608501 0.355110 1.377279
v -26.799707 0.228506 1.067315
v -26.767864 0.101901 1.054125
v -26.681534 0.010497 1.018366
v -26.565216 -0.021177 0.970185
v -26.450817 0.014090 0.922800
v -26.368322 0.105494 0.888629
v -26.338396 0.228506 0.876233
v -26.368322 0.351518 0.888629
v -26.450817 0.442921 0.922800
v -26.565216 0.478188 0.970185
v -26.681534 0.446515 1.018366
v -26.767864 0.355110 1.054125
v -26.916975 0.228506 0.721852
v -26.883684 0.101901 0.712931
v -26.793425 0.010497 0.688747
v -26.671814 -0.021177 0.656161
v -26.552208 0.014090 0.624113
v -26.465958 0.105494 0.601002
v -26.434669 0.228506 0.592619
v -26.465958 0.351518 0.601002
v -26.552208 0.442921 0.624113
v -26.671814 0.478188 0.656161
v -26.793425 0.446515 0.688747
v -26.883684 0.355110 0.712931
v -26.988148 0.228506 0.364041
v -26.953978 0.101901 0.359542
v -26.861334 0.010497 0.347345
v -26.736509 -0.021177 0.330912
v -26.613743 0.014090 0.314749
v -26.525215 0.105494 0.303094
v -26.493101 0.228506 0.298866
v -26.525215 0.351518 0.303094
v -26.613743 0.442921 0.314749
v -26.736509 0.478188 0.330912
v -26.861334 0.446515 0.347345
v -26.953978 0.355110 0.359542
vn -0.9630 -0.2622 -0.0631
vn -0.6985 -0.7141 -0.0458
vn -0.2439 -0.9697 -0.0160
vn 0.2739 -0.9616 0.0180
vn 0.7145 -0.6980 0.0468
vn 0.9651 -0.2541 0.0633
vn 0.9651 0.2541 0.0633
vn 0.7145 0.6980 0.0468
vn 0.2739 0.9616 0.0180
vn -0.2439 0.9697 -0.0160
vn -0.6985 0.7141 -0.0458
vn -0.9630 0.2622 -0.0631
vn -0.9465 -0.2622 -0.1883
vn -0.6866 -0.7141 -0.1366
vn -0.2398 -0.9697 -0.0477
vn 0.2692 -0.9616 0.0535
vn 0.7023 -0.6980 0.1397
vn 0.9486 -0.2541 0.1887
vn 0.9486 0.2541 0.1887
vn 0.7023 0.6980 0.1397
vn 0.2692 0.9616 0.0535
vn -0.2398 0.9697 -0.0477
vn -0.6866 0.7141 -0.1366
vn -0.9465 0.2622 -0.1883
vn -0.9138 -0.2622 -0.3102
vn -0.6629 -0.7141 -0.2250
vn -0.2315 -0.9697 -0.0786
vn 0.2599 -0.9616 0.0882
vn 0.6781 -0.6980 0.2302
vn 0.9158 -0.2541 0.3109
vn 0.9158 0.2541 0.3109
vn 0.6781 0.6980 0.2302
vn 0.2599 0.9616 0.0882
vn -0.2315 0.9697 -0.0786
vn -0.6629 0.7141 -0.2250
vn -0.9138 0.2622 -0.3102
vn -0.8655 -0.2622 -0.4268
vn -0.6278 -0.7141 -0.3096
vn -0.2193 -0.9697 -0.1081
vn 0.2462 -0.9616 0.1214
vn 0.6422 -0.6980 0.3167
vn 0.8674 -0.2541 0.4278
vn 0.8674 0.2541 0.4278
vn 0.6422 0.6980 0.3167
vn 0.2462 0.9616 0.1214
vn -0.2193 0.9697 -0.1081
vn -0.6278 0.7141 -0.3096
vn -0.8655 0.2622 -0.4268
vn -0.8024 -0.2622 -0.5361
vn -0.5821 -0.7141 -0.3889
vn -0.2033 -0.9697 -0.1358
vn 0.2282 -0.9616 0.1525
vn 0.5954 -0.6980 0.3978
vn 0.8042 -0.2541 0.5373
vn 0.8042 0.2541 0.5373
vn 0.5954 0.6980 0.3978
vn 0.2282 0.9616 0.1525
vn -0.2033 0.9697 -0.1358
vn -0.5821 0.7141 -0.3889
vn -0.8024 0.2622 -0.5361
vn -0.7255 -0.2622 -0.6363
vn -0.5263 -0.7141 -0.4616
vn -0.1838 -0.9697 -0.1612
vn 0.2064 -0.9616 0.1810
vn 0.5384 -0.6980 0.4721
vn 0.7272 -0.2541 0.6377
vn 0.7272 0.2541 0.6377
vn 0.5384 0.6980 0.4721
vn 0.2064 0.9616 0.1810
vn -0.1838 0.9697 -0.1612
vn -0.5263 0.7141 -0.4616
vn -0.7255 0.2622 -0.6363
vn -0.6363 -0.2622 -0.7255
vn -0.4616 -0.7141 -0.5263
vn -0.1612 -0.9697 -0.1838
vn 0.1810 -0.9616 0.2064
vn 0.4721 -0.6980 0.5384
vn 0.6377 -0.2541 0.7272
vn 0.6377 0.2541 0.7272
vn 0.4721 0.6980 0.5384
vn 0.1810 0.9616 0.2064
vn -0.1612 0.9697 -0.1838
vn -0.4616 0.7141 -0.5263
vn -0.6363 0.2622 -0.7255
vn -0.5361 -0.2622 -0.8024
vn -0.3889 -0.7141 -0.5821
vn -0.1358 -0.9697 -0.2033
vn 0.1525 -0.9616 0.2282
vn 0.3978 -0.6980 0.5954
vn 0.5373 -0.2541 0.8042
vn 0.5373 0.2541 0.8042
vn 0.3978 0.6980 0.5954
vn 0.1525 0.9616 0.2282
vn -0.1358 0.9697 -0.2033
vn -0.3889 0.7141 -0.5821
vn -0.5361 0.2622 -0.8024
vn -0.4268 -0.2622 -0.8655
vn -0.3096 -0.7141 -0.6278
vn -0.1081 -0.9697 -0.2193
vn 0.1214 -0.9616 0.2462
vn 0.3167 -0.6980 0.6422
vn 0.4278 -0.2541 0.8674
vn 0.4278 0.2541 0.8674
vn 0.3167 0.6980 0.6422
vn 0.1214 0.9616 0.2462
vn -0.1081 0.9697 -0.2193
vn -0.3096 0.7141 -0.6278
vn -0.4268 0.2622 -0.8655
vn -0.3102 -0.2622 -0.9138
vn -0.2250 -0.7141 -0.6629
vn -0.0786 -0.9697 -0.2315
vn 0.0882 -0.9616 0.2599
vn 0.2302 -0.6980 0.6781
vn 0.3109 -0.2541 0.9158
vn 0.3109 0.2541 0.9158
vn 0.2302 0.6980 0.6781
vn 0.0882 0.9616 0.2599
vn -0.0786 0.9697 -0.2315
vn -0.2250 0.7141 -0.6629
vn -0.3102 0.2622 -0.9138
vn -0.1883 -0.2622 -0.9465
vn -0.1366 -0.7141 -0.6866
vn -0.0477 -0.9697 -0.2398
vn 0.0535 -0.9616 0.2692
vn 0.1397 -0.6980 0.7023
vn 0.1887 -0.2541 0.9486
vn 0.1887 0.2541 0.9486
vn 0.1397 0.6980 0.7023
vn 0.0535 0.9616 0.2692
vn -0.0477 0.9697 -0.2398
vn -0.1366 0.7141 -0.6866
vn -0.1883 0.2622 -0.9465
vn -0.0631 -0.2621 -0.9630
vn -0.0458 -0.7141 -0.6985
vn -0.0160 -0.9697 -0.2439
vn 0.0180 -0.9616 0.2739
vn 0.0468 -0.6980 0.7145
vn 0.0633 -0.2541 0.9651
vn 0.0633 0.2541 0.9651
vn 0.0468 0.6980 0.7145
vn 0.0180 0.9616 0.2739
vn -0.0160 0.9697 -0.2439
vn -0.0458 0.7141 -0.6985
vn -0.0631 0.2621 -0.9630
vn 0.0631 -0.2622 -0.9630
vn 0.0458 -0.7141 -0.6985
vn 0.0160 -0.9697 -0.2439
vn -0.0180 -0.9616 0.2739
vn -0.0468 -0.6980 0.7145
vn -0.0633 -0.2541 0.9651
vn -0.0633 0.2541 0.9651
vn -0.0468 0.6980 0.7145
vn -0.0180 0.9616 0.2739
vn 0.0160 0.9697 -0.2439
vn 0.0458 0.7141 -0.6985
vn 0.0631 0.2622 -0.9630
vn 0.1883 -0.2622 -0.9465
vn 0.1366 -0.7141 -0.6866
vn 0.0477 -0.9697 -0.2398
vn -0.0535 -0.9616 0.2692
vn -0.1397 -0.6980 0.7023
vn -0.1887 -0.2541 0.9486
vn -0.1887 0.2541 0.9486
vn -0.1397 0.6980 0.7023
vn -0.0535 0.9616 0.2692
vn 0.0477 0.9697 -0.2398
vn 0.1366 0.7141 -0.6866
vn 0.1883 0.2622 -0.9465
vn 0.3102 -0.2622 -0.9138
vn 0.2250 -0.7141 -0.6629
vn 0.0786 -0.9697 -0.2315
vn -0.0882 -0.9616 0.2599
vn -0.2302 -0.6980 0.6781
vn -0.3109 -0.2541 0.9158
vn -0.3109 0.2541 0.9158
vn -0.2302 0.6980 0.6781
vn -0.0882 0.9616 0.2599
vn 0.0786 0.9697 -0.2315
vn 0.2250 0.7141 -0.6629
vn 0.3102 0.2622 -0.9138
vn 0.4268 -0.2622 -0.8655
vn 0.3096 -0.7141 -0.6278
vn 0.1081 -0.9697 -0.2193
vn -0.1214 -0.9616 0.2462
vn -0.3167 -0.6980 0.6422
vn -0.4278 -0.2541 0.8674
vn -0.4278 0.2541 0.8674
vn -0.3167 0.6980 0.6422
vn -0.1214 0.9616 0.2462
vn 0.1081 0.9697 -0.2193
vn 0.3096 0.7141 -0.6278
vn 0.4268 0.2622 -0.8655
vn 0.5361 -0.2622 -0.8024
vn 0.3889 -0.7141 -0.5821
vn 0.1358 -0.9697 -0.2033
vn -0.1525 -0.9616 0.2282
vn -0.3978 -0.6980 0.5954
vn -0.5373 -0.2541 0.8042
vn -0.5373 0.2541 0.8042
vn -0.3978 0.6980 0.5954
vn -0.1525 0.9616 0.2282
vn 0.1358 0.9697 -0.2033
vn 0.3889 0.7141 -0.5821
vn 0.5361 0.2622 -0.8024
vn 0.6363 -0.2622 -0.7255
vn 0.4616 -0.7141 -0.5263
vn 0.1612 -0.9697 -0.1838
vn -0.1810 -0.9616 0.2064
vn -0.4721 -0.6980 0.5384
vn -0.6377 -0.2541 0.7272
vn -0.6377 0.2541 0.7272
vn -0.4721 0.6980 0.5384
vn -0.1810 0.9616 0.2064
vn 0.1612 0.9697 -0.1838
vn 0.4616 0.7141 -0.5263
vn 0.6363 0.2622 -0.7255
vn 0.7255 -0.2622 -0.6363
vn 0.5263 -0.7141 -0.4616
vn 0.1838 -0.9697 -0.1612
vn -0.2064 -0.9616 0.1810
vn -0.5384 -0.6980 0.4721
vn -0.7272 -0.2541 0.6377
vn -0.7272 0.2541 0.6377
vn -0.5384 0.6980 0.4721
vn -0.2064 0.9616 0.1810
vn 0.1838 0.9697 -0.1612
vn 0.5263 0.7141 -0.4616
vn 0.7255 0.2622 -0.6363
vn 0.8024 -0.2622 -0.5361
vn 0.5821 -0.7141 -0.3889
vn 0.2033 -0.9697 -0.1358
vn -0.2282 -0.9616 0.1525
vn -0.5954 -0.6980 0.3978
vn -0.8042 -0.2541 0.5373
vn -0.8042 0.2541 0.5373
vn -0.5954 0.6980 0.3978
vn -0.2282 0.9616 0.1525
vn 0.2033 0.9697 -0.1358
vn 0.5821 0.7141 -0.3889
vn 0.8024 0.2622 -0.5361
vn 0.8655 -0.2622 -0.4268
vn 0.6278 -0.7141 -0.3096
vn 0.2193 -0.9697 -0.1081
vn -0.2462 -0.9616 0.1214
vn -0.6422 -0.6980 0.3167
vn -0.8674 -0.2541 0.4278
vn -0.8674 0.2541 0.4278
vn -0.6422 0.6980 0.3167
vn -0.2462 0.9616 0.1214
vn 0.2193 0.9697 -0.1081
vn 0.6278 0.7141 -0.3096
vn 0.8655 0.2622 -0.4268
vn 0.9138 -0.2622 -0.3102
vn 0.6629 -0.7141 -0.2250
vn 0.2315 -0.9697 -0.0786
vn -0.2599 -0.9616 0.0882
vn -0.6781 -0.6980 0.2302
vn -0.9158 -0.2541 0.3109
vn -0.9158 0.2541 0.3109
vn -0.6781 0.6980 0.2302
vn -0.2599 0.9616 0.0882
vn 0.2315 0.9697 -0.0786
vn 0.6629 0.7141 -0.2250
vn 0.9138 0.2622 -0.3102
vn 0.9465 -0.2622 -0.1883
vn 0.6866 -0.7141 -0.1366
vn 0.2398 -0.9697 -0.0477
vn -0.2692 -0.9616 0.0535
vn -0.7023 -0.6980 0.1397
vn -0.9486 -0.2541 0.1887
vn -0.9486 0.2541 0.1887
vn -0.7023 0.6980 0.1397
vn -0.2692 0.9616 0.0535
vn 0.2398 0.9697 -0.0477
vn 0.6866 0.7141 -0.1366
vn 0.9465 0.2622 -0.1883
vn 0.9630 -0.2622 -0.0631
vn 0.6985 -0.7141 -0.0458
vn 0.2439 -0.9697 -0.0160
vn -0.2739 -0.9616 0.0180
vn -0.7145 -0.6980 0.0468
vn -0.9651 -0.2541 0.0633
vn -0.9651 0.2541 0.0633
vn -0.7145 0.6980 0.0468
vn -0.2739 0.9616 0.0180
vn 0.2439 0.9697 -0.0160
vn 0.6985 0.7141 -0.0458
vn 0.9630 0.2622 -0.0631
vn 0.9630 -0.2622 0.0631
vn 0.6985 -0.7141 0.0458
vn 0.2439 -0.9697 0.0160
vn -0.2739 -0.9616 -0.0180
vn -0.7145 -0.6980 -0.0468
vn -0.9651 -0.2541 -0.0633
vn -0.9651 0.2541 -0.0633
vn -0.7145 0.6980 -0.0468
vn -0.2739 0.9616 -0.0180
vn 0.2439 0.9697 0.0160
vn 0.6985 0.7141 0.0458
vn 0.9630 0.2622 0.0631
vn 0.9465 -0.2622 0.1883
vn 0.6866 -0.7141 0.1366
vn 0.2398 -0.9697 0.0477
vn -0.2692 -0.9616 -0.0535
vn -0.7023 -0.6980 -0.1397
vn -0.9486 -0.2541 -0.1887
vn -0.9486 0.2541 -0.1887
vn -0.7023 0.6980 -0.1397
vn -0.2692 0.9616 -0.0535
vn 0.2398 0.9697 0.0477
vn 0.6866 0.7141 0.1366
vn 0.9465 0.2622 0.1883
vn 0.9138 -0.2622 0.3102
vn 0.6629 -0.7141 0.2250
vn 0.2315 -0.9697 0.0786
vn -0.2599 -0.9616 -0.0882
vn -0.6781 -0.6980 -0.2302
vn -0.9158 -0.2541 -0.3109
vn -0.9158 0.2541 -0.3109
vn -0.6781 0.6980 -0.2302
vn -0.2599 0.9616 -0.0882
vn 0.2315 0.9697 0.0786
vn 0.6629 0.7141 0.2250
vn 0.9138 0.2622 0.3102
vn 0.8655 -0.2622 0.4268
vn 0.6278 -0.7141 0.3096
vn 0.2193 -0.9697 0.1081
vn -0.2462 -0.9616 -0.1214
vn -0.6422 -0.6980 -0.3167
vn -0.8674 -0.2541 -0.4278
vn -0.8674 0.2541 -0.4278
vn -0.6422 0.6980 -0.3167
vn -0.2462 0.9616 -0.1214
vn 0.2193 0.9697 0.1081
vn 0.6278 0.7141 0.3096
vn 0.8655 0.2622 0.4268
vn 0.8024 -0.2622 0.5361
vn 0.5821 -0.7141 0.3889
vn 0.2033 -0.9697 0.1358
vn -0.2282 -0.9616 -0.1525
vn -0.5954 -0.6980 -0.3978
vn -0.8042 -0.2541 -0.5373
vn -0.8042 0.2541 -0.5373
vn -0.5954 0.6980 -0.3978
vn -0.2282 0.9616 -0.1525
vn 0.2033 0.9697 0.1358
vn 0.5821 0.7141 0.3889
vn 0.8024 0.2622 0.5361
vn 0.7255 -0.2622 0.6363
vn 0.5263 -0.7141 0.4616
vn 0.1838 -0.9697 0.1612
vn -0.2064 -0.9616 -0.1810
vn -0.5384 -0.6980 -0.4721
vn -0.7272 -0.2541 -0.6377
vn -0.7272 0.2541 -0.6377
vn -0.5384 0.6980 -0.4721
vn -0.2064 0.9616 -0.1810
vn 0.1838 0.9697 0.1612
vn 0.5263 0.7141 0.4616
vn 0.7255 0.2622 0.6363
vn 0.6363 -0.2622 0.7255
vn 0.4616 -0.7141 0.5263
vn 0.1612 -0.9697 0.1838
vn -0.1810 -0.9616 -0.2064
vn -0.4721 -0.6980 -0.5384
vn -0.6377 -0.2541 -0.7272
vn -0.6377 0.2541 -0.7272
vn -0.4721 0.6980 -0.5384
vn -0.1810 0.9616 -0.2064
vn 0.1612 0.9697 0.1838
vn 0.4616 0.7141 0.5263
vn 0.6363 0.2622 0.7255
vn 0.5361 -0.2622 0.8024
vn 0.3889 -0.7141 0.5821
vn 0.1358 -0.9697 0.2033
vn -0.1525 -0.9616 -0.2282
vn -0.3978 -0.6980 -0.5954
vn -0.5373 -0.2541 -0.8042
vn -0.5373 0.2541 -0.8042
vn -0.3978 0.6980 -0.5954
vn -0.1525 0.9616 -0.2282
vn 0.1358 0.9697 0.2033
vn 0.3889 0.7141 0.5821
vn 0.5361 0.2622 0.8024
vn 0.4268 -0.2622 0.8655
vn 0.3096 -0.7141 0.6278
vn 0.1081 -0.9697 0.2193
vn -0.1214 -0.9616 -0.2462
vn -0.3167 -0.6980 -0.6422
vn -0.4278 -0.2541 -0.8674
vn -0.4278 0.2541 -0.8674
vn -0.3167 0.6980 -0.6422
vn -0.1214 0.9616 -0.2462
vn 0.1081 0.9697 0.2193
vn 0.3096 0.7141 0.6278
vn 0.4268 0.2622 0.8655
vn 0.3102 -0.2622 0.9138
vn 0.2250 -0.7141 0.6629
vn 0.0786 -0.9697 0.2315
vn -0.0882 -0.9616 -0.2599
vn -0.2302 -0.6980 -0.6781
vn -0.3109 -0.2541 -0.9158
vn -0.3109 0.2541 -0.9158
vn -0.2302 0.6980 -0.6781
vn -0.0882 0.9616 -0.2599
vn 0.0786 0.9697 0.2315
vn 0.2250 0.7141 0.6629
vn 0.3102 0.2622 0.9138
vn 0.1883 -0.2622 0.9465
vn 0.1366 -0.7141 0.6866
vn 0.0477 -0.9697 0.2398
vn -0.0535 -0.9616 -0.2692
vn -0.1397 -0.6980 -0.7023
vn -0.1887 -0.2541 -0.9486
vn -0.1887 0.2541 -0.9486
vn -0.1397 0.6980 -0.7023
vn -0.0535 0.9616 -0.2692
vn 0.0477 0.9697 0.2398
vn 0.1366 0.7141 0.6866
vn 0.1883 0.2622 0.9465
vn 0.0631 -0.2622 0.9630
vn 0.0458 -0.7141 0.6985
vn 0.0160 -0.9697 0.2439
vn -0.0180 -0.9616 -0.2739
vn -0.0468 -0.6980 -0.7145
vn -0.0633 -0.2541 -0.9651
vn -0.0633 0.2541 -0.9651
vn -0.0468 0.6980 -0.7145
vn -0.0180 0.9616 -0.2739
vn 0.0160 0.9697 0.2439
vn 0.0458 0.7141 0.6985
vn 0.0631 0.2622 0.9630
vn -0.0631 -0.2621 0.9630
vn -0.0458 -0.7141 0.6985
vn -0.0160 -0.9697 0.2439
vn 0.0180 -0.9616 -0.2739
vn 0.0468 -0.6980 -0.7145
vn 0.0633 -0.2541 -0.9651
vn 0.0633 0.2541 -0.9651
vn 0.0468 0.6980 -0.7145
vn 0.0180 0.9616 -0.2739
vn -0.0160 0.9697 0.2439
vn -0.0458 0.7141 0.6985
vn -0.0631 0.2621 0.9630
vn -0.1883 -0.2622 0.9465
vn -0.1366 -0.7141 0.6866
vn -0.0477 -0.9697 0.2398
vn 0.0535 -0.9616 -0.2692
vn 0.1397 -0.6980 -0.7023
vn 0.1887 -0.2541 -0.9486
vn 0.1887 0.2541 -0.9486
vn 0.1397 0.6980 -0.7023
vn 0.0535 0.9616 -0.2692
vn -0.0477 0.9697 0.2398
vn -0.1366 0.7141 0.6866
vn -0.1883 0.2622 0.9465
vn -0.3102 -0.2622 0.9138
vn -0.2250 -0.7141 0.6629
vn -0.0786 -0.9697 0.2315
vn 0.0882 -0.9616 -0.2599
vn 0.2302 -0.6980 -0.6781
vn 0.3109 -0.2541 -0.9158
vn 0.3109 0.2541 -0.9158
vn 0.2302 0.6980 -0.6781
vn 0.0882 0.9616 -0.2599
vn -0.0786 0.9697 0.2315
vn -0.2250 0.7141 0.6629
vn -0.3102 0.2622 0.9138
vn -0.4268 -0.2622 0.8655
vn -0.3096 -0.7141 0.6278
vn -0.1081 -0.9697 0.2193
vn 0.1214 -0.9616 -0.2462
vn 0.3167 -0.6980 -0.6422
vn 0.4278 -0.2541 -0.8674
vn 0.4278 0.2541 -0.8674
vn 0.3167 0.6980 -0.6422
vn 0.1214 0.9616 -0.2462
vn -0.1081 0.9697 0.2193
vn -0.3096 0.7141 0.6278
vn -0.4268 0.2622 0.8655
vn -0.5361 -0.2622 0.8024
vn -0.3889 -0.7141 0.5821
vn -0.1358 -0.9697 0.2033
vn 0.1525 -0.9616 -0.2282
vn 0.3978 -0.6980 -0.5954
vn 0.5373 -0.2541 -0.8042
vn 0.5373 0.2541 -0.8042
vn 0.3978 0.6980 -0.5954
vn 0.1525 0.9616 -0.2282
vn -0.1358 0.9697 0.2033
vn -0.3889 0.7141 0.5821
vn -0.5361 0.2622 0.8024
vn -0.6363 -0.2622 0.7255
vn -0.4616 -0.7141 0.5263
vn -0.1612 -0.9697 0.1838
vn 0.1810 -0.9616 -0.2064
vn 0.4721 -0.6980 -0.5384
vn 0.6377 -0.2541 -0.7272
vn 0.6377 0.2541 -0.7272
vn 0.4721 0.6980 -0.5384
vn 0.1810 0.9616 -0.2064
vn -0.1612 0.9697 0.1838
vn -0.4616 0.7141 0.5263
vn -0.6363 0.2622 0.7255
vn -0.7255 -0.2622 0.6363
vn -0.5263 -0.7141 0.4616
vn -0.1838 -0.9697 0.1612
vn 0.2064 -0.9616 -0.1810
vn 0.5384 -0.6980 -0.4721
vn 0.7272 -0.2541 -0.6377
vn 0.7272 0.2541 -0.6377
vn 0.5384 0.6980 -0.4721
vn 0.2064 0.9616 -0.1810
vn -0.1838 0.9697 0.1612
vn -0.5263 0.7141 0.4616
vn -0.7255 0.2622 0.6363
vn -0.8024 -0.2622 0.5361
vn -0.5821 -0.7141 0.3889
vn -0.2033 -0.9697 0.1358
vn 0.2282 -0.9616 -0.1525
vn 0.5954 -0.6980 -0.3978
vn 0.8042 -0.2541 -0.5373
vn 0.8042 0.2541 -0.5373
vn 0.5954 0.6980 -0.3978
vn 0.2282 0.9616 -0.1525
vn -0.2033 0.9697 0.1358
vn -0.5821 0.7141 0.3889
vn -0.8024 0.2622 0.5361
vn -0.8655 -0.2622 0.4268
vn -0.6278 -0.7141 0.3096
vn -0.2193 -0.9697 0.1081
vn 0.2462 -0.9616 -0.1214
vn 0.6422 -0.6980 -0.3167
vn 0.8674 -0.2541 -0.4278
vn 0.8674 0.2541 -0.4278
vn 0.6422 0.6980 -0.3167
vn 0.2462 0.9616 -0.1214
vn -0.2193 0.9697 0.1081
vn -0.6278 0.7141 0.3096
vn -0.8655 0.2622 0.4268
vn -0.9138 -0.2622 0.3102
vn -0.6629 -0.7141 0.2250
vn -0.2315 -0.9697 0.0786
vn 0.2599 -0.9616 -0.0882
vn 0.6781 -0.6980 -0.2302
vn 0.9158 -0.2541 -0.3109
vn 0.9158 0.2541 -0.3109
vn 0.6781 0.6980 -0.2302
vn 0.2599 0.9616 -0.0882
vn -0.2315 0.9697 0.0786
vn -0.6629 0.7141 0.2250
vn -0.9138 0.2622 0.3102
vn -0.9465 -0.2622 0.1883
vn -0.6866 -0.7141 0.1366
vn -0.2398 -0.9697 0.0477
vn 0.2692 -0.9616 -0.0535
vn 0.7023 -0.6980 -0.1397
vn 0.9486 -0.2541 -0.1887
vn 0.9486 0.2541 -0.1887
vn 0.7023 0.6980 -0.1397
vn 0.2692 0.9616 -0.0535
vn -0.2398 0.9697 0.0477
vn -0.6866 0.7141 0.1366
vn -0.9465 0.2622 0.1883
vn -0.9630 -0.2622 0.0631
vn -0.6985 -0.7141 0.0458
vn -0.2439 -0.9697 0.0160
vn 0.2739 -0.9616 -0.0180
vn 0.7145 -0.6980 -0.0468
vn 0.9651 -0.2541 -0.0633
vn 0.9651 0.2541 -0.0633
vn 0.7145 0.6980 -0.0468
vn 0.2739 0.9616 -0.0180
vn -0.2439 0.9697 0.0160
vn -0.6985 0.7141 0.0458
vn -0.9630 0.2622 0.0631
vt 0.500000 0.500000
vt 0.520833 0.500000
vt 0.520833 0.583333
vt 0.500000 0.583333
vt 0.520833 0.666667
vt 0.500000 0.666667
vt 0.520833 0.750000
vt 0.500000 0.750000
vt 0.520833 0.833333
vt 0.500000 0.833333
vt 0.520833 0.916667
vt 0.500000 0.916667
vt 0.520833 1.000000
vt 0.500000 1.000000
vt 0.500000 0.000000
vt 0.520833 0.000000
vt 0.520833 0.083333
vt 0.500000 0.083333
vt 0.520833 0.166667
vt 0.500000 0.166667
vt 0.520833 0.250000
vt 0.500000 0.250000
vt 0.520833 0.333333
vt 0.500000 0.333333
vt 0.520833 0.416667
vt 0.500000 0.416667
vt 0.541667 0.500000
vt 0.541667 0.583333
vt 0.541667 0.666667
vt 0.541667 0.750000
vt 0.541667 0.833333
vt 0.541667 0.916667
vt 0.541667 1.000000
vt 0.541667 0.000000
vt 0.541667 0.083333
vt 0.541667 0.166667
vt 0.541667 0.250000
vt 0.541667 0.333333
vt 0.541667 0.416667
vt 0.562500 0.500000
vt 0.562500 0.583333
vt 0.562500 0.666667
vt 0.562500 0.750000
vt 0.562500 0.833333
vt 0.562500 0.916667
vt 0.562500 1.000000
vt 0.562500 0.000000
vt 0.562500 0.083333
vt 0.562500 0.166667
vt 0.562500 0.250000
vt 0.562500 0.333333
vt 0.562500 0.416667
vt 0.583333 0.500000
vt 0.583333 0.583333
vt 0.583333 0.666667
vt 0.583333 0.750000
vt 0.583333 0.833333
vt 0.583333 0.916667
vt 0.583333 1.000000
vt 0.583333 0.000000
vt 0.583333 0.083333
vt 0.583333 0.166667
vt 0.583333 0.250000
vt 0.583333 0.333333
vt 0.583333 0.416667
vt 0.604167 0.500000
vt 0.604167 0.583333
vt 0.604167 0.666667
vt 0.604167 0.750000
vt 0.604167 0.833333
vt 0.604167 0.916667
vt 0.604167 1.000000
vt 0.604167 0.000000
vt 0.604167 0.083333
vt 0.604167 0.166667
vt 0.604167 0.250000
vt 0.604167 0.333333
vt 0.604167 0.416667
vt 0.625000 0.500000
vt 0.625000 0.583333
vt 0.625000 0.666667
vt 0.625000 0.750000
vt 0.625000 0.833333
vt 0.625000 0.916667
vt 0.625000 1.000000
vt 0.625000 0.000000
vt 0.625000 0.083333
vt 0.625000 0.166667
vt 0.625000 0.250000
vt 0.625000 0.333333
vt 0.625000 0.416667
vt 0.645833 0.500000
vt 0.645833 0.583333
vt 0.645833 0.666667
vt 0.645833 0.750000
vt 0.645833 0.833333
vt 0.645833 0.916667
vt 0.645833 1.000000
vt 0.645833 0.000000
vt 0.645833 0.083333
vt 0.645833 0.166667
vt 0.645833 0.250000
vt 0.645833 0.333333
vt 0.645833 0.416667
vt 0.666667 0.500000
vt 0.666667 0.583333
vt 0.666667 0.666667
vt 0.666667 0.750000
vt 0.666667 0.833333
vt 0.666667 0.916667
vt 0.666667 1.000000
vt 0.666667 0.000000
vt 0.666667 0.083333
vt 0.666667 0.166667
vt 0.666667 0.250000
vt 0.666667 0.333333
vt 0.666667 0.416667
vt 0.687500 0.500000
vt 0.687500 0.583333
vt 0.687500 0.666667
vt 0.687500 0.750000
vt 0.687500 0.833333
vt 0.687500 0.916667
vt 0.687500 1.000000
vt 0.687500 0.000000
vt 0.687500 0.083333
vt 0.687500 0.166667
vt 0.687500 0.250000
vt 0.687500 0.333333
vt 0.687500 0.416667
vt 0.708333 0.500000
vt 0.708333 0.583333
vt 0.708333 0.666667
vt 0.708333 0.750000
vt 0.708333 0.833333
vt 0.708333 0.916667
vt 0.708333 1.000000
vt 0.708333 0.000000
vt 0.708333 0.083333
vt 0.708333 0.166667
vt 0.708333 0.250000
vt 0.708333 0.333333
vt 0.708333 0.416667
vt 0.729167 0.500000
vt 0.729167 0.583333
vt 0.729167 0.666667
vt 0.729167 0.750000
vt 0.729167 0.833333
vt 0.729167 0.916667
vt 0.729167 1.000000
vt 0.729167 0.000000
vt 0.729167 0.083333
vt 0.729167 0.166667
vt 0.729167 0.250000
vt 0.729167 0.333333
vt 0.729167 0.416667
vt 0.750000 0.500000
vt 0.750000 0.583333
vt 0.750000 0.666667
vt 0.750000 0.750000
vt 0.750000 0.833333
vt 0.750000 0.916667
vt 0.750000 1.000000
vt 0.750000 0.000000
vt 0.750000 0.083333
vt 0.750000 0.166667
vt 0.750000 0.250000
vt 0.750000 0.333333
vt 0.750000 0.416667
vt 0.770833 0.500000
vt 0.770833 0.583333
vt 0.770833 0.666667
vt 0.770833 0.750000
vt 0.770833 0.833333
vt 0.770833 0.916667
vt 0.770833 1.000000
vt 0.770833 0.000000
vt 0.770833 0.083333
vt 0.770833 0.166667
vt 0.770833 0.250000
vt 0.770833 0.333333
vt 0.770833 0.416667
vt 0.791667 0.500000
vt 0.791667 0.583333
vt 0.791667 0.666667
vt 0.791667 0.750000
vt 0.791667 0.833333
vt 0.791667 0.916667
vt 0.791667 1.000000
vt 0.791667 0.000000
vt 0.791667 0.083333
vt 0.791667 0.166667
vt 0.791667 0.250000
vt 0.791667 0.333333
vt 0.791667 0.416667
vt 0.812500 0.500000
vt 0.812500 0.583333
vt 0.812500 0.666667
vt 0.812500 0.750000
vt 0.812500 0.833333
vt 0.812500 0.916667
vt 0.812500 1.000000
vt 0.812500 0.000000
vt 0.812500 0.083333
vt 0.812500 0.166667
vt 0.812500 0.250000
vt 0.812500 0.333333
vt 0.812500 0.416667
vt 0.833333 0.500000
vt 0.833333 0.583333
vt 0.833333 0.666667
vt 0.833333 0.750000
vt 0.833333 0.833333
vt 0.833333 0.916667
vt 0.833333 1.000000
vt 0.833333 0.000000
vt 0.833333 0.083333
vt 0.833333 0.166667
vt 0.833333 0.250000
vt 0.833333 0.333333
vt 0.833333 0.416667
vt 0.854167 0.500000
vt 0.854167 0.583333
vt 0.854167 0.666667
vt 0.854167 0.750000
vt 0.854167 0.833333
vt 0.854167 0.916667
vt 0.854167 1.000000
vt 0.854167 0.000000
vt 0.854167 0.083333
vt 0.854167 0.166667
vt 0.854167 0.250000
vt 0.854167 0.333333
vt 0.854167 0.416667
vt 0.875000 0.500000
vt 0.875000 0.583333
vt 0.875000 0.666667
vt 0.875000 0.750000
vt 0.875000 0.833333
vt 0.875000 0.916667
vt 0.875000 1.000000
vt 0.875000 0.000000
vt 0.875000 0.083333
vt 0.875000 0.166667
vt 0.875000 0.250000
vt 0.875000 0.333333
vt 0.875000 0.416667
vt 0.895833 0.500000
vt 0.895833 0.583333
vt 0.895833 0.666667
vt 0.895833 0.750000
vt 0.895833 0.833333
vt 0.895833 0.916667
vt 0.895833 1.000000
vt 0.895833 0.000000
vt 0.895833 0.083333
vt 0.895833 0.166667
vt 0.895833 0.250000
vt 0.895833 0.333333
vt 0.895833 0.416667
vt 0.916667 0.500000
vt 0.916667 0.583333
vt 0.916667 0.666667
vt 0.916667 0.750000
vt 0.916667 0.833333
vt 0.916667 0.916667
vt 0.916667 1.000000
vt 0.916667 0.000000
vt 0.916667 0.083333
vt 0.916667 0.166667
vt 0.916667 0.250000
vt 0.916667 0.333333
vt 0.916667 0.416667
vt 0.937500 0.500000
vt 0.937500 0.583333
vt 0.937500 0.666667
vt 0.937500 0.750000
vt 0.937500 0.833333
vt 0.937500 0.916667
vt 0.937500 1.000000
vt 0.937500 0.000000
vt 0.937500 0.083333
vt 0.937500 0.166667
vt 0.937500 0.250000
vt 0.937500 0.333333
vt 0.937500 0.416667
vt 0.958333 0.500000
vt 0.958333 0.583333
vt 0.958333 0.666667
vt 0.958333 0.750000
vt 0.958333 0.833333
vt 0.958333 0.916667
vt 0.958333 1.000000
vt 0.958333 0.000000
vt 0.958333 0.083333
vt 0.958333 0.166667
vt 0.958333 0.250000
vt 0.958333 0.333333
vt 0.958333 0.416667
vt 0.979167 0.500000
vt 0.979167 0.583333
vt 0.979167 0.666667
vt 0.979167 0.750000
vt 0.979167 0.833333
vt 0.979167 0.916667
vt 0.979167 1.000000
vt 0.979167 0.000000
vt 0.979167 0.083333
vt 0.979167 0.166667
vt 0.979167 0.250000
vt 0.979167 0.333333
vt 0.979167 0.416667
vt 1.000000 0.500000
vt 1.000000 0.583333
vt 1.000000 0.666667
vt 1.000000 0.750000
vt 1.000000 0.833333
vt 1.000000 0.916667
vt 1.000000 1.000000
vt 1.000000 0.000000
vt 1.000000 0.083333
vt 1.000000 0.166667
vt 1.000000 0.250000
vt 1.000000 0.333333
vt 1.000000 0.416667
vt 0.000000 0.500000
vt 0.020833 0.500000
vt 0.020833 0.583333
vt 0.000000 0.583333
vt 0.020833 0.666667
vt 0.000000 0.666667
vt 0.020833 0.750000
vt 0.000000 0.750000
vt 0.020833 0.833333
vt 0.000000 0.833333
vt 0.020833 0.916667
vt 0.000000 0.916667
vt 0.020833 1.000000
vt 0.000000 1.000000
vt 0.000000 0.000000
vt 0.020833 0.000000
vt 0.020833 0.083333
vt 0.000000 0.083333
vt 0.020833 0.166667
vt 0.000000 0.166667
vt 0.020833 0.250000
vt 0.000000 0.250000
vt 0.020833 0.333333
vt 0.000000 0.333333
vt 0.020833 0.416667
vt 0.000000 0.416667
vt 0.041667 0.500000
vt 0.041667 0.583333
vt 0.041667 0.666667
vt 0.041667 0.750000
vt 0.041667 0.833333
vt 0.041667 0.916667
vt 0.041667 1.000000
vt 0.041667 0.000000
vt 0.041667 0.083333
vt 0.041667 0.166667
vt 0.041667 0.250000
vt 0.041667 0.333333
vt 0.041667 0.416667
vt 0.062500 0.500000
vt 0.062500 0.583333
vt 0.062500 0.666667
vt 0.062500 0.750000
vt 0.062500 0.833333
vt 0.062500 0.916667
vt 0.062500 1.000000
vt 0.062500 0.000000
vt 0.062500 0.083333
vt 0.062500 0.166667
vt 0.062500 0.250000
vt 0.062500 0.333333
vt 0.062500 0.416667
vt 0.083333 0.500000
vt 0.083333 0.583333
vt 0.083333 0.666667
vt 0.083333 0.750000
vt 0.083333 0.833333
vt 0.083333 0.916667
vt 0.083333 1.000000
vt 0.083333 0.000000
vt 0.083333 0.083333
vt 0.083333 0.166667
vt 0.083333 0.250000
vt 0.083333 0.333333
vt 0.083333 0.416667
vt 0.104167 0.500000
vt 0.104167 0.583333
vt 0.104167 0.666667
vt 0.104167 0.750000
vt 0.104167 0.833333
vt 0.104167 0.916667
vt 0.104167 1.000000
vt 0.104167 0.000000
vt 0.104167 0.083333
vt 0.104167 0.166667
vt 0.104167 0.250000
vt 0.104167 0.333333
vt 0.104167 0.416667
vt 0.125000 0.500000
vt 0.125000 0.583333
vt 0.125000 0.666667
vt 0.125000 0.750000
vt 0.125000 0.833333
vt 0.125000 0.916667
vt 0.125000 1.000000
vt 0.125000 0.000000
vt 0.125000 0.083333
vt 0.125000 0.166667
vt 0.125000 0.250000
vt 0.125000 0.333333
vt 0.125000 0.416667
vt 0.145833 0.500000
vt 0.145833 0.583333
vt 0.145833 0.666667
vt 0.145833 0.750000
vt 0.145833 0.833333
vt 0.145833 0.916667
vt 0.145833 1.000000
vt 0.145833 0.000000
vt 0.145833 0.083333
vt 0.145833 0.166667
vt 0.145833 0.250000
vt 0.145833 0.333333
vt 0.145833 0.416667
vt 0.166667 0.500000
vt 0.166667 0.583333
vt 0.166667 0.666667
vt 0.166667 0.750000
vt 0.166667 0.833333
vt 0.166667 0.916667
vt 0.166667 1.000000
vt 0.166667 0.000000
vt 0.166667 0.083333
vt 0.166667 0.166667
vt 0.166667 0.250000
vt 0.166667 0.333333
vt 0.166667 0.416667
vt 0.187500 0.500000
vt 0.187500 0.583333
vt 0.187500 0.666667
vt 0.187500 0.750000
vt 0.187500 0.833333
vt 0.187500 0.916667
vt 0.187500 1.000000
vt 0.187500 0.000000
vt 0.187500 0.083333
vt 0.187500 0.166667
vt 0.187500 0.250000
vt 0.187500 0.333333
vt 0.187500 0.416667
vt 0.208333 0.500000
vt 0.208333 0.583333
vt 0.208333 0.666667
vt 0.208333 0.750000
vt 0.208333 0.833333
vt 0.208333 0.916667
vt 0.208333 1.000000
vt 0.208333 0.000000
vt 0.208333 0.083333
vt 0.208333 0.166667
vt 0.208333 0.250000
vt 0.208333 0.333333
vt 0.208333 0.416667
vt 0.229167 0.500000
vt 0.229167 0.583333
vt 0.229167 0.666667
vt 0.229167 0.750000
vt 0.229167 0.833333
vt 0.229167 0.916667
vt 0.229167 1.000000
vt 0.229167 0.000000
vt 0.229167 0.083333
vt 0.229167 0.166667
vt 0.229167 0.250000
vt 0.229167 0.333333
vt 0.229167 0.416667
vt 0.250000 0.500000
vt 0.250000 0.583333
vt 0.250000 0.666667
vt 0.250000 0.750000
vt 0.250000 0.833333
vt 0.250000 0.916667
vt 0.250000 1.000000
vt 0.250000 0.000000
vt 0.250000 0.083333
vt 0.250000 0.166667
vt 0.250000 0.250000
vt 0.250000 0.333333
vt 0.250000 0.416667
vt 0.270833 0.500000
vt 0.270833 0.583333
vt 0.270833 0.666667
vt 0.270833 0.750000
vt 0.270833 0.833333
vt 0.270833 0.916667
vt 0.270833 1.000000
vt 0.270833 0.000000
vt 0.270833 0.083333
vt 0.270833 0.166667
vt 0.270833 0.250000
vt 0.270833 0.333333
vt 0.270833 0.416667
vt 0.291667 0.500000
vt 0.291667 0.583333
vt 0.291667 0.666667
vt 0.291667 0.750000
vt 0.291667 0.833333
vt 0.291667 0.916667
vt 0.291667 1.000000
vt 0.291667 0.000000
vt 0.291667 0.083333
vt 0.291667 0.166667
vt 0.291667 0.250000
vt 0.291667 0.333333
vt 0.291667 0.416667
vt 0.312500 0.500000
vt 0.312500 0.583333
vt 0.312500 0.666667
vt 0.312500 0.750000
vt 0.312500 0.833333
vt 0.312500 0.916667
vt 0.312500 1.000000
vt 0.312500 0.000000
vt 0.312500 0.083333
vt 0.312500 0.166667
vt 0.312500 0.250000
vt 0.312500 0.333333
vt 0.312500 0.416667
vt 0.333333 0.500000
vt 0.333333 0.583333
vt 0.333333 0.666667
vt 0.333333 0.750000
vt 0.333333 0.833333
vt 0.333333 0.916667
vt 0.333333 1.000000
vt 0.333333 0.000000
vt 0.333333 0.083333
vt 0.333333 0.166667
vt 0.333333 0.250000
vt 0.333333 0.333333
vt 0.333333 0.416667
vt 0.354167 0.500000
vt 0.354167 0.583333
vt 0.354167 0.666667
vt 0.354167 0.750000
vt 0.354167 0.833333
vt 0.354167 0.916667
vt 0.354167 1.000000
vt 0.354167 0.000000
vt 0.354167 0.083333
vt 0.354167 0.166667
vt 0.354167 0.250000
vt 0.354167 0.333333
vt 0.354167 0.416667
vt 0.375000 0.500000
vt 0.375000 0.583333
vt 0.375000 0.666667
vt 0.375000 0.750000
vt 0.375000 0.833333
vt 0.375000 0.916667
vt 0.375000 1.000000
vt 0.375000 0.000000
vt 0.375000 0.083333
vt 0.375000 0.166667
vt 0.375000 0.250000
vt 0.375000 0.333333
vt 0.375000 0.416667
vt 0.395833 0.500000
vt 0.395833 0.583333
vt 0.395833 0.666667
vt 0.395833 0.750000
vt 0.395833 0.833333
vt 0.395833 0.916667
vt 0.395833 1.000000
vt 0.395833 0.000000
vt 0.395833 0.083333
vt 0.395833 0.166667
vt 0.395833 0.250000
vt 0.395833 0.333333
vt 0.395833 0.416667
vt 0.416667 0.500000
vt 0.416667 0.583333
vt 0.416667 0.666667
vt 0.416667 0.750000
vt 0.416667 0.833333
vt 0.416667 0.916667
vt 0.416667 1.000000
vt 0.416667 0.000000
vt 0.416667 0.083333
vt 0.416667 0.166667
vt 0.416667 0.250000
vt 0.416667 0.333333
vt 0.416667 0.416667
vt 0.437500 0.500000
vt 0.437500 0.583333
vt 0.437500 0.666667
vt 0.437500 0.750000
vt 0.437500 0.833333
vt 0.437500 0.916667
vt 0.437500 1.000000
vt 0.437500 0.000000
vt 0.437500 0.083333
vt 0.437500 0.166667
vt 0.437500 0.250000
vt 0.437500 0.333333
vt 0.437500 0.416667
vt 0.458333 0.500000
vt 0.458333 0.583333
vt 0.458333 0.666667
vt 0.458333 0.750000
vt 0.458333 0.833333
vt 0.458333 0.916667
vt 0.458333 1.000000
vt 0.458333 0.000000
vt 0.458333 0.083333
vt 0.458333 0.166667
vt 0.458333 0.250000
vt 0.458333 0.333333
vt 0.458333 0.416667
vt 0.479167 0.500000
vt 0.479167 0.583333
vt 0.479167 0.666667
vt 0.479167 0.750000
vt 0.479167 0.833333
vt 0.479167 0.916667
vt 0.479167 1.000000
vt 0.479167 0.000000
vt 0.479167 0.083333
vt 0.479167 0.166667
vt 0.479167 0.250000
vt 0.479167 0.333333
vt 0.479167 0.416667
s 0
f 1015/1035/802 1027/1036/802 1028/1037/802 1016/1038/802
f 1016/1038/803 1028/1037/803 1029/1039/803 1017/1040/803
f 1017/1040/804 1029/1039/804 1030/1041/804 1018/1042/804
f 1018/1042/805 1030/1041/805 1031/1043/805 1019/1044/805
f 1019/1044/806 1031/1043/806 1032/1045/806 1020/1046/806
f 1020/1046/807 1032/1045/807 1033/1047/807 1021/1048/807
f 1021/1049/808 1033/1050/808 1034/1051/808 1022/1052/808
f 1022/1052/809 1034/1051/809 1035/1053/809 1023/1054/809
f 1023/1054/810 1035/1053/810 1036/1055/810 1024/1056/810
f 1024/1056/811 1036/1055/811 1037/1057/811 1025/1058/811
f 1025/1058/812 1037/1057/812 1038/1059/812 1026/1060/812
f 1026/1060/813 1038/1059/813 1027/1036/813 1015/1035/813
f 1027/1036/814 1039/1061/814 1040/1062/814 1028/1037/814
f 1028/1037/815 1040/1062/815 1041/1063/815 1029/1039/815
f 1029/1039/816 1041/1063/816 1042/1064/816 1030/1041/816
f 1030/1041/817 1042/1064/817 1043/1065/817 1031/1043/817
f 1031/1043/818 1043/1065/818 1044/1066/818 1032/1045/818
f 1032/1045/819 1044/1066/819 1045/1067/819 1033/1047/819
f 1033/1050/820 1045/1068/820 1046/1069/820 1034/1051/820
f 1034/1051/821 1046/1069/821 1047/1070/821 1035/1053/821
f 1035/1053/822 1047/1070/822 1048/1071/822 1036/1055/822
f 1036/1055/823 1048/1071/823 1049/1072/823 1037/1057/823
f 1037/1057/824 1049/1072/824 1050/1073/824 1038/1059/824
f 1038/1059/825 1050/1073/825 1039/1061/825 1027/1036/825
f 1039/1061/826 1051/1074/826 1052/1075/826 1040/1062/826
f 1040/1062/827 1052/1075/827 1053/1076/827 1041/1063/827
f 1041/1063/828 1053/1076/828 1054/1077/828 1042/1064/828
f 1042/1064/829 1054/1077/829 1055/1078/829 1043/1065/829
f 1043/1065/830 1055/1078/830 1056/1079/830 1044/1066/830
f 1044/1066/831 1056/1079/831 1057/1080/831 1045/1067/831
f 1045/1068/832 1057/1081/832 1058/1082/832 1046/1069/832
f 1046/1069/833 1058/1082/833 1059/1083/833 1047/1070/833
f 1047/1070/834 1059/1083/834 1060/1084/834 1048/1071/834
f 1048/1071/835 1060/1084/835 1061/1085/835 1049/1072/835
f 1049/1072/836 1061/1085/836 1062/1086/836 1050/1073/836
f 1050/1073/837 1062/1086/837 1051/1074/837 1039/1061/837
f 1051/1074/838 1063/1087/838 1064/1088/838 1052/1075/838
f 1052/1075/839 1064/1088/839 1065/1089/839 1053/1076/839
f 1053/1076/840 1065/1089/840 1066/1090/840 1054/1077/840
f 1054/1077/841 1066/1090/841 1067/1091/841 1055/1078/841
f 1055/1078/842 1067/1091/842 1068/1092/842 1056/1079/842
f 1056/1079/843 1068/1092/843 1069/1093/843 1057/1080/843
f 1057/1081/844 1069/1094/844 1070/1095/844 1058/1082/844
f 1058/1082/845 1070/1095/845 1071/1096/845 1059/1083/845
f 1059/1083/846 1071/1096/846 1072/1097/846 1060/1084/846
f 1060/1084/847 1072/1097/847 1073/1098/847 1061/1085/847
f 1061/1085/848 1073/1098/848 1074/1099/848 1062/1086/848
f 1062/1086/849 1074/1099/849 1063/1087/849 1051/1074/849
f 1063/1087/850 1075/1100/850 1076/1101/850 1064/1088/850
f 1064/1088/851 1076/1101/851 1077/1102/851 1065/1089/851
f 1065/1089/852 1077/1102/852 1078/1103/852 1066/1090/852
f 1066/1090/853 1078/1103/853 1079/1104/853 1067/1091/853
f 1067/1091/854 1079/1104/854 1080/1105/854 1068/1092/854
f 1068/1092/855 1080/1105/855 1081/1106/855 1069/1093/855
f 1069/1094/856 1081/1107/856 1082/1108/856 1070/1095/856
f 1070/1095/857 1082/1108/857 1083/1109/857 1071/1096/857
f 1071/1096/858 1083/1109/858 1084/1110/858 1072/1097/858
f 1072/1097/859 1084/1110/859 1085/1111/859 1073/1098/859
f 1073/1098/860 1085/1111/860 1086/1112/860 1074/1099/860
f 1074/1099/861 1086/1112/861 1075/1100/861 1063/1087/861
f 1075/1100/862 1087/1113/862 1088/1114/862 1076/1101/862
f 1076/1101/863 1088/1114/863 1089/1115/863 1077/1102/863
f 1077/1102/864 1089/1115/864 1090/1116/864 1078/1103/864
f 1078/1103/865 1090/1116/865 1091/1117/865 1079/1104/865
f 1079/1104/866 1091/1117/866 1092/1118/866 1080/1105/866
f 1080/1105/867 1092/1118/867 1093/1119/867 1081/1106/867
f 1081/1107/868 1093/1120/868 1094/1121/868 1082/1108/868
f 1082/1108/869 1094/1121/869 1095/1122/869 1083/1109/869
f 1083/1109/870 1095/1122/870 1096/1123/870 1084/1110/870
f 1084/1110/871 1096/1123/871 1097/1124/871 1085/1111/871
f 1085/1111/872 1097/1124/872 1098/1125/872 1086/1112/872
f 1086/1112/873 1098/1125/873 1087/1113/873 1075/1100/873
f 1087/1113/874 1099/1126/874 1100/1127/874 1088/1114/874
f 1088/1114/875 1100/1127/875 1101/1128/875 1089/1115/875
f 1089/1115/876 1101/1128/876 1102/1129/876 1090/1116/876
f 1090/1116/877 1102/1129/877 1103/1130/877 1091/1117/877
f 1091/1117/878 1103/1130/878 1104/1131/878 1092/1118/878
f 1092/1118/879 1104/1131/879 1105/1132/879 1093/1119/879
f 1093/1120/880 1105/1133/880 1106/1134/880 1094/1121/880
f 1094/1121/881 1106/1134/881 1107/1135/881 1095/1122/881
f 1095/1122/882 1107/1135/882 1108/1136/882 1096/1123/882
f 1096/1123/883 1108/1136/883 1109/1137/883 1097/1124/883
f 1097/1124/884 1109/1137/884 1110/1138/884 1098/1125/884
f 1098/1125/885 1110/1138/885 1099/1126/885 1087/1113/885
f 1099/1126/886 1111/1139/886 1112/1140/886 1100/1127/886
f 1100/1127/887 1112/1140/887 1113/1141/887 1101/1128/887
f 1101/1128/888 1113/1141/888 1114/1142/888 1102/1129/888
f 1102/1129/889 1114/1142/889 1115/1143/889 1103/1130/889
f 1103/1130/890 1115/1143/890 1116/1144/890 1104/1131/890
f 1104/1131/891 1116/1144/891 1117/1145/891 1105/1132/891
f 1105/1133/892 1117/1146/892 1118/1147/892 1106/1134/892
f 1106/1134/893 1118/1147/893 1119/1148/893 1107/1135/893
f 1107/1135/894 1119/1148/894 1120/1149/894 1108/1136/894
f 1108/1136/895 1120/1149/895 1121/1150/895 1109/1137/895
f 1109/1137/896 1121/1150/896 1122/1151/896 1110/1138/896
f 1110/1138/897 1122/1151/897 1111/1139/897 1099/1126/897
f 1111/1139/898 1123/1152/898 1124/1153/898 1112/1140/898
f 1112/1140/899 1124/1153/899 1125/1154/899 1113/1141/899
f 1113/1141/900 1125/1154/900 1126/1155/900 1114/1142/900
f 1114/1142/901 1126/1155/901 1127/1156/901 1115/1143/901
f 1115/1143/902 1127/1156/902 1128/1157/902 1116/1144/902
f 1116/1144/903 1128/1157/903 1129/1158/903 1117/1145/903
f 1117/1146/904 1129/1159/904 1130/1160/904 1118/1147/904
f 1118/1147/905 1130/1160/905 1131/1161/905 1119/1148/905
f 1119/1148/906 1131/1161/906 1132/1162/906 1120/1149/906
f 1120/1149/907 1132/1162/907 1133/1163/907 1121/1150/907
f 1121/1150/908 1133/1163/908 1134/1164/908 1122/1151/908
f 1122/1151/909 1134/1164/909 1123/1152/909 1111/1139/909
f 1123/1152/910 1135/1165/910 1136/1166/910 1124/1153/910
f 1124/1153/911 1136/1166/911 1137/1167/911 1125/1154/911
f 1125/1154/912 1137/1167/912 1138/1168/912 1126/1155/912
f 1126/1155/913 1138/1168/913 1139/1169/913 1127/1156/913
f 1127/1156/914 1139/1169/914 1140/1170/914 1128/1157/914
f 1128/1157/915 1140/1170/915 1141/1171/915 1129/1158/915
f 1129/1159/916 1141/1172/916 1142/1173/916 1130/1160/916
f 1130/1160/917 1142/1173/917 1143/1174/917 1131/1161/917
f 1131/1161/918 1143/1174/918 1144/1175/918 1132/1162/918
f 1132/1162/919 1144/1175/919 1145/1176/919 1133/1163/919
f 1133/1163/920 1145/1176/920 1146/1177/920 1134/1164/920
f 1134/1164/921 1146/1177/921 1135/1165/921 1123/1152/921
f 1135/1165/922 1147/1178/922 1148/1179/922 1136/1166/922
f 1136/1166/923 1148/1179/923 1149/1180/923 1137/1167/923
f 1137/1167/924 1149/1180/924 1150/1181/924 1138/1168/924
f 1138/1168/925 1150/1181/925 1151/1182/925 1139/1169/925
f 1139/1169/926 1151/1182/926 1152/1183/926 1140/1170/926
f 1140/1170/927 1152/1183/927 1153/1184/927 1141/1171/927
f 1141/1172/928 1153/1185/928 1154/1186/928 1142/1173/928
f 1142/1173/929 1154/1186/929 1155/1187/929 1143/1174/929
f 1143/1174/930 1155/1187/930 1156/1188/930 1144/1175/930
f 1144/1175/931 1156/1188/931 1157/1189/931 1145/1176/931
f 1145/1176/932 1157/1189/932 1158/1190/932 1146/1177/932
f 1146/1177/933 1158/1190/933 1147/1178/933 1135/1165/933
f 1147/1178/934 1159/1191/934 1160/1192/934 1148/1179/934
f 1148/1179/935 1160/1192/935 1161/1193/935 1149/1180/935
f 1149/1180/936 1161/1193/936 1162/1194/936 1150/1181/936
f 1150/1181/937 1162/1194/937 1163/1195/937 1151/1182/937
f 1151/1182/938 1163/1195/938 1164/1196/938 1152/1183/938
f 1152/1183/939 1164/1196/939 1165/1197/939 1153/1184/939
f 1153/1185/940 1165/1198/940 1166/1199/940 1154/1186/940
f 1154/1186/941 1166/1199/941 1167/1200/941 1155/1187/941
f 1155/1187/942 1167/1200/942 1168/1201/942 1156/1188/942
f 1156/1188/943 1168/1201/943 1169/1202/943 1157/1189/943
f 1157/1189/944 1169/1202/944 1170/1203/944 1158/1190/944
f 1158/1190/945 1170/1203/945 1159/1191/945 1147/1178/945
f 1159/1191/946 1171/1204/946 1172/1205/946 1160/1192/946
f 1160/1192/947 1172/1205/947 1173/1206/947 1161/1193/947
f 1161/1193/948 1173/1206/948 1174/1207/948 1162/1194/948
f 1162/1194/949 1174/1207/949 1175/1208/949 1163/1195/949
f 1163/1195/950 1175/1208/950 1176/1209/950 1164/1196/950
f 1164/1196/951 1176/1209/951 1177/1210/951 1165/1197/951
f 1165/1198/952 1177/1211/952 1178/1212/952 1166/1199/952
f 1166/1199/953 1178/1212/953 1179/1213/953 1167/1200/953
f 1167/1200/954 1179/1213/954 1180/1214/954 1168/1201/954
f 1168/1201/955 1180/1214/955 1181/1215/955 1169/1202/955
f 1169/1202/956 1181/1215/956 1182/1216/956 1170/1203/956
f 1170/1203/957 1182/1216/957 1171/1204/957 1159/1191/957
f 1171/1204/958 1183/1217/958 1184/1218/958 1172/1205/958
f 1172/1205/959 1184/1218/959 1185/1219/959 1173/1206/959
f 1173/1206/960 1185/1219/960 1186/1220/960 1174/1207/960
f 1174/1207/961 1186/1220/961 1187/1221/961 1175/1208/961
f 1175/1208/962 1187/1221/962 1188/1222/962 1176/1209/962
f 1176/1209/963 1188/1222/963 1189/1223/963 1177/1210/963
f 1177/1211/964 1189/1224/964 1190/1225/964 1178/1212/964
f 1178/1212/965 1190/1225/965 1191/1226/965 1179/1213/965
f 1179/1213/966 1191/1226/966 1192/1227/966 1180/1214/966
f 1180/1214/967 1192/1227/967 1193/1228/967 1181/1215/967
f 1181/1215/968 1193/1228/968 1194/1229/968 1182/1216/968
f 1182/1216/969 1194/1229/969 1183/1217/969 1171/1204/969
f 1183/1217/970 1195/1230/970 1196/1231/970 1184/1218/970
f 1184/1218/971 1196/1231/971 1197/1232/971 1185/1219/971
f 1185/1219/972 1197/1232/972 1198/1233/972 1186/1220/972
f 1186/1220/973 1198/1233/973 1199/1234/973 1187/1221/973
f 1187/1221/974 1199/1234/974 1200/1235/974 1188/1222/974
f 1188/1222/975 1200/1235/975 1201/1236/975 1189/1223/975
f 1189/1224/976 1201/1237/976 1202/1238/976 1190/1225/976
f 1190/1225/977 1202/1238/977 1203/1239/977 1191/1226/977
f 1191/1226/978 1203/1239/978 1204/1240/978 1192/1227/978
f 1192/1227/979 1204/1240/979 1205/1241/979 1193/1228/979
f 1193/1228/980 1205/1241/980 1206/1242/980 1194/1229/980
f 1194/1229/981 1206/1242/981 1195/1230/981 1183/1217/981
f 1195/1230/982 1207/1243/982 1208/1244/982 1196/1231/982
f 1196/1231/983 1208/1244/983 1209/1245/983 1197/1232/983
f 1197/1232/984 1209/1245/984 1210/1246/984 1198/1233/984
f 1198/1233/985 1210/1246/985 1211/1247/985 1199/1234/985
f 1199/1234/986 1211/1247/986 1212/1248/986 1200/1235/986
f 1200/1235/987 1212/1248/987 1213/1249/987 1201/1236/987
f 1201/1237/988 1213/1250/988 1214/1251/988 1202/1238/988
f 1202/1238/989 1214/1251/989 1215/1252/989 1203/1239/989
f 1203/1239/990 1215/1252/990 1216/1253/990 1204/1240/990
f 1204/1240/991 1216/1253/991 1217/1254/991 1205/1241/991
f 1205/1241/992 1217/1254/992 1218/1255/992 1206/1242/992
f 1206/1242/993 1218/1255/993 1207/1243/993 1195/1230/993
f 1207/1243/994 1219/1256/994 1220/1257/994 1208/1244/994
f 1208/1244/995 1220/1257/995 1221/1258/995 1209/1245/995
f 1209/1245/996 1221/1258/996 1222/1259/996 1210/1246/996
f 1210/1246/997 1222/1259/997 1223/1260/997 1211/1247/997
f 1211/1247/998 1223/1260/998 1224/1261/998 1212/1248/998
f 1212/1248/999 1224/1261/999 1225/1262/999 1213/1249/999
f 1213/1250/1000 1225/1263/1000 1226/1264/1000 1214/1251/1000
f 1214/1251/1001 1226/1264/1001 1227/1265/1001 1215/1252/1001
f 1215/1252/1002 1227/1265/1002 1228/1266/1002 1216/1253/1002
f 1216/1253/1003 1228/1266/1003 1229/1267/1003 1217/1254/1003
f 1217/1254/1004 1229/1267/1004 1230/1268/1004 1218/1255/1004
f 1218/1255/1005 1230/1268/1005 1219/1256/1005 1207/1243/1005
f 1219/1256/1006 1231/1269/1006 1232/1270/1006 1220/1257/1006
f 1220/1257/1007 1232/1270/1007 1233/1271/1007 1221/1258/1007
f 1221/1258/1008 1233/1271/1008 1234/1272/1008 1222/1259/1008
f 1222/1259/1009 1234/1272/1009 1235/1273/1009 1223/1260/1009
f 1223/1260/1010 1235/1273/1010 1236/1274/1010 1224/1261/1010
f 1224/1261/1011 1236/1274/1011 1237/1275/1011 1225/1262/1011
f 1225/1263/1012 1237/1276/1012 1238/1277/1012 1226/1264/1012
f 1226/1264/1013 1238/1277/1013 1239/1278/1013 1227/1265/1013
f 1227/1265/1014 1239/1278/1014 1240/1279/1014 1228/1266/1014
f 1228/1266/1015 1240/1279/1015 1241/1280/1015 1229/1267/1015
f 1229/1267/1016 1241/1280/1016 1242/1281/1016 1230/1268/1016
f 1230/1268/1017 1242/1281/1017 1231/1269/1017 1219/1256/1017
f 1231/1269/1018 1243/1282/1018 1244/1283/1018 1232/1270/1018
f 1232/1270/1019 1244/1283/1019 1245/1284/1019 1233/1271/1019
f 1233/1271/1020 1245/1284/1020 1246/1285/1020 1234/1272/1020
f 1234/1272/1021 1246/1285/1021 1247/1286/1021 1235/1273/1021
f 1235/1273/1022 1247/1286/1022 1248/1287/1022 1236/1274/1022
f 1236/1274/1023 1248/1287/1023 1249/1288/1023 1237/1275/1023
f 1237/1276/1024 1249/1289/1024 1250/1290/1024 1238/1277/1024
f 1238/1277/1025 1250/1290/1025 1251/1291/1025 1239/1278/1025
f 1239/1278/1026 1251/1291/1026 1252/1292/1026 1240/1279/1026
f 1240/1279/1027 1252/1292/1027 1253/1293/1027 1241/1280/1027
f 1241/1280/1028 1253/1293/1028 1254/1294/1028 1242/1281/1028
f 1242/1281/1029 1254/1294/1029 1243/1282/1029 1231/1269/1029
f 1243/1282/1030 1255/1295/1030 1256/1296/1030 1244/1283/1030
f 1244/1283/1031 1256/1296/1031 1257/1297/1031 1245/1284/1031
f 1245/1284/1032 1257/1297/1032 1258/1298/1032 1246/1285/1032
f 1246/1285/1033 1258/1298/1033 1259/1299/1033 1247/1286/1033
f 1247/1286/1034 1259/1299/1034 1260/1300/1034 1248/1287/1034
f 1248/1287/1035 1260/1300/1035 1261/1301/1035 1249/1288/1035
f 1249/1289/1036 1261/1302/1036 1262/1303/1036 1250/1290/1036
f 1250/1290/1037 1262/1303/1037 1263/1304/1037 1251/1291/1037
f 1251/1291/1038 1263/1304/1038 1264/1305/1038 1252/1292/1038
f 1252/1292/1039 1264/1305/1039 1265/1306/1039 1253/1293/1039
f 1253/1293/1040 1265/1306/1040 1266/1307/1040 1254/1294/1040
f 1254/1294/1041 1266/1307/1041 1255/1295/1041 1243/1282/1041
f 1255/1295/1042 1267/1308/1042 1268/1309/1042 1256/1296/1042
f 1256/1296/1043 1268/1309/1043 1269/1310/1043 1257/1297/1043
f 1257/1297/1044 1269/1310/1044 1270/1311/1044 1258/1298/1044
f 1258/1298/1045 1270/1311/1045 1271/1312/1045 1259/1299/1045
f 1259/1299/1046 1271/1312/1046 1272/1313/1046 1260/1300/1046
f 1260/1300/1047 1272/1313/1047 1273/1314/1047 1261/1301/1047
f 1261/1302/1048 1273/1315/1048 1274/1316/1048 1262/1303/1048
f 1262/1303/1049 1274/1316/1049 1275/1317/1049 1263/1304/1049
f 1263/1304/1050 1275/1317/1050 1276/1318/1050 1264/1305/1050
f 1264/1305/1051 1276/1318/1051 1277/1319/1051 1265/1306/1051
f 1265/1306/1052 1277/1319/1052 1278/1320/1052 1266/1307/1052
f 1266/1307/1053 1278/1320/1053 1267/1308/1053 1255/1295/1053
f 1267/1308/1054 1279/1321/1054 1280/1322/1054 1268/1309/1054
f 1268/1309/1055 1280/1322/1055 1281/1323/1055 1269/1310/1055
f 1269/1310/1056 1281/1323/1056 1282/1324/1056 1270/1311/1056
f 1270/1311/1057 1282/1324/1057 1283/1325/1057 1271/1312/1057
f 1271/1312/1058 1283/1325/1058 1284/1326/1058 1272/1313/1058
f 1272/1313/1059 1284/1326/1059 1285/1327/1059 1273/1314/1059
f 1273/1315/1060 1285/1328/1060 1286/1329/1060 1274/1316/1060
f 1274/1316/1061 1286/1329/1061 1287/1330/1061 1275/1317/1061
f 1275/1317/1062 1287/1330/1062 1288/1331/1062 1276/1318/1062
f 1276/1318/1063 1288/1331/1063 1289/1332/1063 1277/1319/1063
f 1277/1319/1064 1289/1332/1064 1290/1333/1064 1278/1320/1064
f 1278/1320/1065 1290/1333/1065 1279/1321/1065 1267/1308/1065
f 1279/1321/1066 1291/1334/1066 1292/1335/1066 1280/1322/1066
f 1280/1322/1067 1292/1335/1067 1293/1336/1067 1281/1323/1067
f 1281/1323/1068 1293/1336/1068 1294/1337/1068 1282/1324/1068
f 1282/1324/1069 1294/1337/1069 1295/1338/1069 1283/1325/1069
f 1283/1325/1070 1295/1338/1070 1296/1339/1070 1284/1326/1070
f 1284/1326/1071 1296/1339/1071 1297/1340/1071 1285/1327/1071
f 1285/1328/1072 1297/1341/1072 1298/1342/1072 1286/1329/1072
f 1286/1329/1073 1298/1342/1073 1299/1343/1073 1287/1330/1073
f 1287/1330/1074 1299/1343/1074 1300/1344/1074 1288/1331/1074
f 1288/1331/1075 1300/1344/1075 1301/1345/1075 1289/1332/1075
f 1289/1332/1076 1301/1345/1076 1302/1346/1076 1290/1333/1076
f 1290/1333/1077 1302/1346/1077 1291/1334/1077 1279/1321/1077
f 1291/1334/1078 1303/1347/1078 1304/1348/1078 1292/1335/1078
f 1292/1335/1079 1304/1348/1079 1305/1349/1079 1293/1336/1079
f 1293/1336/1080 1305/1349/1080 1306/1350/1080 1294/1337/1080
f 1294/1337/1081 1306/1350/1081 1307/1351/1081 1295/1338/1081
f 1295/1338/1082 1307/1351/1082 1308/1352/1082 1296/1339/1082
f 1296/1339/1083 1308/1352/1083 1309/1353/1083 1297/1340/1083
f 1297/1341/1084 1309/1354/1084 1310/1355/1084 1298/1342/1084
f 1298/1342/1085 1310/1355/1085 1311/1356/1085 1299/1343/1085
f 1299/1343/1086 1311/1356/1086 1312/1357/1086 1300/1344/1086
f 1300/1344/1087 1312/1357/1087 1313/1358/1087 1301/1345/1087
f 1301/1345/1088 1313/1358/1088 1314/1359/1088 1302/1346/1088
f 1302/1346/1089 1314/1359/1089 1303/1347/1089 1291/1334/1089
f 1303/1360/1090 1315/1361/1090 1316/1362/1090 1304/1363/1090
f 1304/1363/1091 1316/1362/1091 1317/1364/1091 1305/1365/1091
f 1305/1365/1092 1317/1364/1092 1318/1366/1092 1306/1367/1092
f 1306/1367/1093 1318/1366/1093 1319/1368/1093 1307/1369/1093
f 1307/1369/1094 1319/1368/1094 1320/1370/1094 1308/1371/1094
f 1308/1371/1095 1320/1370/1095 1321/1372/1095 1309/1373/1095
f 1309/1374/1096 1321/1375/1096 1322/1376/1096 1310/1377/1096
f 1310/1377/1097 1322/1376/1097 1323/1378/1097 1311/1379/1097
f 1311/1379/1098 1323/1378/1098 1324/1380/1098 1312/1381/1098
f 1312/1381/1099 1324/1380/1099 1325/1382/1099 1313/1383/1099
f 1313/1383/1100 1325/1382/1100 1326/1384/1100 1314/1385/1100
f 1314/1385/1101 1326/1384/1101 1315/1361/1101 1303/1360/1101
f 1315/1361/1102 1327/1386/1102 1328/1387/1102 1316/1362/1102
f 1316/1362/1103 1328/1387/1103 1329/1388/1103 1317/1364/1103
f 1317/1364/1104 1329/1388/1104 1330/1389/1104 1318/1366/1104
f 1318/1366/1105 1330/1389/1105 1331/1390/1105 1319/1368/1105
f 1319/1368/1106 1331/1390/1106 1332/1391/1106 1320/1370/1106
f 1320/1370/1107 1332/1391/1107 1333/1392/1107 1321/1372/1107
f 1321/1375/1108 1333/1393/1108 1334/1394/1108 1322/1376/1108
f 1322/1376/1109 1334/1394/1109 1335/1395/1109 1323/1378/1109
f 1323/1378/1110 1335/1395/1110 1336/1396/1110 1324/1380/1110
f 1324/1380/1111 1336/1396/1111 1337/1397/1111 1325/1382/1111
f 1325/1382/1112 1337/1397/1112 1338/1398/1112 1326/1384/1112
f 1326/1384/1113 1338/1398/1113 1327/1386/1113 1315/1361/1113
f 1327/1386/1114 1339/1399/1114 1340/1400/1114 1328/1387/1114
f 1328/1387/1115 1340/1400/1115 1341/1401/1115 1329/1388/1115
f 1329/1388/1116 1341/1401/1116 1342/1402/1116 1330/1389/1116
f 1330/1389/1117 1342/1402/1117 1343/1403/1117 1331/1390/1117
f 1331/1390/1118 1343/1403/1118 1344/1404/1118 1332/1391/1118
f 1332/1391/1119 1344/1404/1119 1345/1405/1119 1333/1392/1119
f 1333/1393/1120 1345/1406/1120 1346/1407/1120 1334/1394/1120
f 1334/1394/1121 1346/1407/1121 1347/1408/1121 1335/1395/1121
f 1335/1395/1122 1347/1408/1122 1348/1409/1122 1336/1396/1122
f 1336/1396/1123 1348/1409/1123 1349/1410/1123 1337/1397/1123
f 1337/1397/1124 1349/1410/1124 1350/1411/1124 1338/1398/1124
f 1338/1398/1125 1350/1411/1125 1339/1399/1125 1327/1386/1125
f 1339/1399/1126 1351/1412/1126 1352/1413/1126 1340/1400/1126
f 1340/1400/1127 1352/1413/1127 1353/1414/1127 1341/1401/1127
f 1341/1401/1128 1353/1414/1128 1354/1415/1128 1342/1402/1128
f 1342/1402/1129 1354/1415/1129 1355/1416/1129 1343/1403/1129
f 1343/1403/1130 1355/1416/1130 1356/1417/1130 1344/1404/1130
f 1344/1404/1131 1356/1417/1131 1357/1418/1131 1345/1405/1131
f 1345/1406/1132 1357/1419/1132 1358/1420/1132 1346/1407/1132
f 1346/1407/1133 1358/1420/1133 1359/1421/1133 1347/1408/1133
f 1347/1408/1134 1359/1421/1134 1360/1422/1134 1348/1409/1134
f 1348/1409/1135 1360/1422/1135 1361/1423/1135 1349/1410/1135
f 1349/1410/1136 1361/1423/1136 1362/1424/1136 1350/1411/1136
f 1350/1411/1137 1362/1424/1137 1351/1412/1137 1339/1399/1137
f 1351/1412/1138 1363/1425/1138 1364/1426/1138 1352/1413/1138
f 1352/1413/1139 1364/1426/1139 1365/1427/1139 1353/1414/1139
f 1353/1414/1140 1365/1427/1140 1366/1428/1140 1354/1415/1140
f 1354/1415/1141 1366/1428/1141 1367/1429/1141 1355/1416/1141
f 1355/1416/1142 1367/1429/1142 1368/1430/1142 1356/1417/1142
f 1356/1417/1143 1368/1430/1143 1369/1431/1143 1357/1418/1143
f 1357/1419/1144 1369/1432/1144 1370/1433/1144 1358/1420/1144
f 1358/1420/1145 1370/1433/1145 1371/1434/1145 1359/1421/1145
f 1359/1421/1146 1371/1434/1146 1372/1435/1146 1360/1422/1146
f 1360/1422/1147 1372/1435/1147 1373/1436/1147 1361/1423/1147
f 1361/1423/1148 1373/1436/1148 1374/1437/1148 1362/1424/1148
f 1362/1424/1149 1374/1437/1149 1363/1425/1149 1351/1412/1149
f 1363/1425/1150 1375/1438/1150 1376/1439/1150 1364/1426/1150
f 1364/1426/1151 1376/1439/1151 1377/1440/1151 1365/1427/1151
f 1365/1427/1152 1377/1440/1152 1378/1441/1152 1366/1428/1152
f 1366/1428/1153 1378/1441/1153 1379/1442/1153 1367/1429/1153
f 1367/1429/1154 1379/1442/1154 1380/1443/1154 1368/1430/1154
f 1368/1430/1155 1380/1443/1155 1381/1444/1155 1369/1431/1155
f 1369/1432/1156 1381/1445/1156 1382/1446/1156 1370/1433/1156
f 1370/1433/1157 1382/1446/1157 1383/1447/1157 1371/1434/1157
f 1371/1434/1158 1383/1447/1158 1384/1448/1158 1372/1435/1158
f 1372/1435/1159 1384/1448/1159 1385/1449/1159 1373/1436/1159
f 1373/1436/1160 1385/1449/1160 1386/1450/1160 1374/1437/1160
f 1374/1437/1161 1386/1450/1161 1375/1438/1161 1363/1425/1161
f 1375/1438/1162 1387/1451/1162 1388/1452/1162 1376/1439/1162
f 1376/1439/1163 1388/1452/1163 1389/1453/1163 1377/1440/1163
f 1377/1440/1164 1389/1453/1164 1390/1454/1164 1378/1441/1164
f 1378/1441/1165 1390/1454/1165 1391/1455/1165 1379/1442/1165
f 1379/1442/1166 1391/1455/1166 1392/1456/1166 1380/1443/1166
f 1380/1443/1167 1392/1456/1167 1393/1457/1167 1381/1444/1167
f 1381/1445/1168 1393/1458/1168 1394/1459/1168 1382/1446/1168
f 1382/1446/1169 1394/1459/1169 1395/1460/1169 1383/1447/1169
f 1383/1447/1170 1395/1460/1170 1396/1461/1170 1384/1448/1170
f 1384/1448/1171 1396/1461/1171 1397/1462/1171 1385/1449/1171
f 1385/1449/1172 1397/1462/1172 1398/1463/1172 1386/1450/1172
f 1386/1450/1173 1398/1463/1173 1387/1451/1173 1375/1438/1173
f 1387/1451/1174 1399/1464/1174 1400/1465/1174 1388/1452/1174
f 1388/1452/1175 1400/1465/1175 1401/1466/1175 1389/1453/1175
f 1389/1453/1176 1401/1466/1176 1402/1467/1176 1390/1454/1176
f 1390/1454/1177 1402/1467/1177 1403/1468/1177 1391/1455/1177
f 1391/1455/1178 1403/1468/1178 1404/1469/1178 1392/1456/1178
f 1392/1456/1179 1404/1469/1179 1405/1470/1179 1393/1457/1179
f 1393/1458/1180 1405/1471/1180 1406/1472/1180 1394/1459/1180
f 1394/1459/1181 1406/1472/1181 1407/1473/1181 1395/1460/1181
f 1395/1460/1182 1407/1473/1182 1408/1474/1182 1396/1461/1182
f 1396/1461/1183 1408/1474/1183 1409/1475/1183 1397/1462/1183
f 1397/1462/1184 1409/1475/1184 1410/1476/1184 1398/1463/1184
f 1398/1463/1185 1410/1476/1185 1399/1464/1185 1387/1451/1185
f 1399/1464/1186 1411/1477/1186 1412/1478/1186 1400/1465/1186
f 1400/1465/1187 1412/1478/1187 1413/1479/1187 1401/1466/1187
f 1401/1466/1188 1413/1479/1188 1414/1480/1188 1402/1467/1188
f 1402/1467/1189 1414/1480/1189 1415/1481/1189 1403/1468/1189
f 1403/1468/1190 1415/1481/1190 1416/1482/1190 1404/1469/1190
f 1404/1469/1191 1416/1482/1191 1417/1483/1191 1405/1470/1191
f 1405/1471/1192 1417/1484/1192 1418/1485/1192 1406/1472/1192
f 1406/1472/1193 1418/1485/1193 1419/1486/1193 1407/1473/1193
f 1407/1473/1194 1419/1486/1194 1420/1487/1194 1408/1474/1194
f 1408/1474/1195 1420/1487/1195 1421/1488/1195 1409/1475/1195
f 1409/1475/1196 1421/1488/1196 1422/1489/1196 1410/1476/1196
f 1410/1476/1197 1422/1489/1197 1411/1477/1197 1399/1464/1197
f 1411/1477/1198 1423/1490/1198 1424/1491/1198 1412/1478/1198
f 1412/1478/1199 1424/1491/1199 1425/1492/1199 1413/1479/1199
f 1413/1479/1200 1425/1492/1200 1426/1493/1200 1414/1480/1200
f 1414/1480/1201 1426/1493/1201 1427/1494/1201 1415/1481/1201
f 1415/1481/1202 1427/1494/1202 1428/1495/1202 1416/1482/1202
f 1416/1482/1203 1428/1495/1203 1429/1496/1203 1417/1483/1203
f 1417/1484/1204 1429/1497/1204 1430/1498/1204 1418/1485/1204
f 1418/1485/1205 1430/1498/1205 1431/1499/1205 1419/1486/1205
f 1419/1486/1206 1431/1499/1206 1432/1500/1206 1420/1487/1206
f 1420/1487/1207 1432/1500/1207 1433/1501/1207 1421/1488/1207
f 1421/1488/1208 1433/1501/1208 1434/1502/1208 1422/1489/1208
f 1422/1489/1209 1434/1502/1209 1423/1490/1209 1411/1477/1209
f 1423/1490/1210 1435/1503/1210 1436/1504/1210 1424/1491/1210
f 1424/1491/1211 1436/1504/1211 1437/1505/1211 1425/1492/1211
f 1425/1492/1212 1437/1505/1212 1438/1506/1212 1426/1493/1212
f 1426/1493/1213 1438/1506/1213 1439/1507/1213 1427/1494/1213
f 1427/1494/1214 1439/1507/1214 1440/1508/1214 1428/1495/1214
f 1428/1495/1215 1440/1508/1215 1441/1509/1215 1429/1496/1215
f 1429/1497/1216 1441/1510/1216 1442/1511/1216 1430/1498/1216
f 1430/1498/1217 1442/1511/1217 1443/1512/1217 1431/1499/1217
f 1431/1499/1218 1443/1512/1218 1444/1513/1218 1432/1500/1218
f 1432/1500/1219 1444/1513/1219 1445/1514/1219 1433/1501/1219
f 1433/1501/1220 1445/1514/1220 1446/1515/1220 1434/1502/1220
f 1434/1502/1221 1446/1515/1221 1435/1503/1221 1423/1490/1221
f 1435/1503/1222 1447/1516/1222 1448/1517/1222 1436/1504/1222
f 1436/1504/1223 1448/1517/1223 1449/1518/1223 1437/1505/1223
f 1437/1505/1224 1449/1518/1224 1450/1519/1224 1438/1506/1224
f 1438/1506/1225 1450/1519/1225 1451/1520/1225 1439/1507/1225
f 1439/1507/1226 1451/1520/1226 1452/1521/1226 1440/1508/1226
f 1440/1508/1227 1452/1521/1227 1453/1522/1227 1441/1509/1227
f 1441/1510/1228 1453/1523/1228 1454/1524/1228 1442/1511/1228
f 1442/1511/1229 1454/1524/1229 1455/1525/1229 1443/1512/1229
f 1443/1512/1230 1455/1525/1230 1456/1526/1230 1444/1513/1230
f 1444/1513/1231 1456/1526/1231 1457/1527/1231 1445/1514/1231
f 1445/1514/1232 1457/1527/1232 1458/1528/1232 1446/1515/1232
f 1446/1515/1233 1458/1528/1233 1447/1516/1233 1435/1503/1233
f 1447/1516/1234 1459/1529/1234 1460/1530/1234 1448/1517/1234
f 1448/1517/1235 1460/1530/1235 1461/1531/1235 1449/1518/1235
f 1449/1518/1236 1461/1531/1236 1462/1532/1236 1450/1519/1236
f 1450/1519/1237 1462/1532/1237 1463/1533/1237 1451/1520/1237
f 1451/1520/1238 1463/1533/1238 1464/1534/1238 1452/1521/1238
f 1452/1521/1239 1464/1534/1239 1465/1535/1239 1453/1522/1239
f 1453/1523/1240 1465/1536/1240 1466/1537/1240 1454/1524/1240
f 1454/1524/1241 1466/1537/1241 1467/1538/1241 1455/1525/1241
f 1455/1525/1242 1467/1538/1242 1468/1539/1242 1456/1526/1242
f 1456/1526/1243 1468/1539/1243 1469/1540/1243 1457/1527/1243
f 1457/1527/1244 1469/1540/1244 1470/1541/1244 1458/1528/1244
f 1458/1528/1245 1470/1541/1245 1459/1529/1245 1447/1516/1245
f 1459/1529/1246 1471/1542/1246 1472/1543/1246 1460/1530/1246
f 1460/1530/1247 1472/1543/1247 1473/1544/1247 1461/1531/1247
f 1461/1531/1248 1473/1544/1248 1474/1545/1248 1462/1532/1248
f 1462/1532/1249 1474/1545/1249 1475/1546/1249 1463/1533/1249
f 1463/1533/1250 1475/1546/1250 1476/1547/1250 1464/1534/1250
f 1464/1534/1251 1476/1547/1251 1477/1548/1251 1465/1535/1251
f 1465/1536/1252 1477/1549/1252 1478/1550/1252 1466/1537/1252
f 1466/1537/1253 1478/1550/1253 1479/1551/1253 1467/1538/1253
f 1467/1538/1254 1479/1551/1254 1480/1552/1254 1468/1539/1254
f 1468/1539/1255 1480/1552/1255 1481/1553/1255 1469/1540/1255
f 1469/1540/1256 1481/1553/1256 1482/1554/1256 1470/1541/1256
f 1470/1541/1257 1482/1554/1257 1471/1542/1257 1459/1529/1257
f 1471/1542/1258 1483/1555/1258 1484/1556/1258 1472/1543/1258
f 1472/1543/1259 1484/1556/1259 1485/1557/1259 1473/1544/1259
f 1473/1544/1260 1485/1557/1260 1486/1558/1260 1474/1545/1260
f 1474/1545/1261 1486/1558/1261 1487/1559/1261 1475/1546/1261
f 1475/1546/1262 1487/1559/1262 1488/1560/1262 1476/1547/1262
f 1476/1547/1263 1488/1560/1263 1489/1561/1263 1477/1548/1263
f 1477/1549/1264 1489/1562/1264 1490/1563/1264 1478/1550/1264
f 1478/1550/1265 1490/1563/1265 1491/1564/1265 1479/1551/1265
f 1479/1551/1266 1491/1564/1266 1492/1565/1266 1480/1552/1266
f 1480/1552/1267 1492/1565/1267 1493/1566/1267 1481/1553/1267
f 1481/1553/1268 1493/1566/1268 1494/1567/1268 1482/1554/1268
f 1482/1554/1269 1494/1567/1269 1483/1555/1269 1471/1542/1269
f 1483/1555/1270 1495/1568/1270 1496/1569/1270 1484/1556/1270
f 1484/1556/1271 1496/1569/1271 1497/1570/1271 1485/1557/1271
f 1485/1557/1272 1497/1570/1272 1498/1571/1272 1486/1558/1272
f 1486/1558/1273 1498/1571/1273 1499/1572/1273 1487/1559/1273
f 1487/1559/1274 1499/1572/1274 1500/1573/1274 1488/1560/1274
f 1488/1560/1275 1500/1573/1275 1501/1574/1275 1489/1561/1275
f 1489/1562/1276 1501/1575/1276 1502/1576/1276 1490/1563/1276
f 1490/1563/1277 1502/1576/1277 1503/1577/1277 1491/1564/1277
f 1491/1564/1278 1503/1577/1278 1504/1578/1278 1492/1565/1278
f 1492/1565/1279 1504/1578/1279 1505/1579/1279 1493/1566/1279
f 1493/1566/1280 1505/1579/1280 1506/1580/1280 1494/1567/1280
f 1494/1567/1281 1506/1580/1281 1495/1568/1281 1483/1555/1281
f 1495/1568/1282 1507/1581/1282 1508/1582/1282 1496/1569/1282
f 1496/1569/1283 1508/1582/1283 1509/1583/1283 1497/1570/1283
f 1497/1570/1284 1509/1583/1284 1510/1584/1284 1498/1571/1284
f 1498/1571/1285 1510/1584/1285 1511/1585/1285 1499/1572/1285
f 1499/1572/1286 1511/1585/1286 1512/1586/1286 1500/1573/1286
f 1500/1573/1287 1512/1586/1287 1513/1587/1287 1501/1574/1287
f 1501/1575/1288 1513/1588/1288 1514/1589/1288 1502/1576/1288
f 1502/1576/1289 1514/1589/1289 1515/1590/1289 1503/1577/1289
f 1503/1577/1290 1515/1590/1290 1516/1591/1290 1504/1578/1290
f 1504/1578/1291 1516/1591/1291 1517/1592/1291 1505/1579/1291
f 1505/1579/1292 1517/1592/1292 1518/1593/1292 1506/1580/1292
f 1506/1580/1293 1518/1593/1293 1507/1581/1293 1495/1568/1293
f 1507/1581/1294 1519/1594/1294 1520/1595/1294 1508/1582/1294
f 1508/1582/1295 1520/1595/1295 1521/1596/1295 1509/1583/1295
f 1509/1583/1296 1521/1596/1296 1522/1597/1296 1510/1584/1296
f 1510/1584/1297 1522/1597/1297 1523/1598/1297 1511/1585/1297
f 1511/1585/1298 1523/1598/1298 1524/1599/1298 1512/1586/1298
f 1512/1586/1299 1524/1599/1299 1525/1600/1299 1513/1587/1299
f 1513/1588/1300 1525/1601/1300 1526/1602/1300 1514/1589/1300
f 1514/1589/1301 1526/1602/1301 1527/1603/1301 1515/1590/1301
f 1515/1590/1302 1527/1603/1302 1528/1604/1302 1516/1591/1302
f 1516/1591/1303 1528/1604/1303 1529/1605/1303 1517/1592/1303
f 1517/1592/1304 1529/1605/1304 1530/1606/1304 1518/1593/1304
f 1518/1593/1305 1530/1606/1305 1519/1594/1305 1507/1581/1305
f 1519/1594/1306 1531/1607/1306 1532/1608/1306 1520/1595/1306
f 1520/1595/1307 1532/1608/1307 1533/1609/1307 1521/1596/1307
f 1521/1596/1308 1533/1609/1308 1534/1610/1308 1522/1597/1308
f 1522/1597/1309 1534/1610/1309 1535/1611/1309 1523/1598/1309
f 1523/1598/1310 1535/1611/1310 1536/1612/1310 1524/1599/1310
f 1524/1599/1311 1536/1612/1311 1537/1613/1311 1525/1600/1311
f 1525/1601/1312 1537/1614/1312 1538/1615/1312 1526/1602/1312
f 1526/1602/1313 1538/1615/1313 1539/1616/1313 1527/1603/1313
f 1527/1603/1314 1539/1616/1314 1540/1617/1314 1528/1604/1314
f 1528/1604/1315 1540/1617/1315 1541/1618/1315 1529/1605/1315
f 1529/1605/1316 1541/1618/1316 1542/1619/1316 1530/1606/1316
f 1530/1606/1317 1542/1619/1317 1531/1607/1317 1519/1594/1317
f 1531/1607/1318 1543/1620/1318 1544/1621/1318 1532/1608/1318
f 1532/1608/1319 1544/1621/1319 1545/1622/1319 1533/1609/1319
f 1533/1609/1320 1545/1622/1320 1546/1623/1320 1534/1610/1320
f 1534/1610/1321 1546/1623/1321 1547/1624/1321 1535/1611/1321
f 1535/1611/1322 1547/1624/1322 1548/1625/1322 1536/1612/1322
f 1536/1612/1323 1548/1625/1323 1549/1626/1323 1537/1613/1323
f 1537/1614/1324 1549/1627/1324 1550/1628/1324 1538/1615/1324
f 1538/1615/1325 1550/1628/1325 1551/1629/1325 1539/1616/1325
f 1539/1616/1326 1551/1629/1326 1552/1630/1326 1540/1617/1326
f 1540/1617/1327 1552/1630/1327 1553/1631/1327 1541/1618/1327
f 1541/1618/1328 1553/1631/1328 1554/1632/1328 1542/1619/1328
f 1542/1619/1329 1554/1632/1329 1543/1620/1329 1531/1607/1329
f 1543/1620/1330 1555/1633/1330 1556/1634/1330 1544/1621/1330
f 1544/1621/1331 1556/1634/1331 1557/1635/1331 1545/1622/1331
f 1545/1622/1332 1557/1635/1332 1558/1636/1332 1546/1623/1332
f 1546/1623/1333 1558/1636/1333 1559/1637/1333 1547/1624/1333
f 1547/1624/1334 1559/1637/1334 1560/1638/1334 1548/1625/1334
f 1548/1625/1335 1560/1638/1335 1561/1639/1335 1549/1626/1335
f 1549/1627/1336 1561/1640/1336 1562/1641/1336 1550/1628/1336
f 1550/1628/1337 1562/1641/1337 1563/1642/1337 1551/1629/1337
f 1551/1629/1338 1563/1642/1338 1564/1643/1338 1552/1630/1338
f 1552/1630/1339 1564/1643/1339 1565/1644/1339 1553/1631/1339
f 1553/1631/1340 1565/1644/1340 1566/1645/1340 1554/1632/1340
f 1554/1632/1341 1566/1645/1341 1555/1633/1341 1543/1620/1341
f 1555/1633/1342 1567/1646/1342 1568/1647/1342 1556/1634/1342
f 1556/1634/1343 1568/1647/1343 1569/1648/1343 1557/1635/1343
f 1557/1635/1344 1569/1648/1344 1570/1649/1344 1558/1636/1344
f 1558/1636/1345 1570/1649/1345 1571/1650/1345 1559/1637/1345
f 1559/1637/1346 1571/1650/1346 1572/1651/1346 1560/1638/1346
f 1560/1638/1347 1572/1651/1347 1573/1652/1347 1561/1639/1347
f 1561/1640/1348 1573/1653/1348 1574/1654/1348 1562/1641/1348
f 1562/1641/1349 1574/1654/1349 1575/1655/1349 1563/1642/1349
f 1563/1642/1350 1575/1655/1350 1576/1656/1350 1564/1643/1350
f 1564/1643/1351 1576/1656/1351 1577/1657/1351 1565/1644/1351
f 1565/1644/1352 1577/1657/1352 1578/1658/1352 1566/1645/1352
f 1566/1645/1353 1578/1658/1353 1567/1646/1353 1555/1633/1353
f 1567/1646/1354 1579/1659/1354 1580/1660/1354 1568/1647/1354
f 1568/1647/1355 1580/1660/1355 1581/1661/1355 1569/1648/1355
f 1569/1648/1356 1581/1661/1356 1582/1662/1356 1570/1649/1356
f 1570/1649/1357 1582/1662/1357 1583/1663/1357 1571/1650/1357
f 1571/1650/1358 1583/1663/1358 1584/1664/1358 1572/1651/1358
f 1572/1651/1359 1584/1664/1359 1585/1665/1359 1573/1652/1359
f 1573/1653/1360 1585/1666/1360 1586/1667/1360 1574/1654/1360
f 1574/1654/1361 1586/1667/1361 1587/1668/1361 1575/1655/1361
f 1575/1655/1362 1587/1668/1362 1588/1669/1362 1576/1656/1362
f 1576/1656/1363 1588/1669/1363 1589/1670/1363 1577/1657/1363
f 1577/1657/1364 1589/1670/1364 1590/1671/1364 1578/1658/1364
f 1578/1658/1365 1590/1671/1365 1579/1659/1365 1567/1646/1365
f 1579/1659/1366 1015/1035/1366 1016/1038/1366 1580/1660/1366
f 1580/1660/1367 1016/1038/1367 1017/1040/1367 1581/1661/1367
f 1581/1661/1368 1017/1040/1368 1018/1042/1368 1582/1662/1368
f 1582/1662/1369 1018/1042/1369 1019/1044/1369 1583/1663/1369
f 1583/1663/1370 1019/1044/1370 1020/1046/1370 1584/1664/1370
f 1584/1664/1371 1020/1046/1371 1021/1048/1371 1585/1665/1371
f 1585/1666/1372 1021/1049/1372 1022/1052/1372 1586/1667/1372
f 1586/1667/1373 1022/1052/1373 1023/1054/1373 1587/1668/1373
f 1587/1668/1374 1023/1054/1374 1024/1056/1374 1588/1669/1374
f 1588/1669/1375 1024/1056/1375 1025/1058/1375 1589/1670/1375
f 1589/1670/1376 1025/1058/1376 1026/1060/1376 1590/1671/1376
f 1590/1671/1377 1026/1060/1377 1015/1035/1377 1579/1659/1377
o Torus.001
v -26.531012 2.463700 -1.283795
v -26.578804 2.346237 -1.310378
v -26.567959 2.217871 -1.304346
v -26.502554 2.114166 -1.267965
v -26.401596 2.062340 -1.211810
v -26.292452 2.074501 -1.151101
v -26.203157 2.146193 -1.101433
v -26.156130 2.258817 -1.075274
v -26.163692 2.384002 -1.079480
v -26.225050 2.489368 -1.113609
v -26.325243 2.546037 -1.169340
v -26.437674 2.537053 -1.231877
v -26.291740 2.444577 -1.667479
v -26.341892 2.327303 -1.690277
v -26.337439 2.199448 -1.673999
v -26.280617 2.096429 -1.623854
v -26.188072 2.045275 -1.554207
v -26.084978 2.057920 -1.483797
v -25.997875 2.129787 -1.430616
v -25.948656 2.242236 -1.407970
v -25.950169 2.366937 -1.421877
v -26.003113 2.471631 -1.469498
v -26.094723 2.527614 -1.538993
v -26.200762 2.518120 -1.611776
v -26.017071 2.387537 -2.022633
v -26.069933 2.270826 -2.041927
v -26.072815 2.144494 -2.016164
v -26.025846 2.043521 -1.953278
v -25.942961 1.994373 -1.871143
v -25.846811 2.008460 -1.791754
v -25.762222 2.080850 -1.735321
v -25.710487 2.192776 -1.715927
v -25.705055 2.316035 -1.738813
v -25.748343 2.418723 -1.798922
v -25.830099 2.472660 -1.881158
v -25.928802 2.461642 -1.963426
v -25.711704 2.293556 -2.343180
v -25.767580 2.177772 -2.359310
v -25.778616 2.053949 -2.324987
v -25.742603 1.956348 -2.250601
v -25.670456 1.910505 -2.157195
v -25.582026 1.926968 -2.069701
v -25.500233 2.000218 -2.010334
v -25.445704 2.111284 -1.993875
v -25.432550 2.232167 -2.024865
v -25.465099 2.331550 -2.096245
v -25.535900 2.382116 -2.189981
v -25.626450 2.368588 -2.280809
v -25.380865 2.164240 -2.623634
v -25.440004 2.049732 -2.636997
v -25.459877 1.929363 -2.595185
v -25.435732 1.836401 -2.510737
v -25.375217 1.795105 -2.407470
v -25.295153 1.814838 -2.312886
v -25.216389 1.889272 -2.250949
v -25.158831 1.999154 -2.237059
v -25.137312 2.116767 -2.275140
v -25.158228 2.211603 -2.356381
v -25.217161 2.257529 -2.460179
v -25.298876 2.240549 -2.558496
v -25.030216 2.001805 -2.859196
v -25.092815 1.888900 -2.870235
v -25.122051 1.772868 -2.822132
v -25.110485 1.685734 -2.729234
v -25.062302 1.650149 -2.617683
v -24.991100 1.673989 -2.517143
v -24.915548 1.749910 -2.453050
v -24.854778 1.858305 -2.441316
v -24.824396 1.971811 -2.485353
v -24.832981 2.060936 -2.574878
v -24.879335 2.101035 -2.687126
v -24.951685 2.079716 -2.791734
v -24.665752 1.809026 -3.045837
v -24.731949 1.698024 -3.055034
v -24.770918 1.587140 -3.001947
v -24.772427 1.506922 -2.902353
v -24.737059 1.478116 -2.784240
v -24.675074 1.506830 -2.678981
v -24.602858 1.584516 -2.613179
v -24.538750 1.691145 -2.603154
v -24.499153 1.799778 -2.651910
v -24.494923 1.882124 -2.747997
v -24.528202 1.915307 -2.866941
v -24.590818 1.888840 -2.976533
v -24.293715 1.589206 -3.180362
v -24.363583 1.480372 -3.188232
v -24.412485 1.375359 -3.131552
v -24.427343 1.303027 -3.027133
v -24.405056 1.281950 -2.904289
v -24.352476 1.316221 -2.795629
v -24.283667 1.395921 -2.728596
v -24.216154 1.500538 -2.719803
v -24.167150 1.603613 -2.771959
v -24.149839 1.678229 -2.872777
v -24.169769 1.703526 -2.996547
v -24.222452 1.671188 -3.109731
v -23.920465 1.346103 -3.260472
v -23.994015 1.239668 -3.267551
v -24.052887 1.141147 -3.208732
v -24.081133 1.077536 -3.101439
v -24.071972 1.065007 -2.975777
v -24.028830 1.105425 -2.865093
v -23.963438 1.187350 -2.797325
v -23.892508 1.289741 -2.789266
v -23.834066 1.386670 -2.843447
v -23.803629 1.452738 -2.947083
v -23.810171 1.469313 -3.073726
v -23.852886 1.430484 -3.189050
v -23.552395 1.083879 -3.284793
v -23.629576 0.980030 -3.291632
v -23.698277 0.888512 -3.232164
v -23.739727 0.834308 -3.123997
v -23.743507 0.831001 -2.997482
v -23.709671 0.878048 -2.886181
v -23.647650 0.962374 -2.818192
v -23.573349 1.062364 -2.810355
v -23.505604 1.152663 -2.865152
v -23.462223 1.209510 -2.969641
v -23.455561 1.216679 -3.097157
v -23.488445 1.170847 -3.213131
v -23.195795 0.807017 -3.252910
v -23.276495 0.705901 -3.260064
v -23.354719 0.621776 -3.201447
v -23.408964 0.577505 -3.094425
v -23.425283 0.583933 -2.969030
v -23.400461 0.637979 -2.858536
v -23.341705 0.724840 -2.790838
v -23.264139 0.822295 -2.782709
v -23.187378 0.905595 -2.836700
v -23.131460 0.952707 -2.940069
v -23.112003 0.949943 -3.066442
v -23.135365 0.896717 -3.181564
v -22.856771 0.520257 -3.165369
v -22.940817 0.421970 -3.173387
v -23.028093 0.345504 -3.117108
v -23.094501 0.311520 -3.013226
v -23.122742 0.328031 -2.890909
v -23.106491 0.389328 -2.782629
v -23.050840 0.478815 -2.715733
v -22.970169 0.573644 -2.706802
v -22.884836 0.649693 -2.758579
v -22.816998 0.686722 -2.858870
v -22.785378 0.673671 -2.982102
v -22.799686 0.612787 -3.094887
v -22.541124 0.228507 -3.023669
v -22.628284 0.133099 -3.033085
v -22.723991 0.064424 -2.980590
v -22.801723 0.040906 -2.881791
v -22.841063 0.067676 -2.764457
v -22.832792 0.136349 -2.659759
v -22.780031 0.228507 -2.594160
v -22.696470 0.320665 -2.583932
v -22.603157 0.389338 -2.632127
v -22.524220 0.416108 -2.727435
v -22.481276 0.392590 -2.845584
v -22.487154 0.323915 -2.954584
v -22.254255 -0.063245 -2.830231
v -22.344246 -0.155774 -2.841556
v -22.447613 -0.216658 -2.794227
v -22.535635 -0.229710 -2.702368
v -22.585062 -0.192681 -2.591835
v -22.584045 -0.116631 -2.492028
v -22.533911 -0.021802 -2.428200
v -22.447723 0.067685 -2.416201
v -22.347157 0.128981 -2.459506
v -22.258131 0.145493 -2.548012
v -22.204897 0.111508 -2.659221
v -22.203115 0.035042 -2.763055
v -22.001072 -0.350004 -2.588369
v -22.093559 -0.439704 -2.602080
v -22.203690 -0.492929 -2.561210
v -22.300795 -0.495693 -2.478027
v -22.359123 -0.448582 -2.376000
v -22.364508 -0.365282 -2.282307
v -22.316690 -0.267827 -2.220694
v -22.228186 -0.180966 -2.206481
v -22.121218 -0.126919 -2.243670
v -22.023291 -0.120491 -2.323671
v -21.960974 -0.164763 -2.426204
v -21.952429 -0.248887 -2.523580
v -21.785904 -0.626865 -2.302218
v -21.880516 -0.713833 -2.318752
v -21.996391 -0.759665 -2.285524
v -22.101215 -0.752497 -2.212607
v -22.167110 -0.695650 -2.120641
v -22.177935 -0.605350 -2.034183
v -22.132088 -0.505360 -1.975190
v -22.041613 -0.421035 -1.958357
v -21.929205 -0.373987 -1.988311
v -21.823711 -0.377295 -2.058251
v -21.753675 -0.431499 -2.150518
v -21.739386 -0.523017 -2.240251
v -21.612436 -0.889090 -1.976677
v -21.708759 -0.973470 -1.996423
v -21.829268 -1.012300 -1.971888
v -21.940315 -0.995724 -1.910650
v -22.012310 -0.929656 -1.830131
v -22.027519 -0.832727 -1.751904
v -21.983261 -0.730336 -1.695891
v -21.891197 -0.648412 -1.676077
v -21.774405 -0.607994 -1.697801
v -21.662811 -0.620522 -1.756294
v -21.586552 -0.684134 -1.836882
v -21.567631 -0.782654 -1.917922
v -21.483635 -1.132193 -1.617312
v -21.581230 -1.214175 -1.640604
v -21.705177 -1.246512 -1.625666
v -21.820845 -1.221215 -1.577320
v -21.897369 -1.146599 -1.509438
v -21.915836 -1.043524 -1.440296
v -21.872757 -0.938907 -1.387574
v -21.779512 -0.859208 -1.364470
v -21.659464 -0.824937 -1.377108
v -21.543341 -0.846013 -1.422964
v -21.462461 -0.918346 -1.490660
v -21.440100 -1.023359 -1.562104
v -21.401707 -1.352014 -1.230274
v -21.500109 -1.431827 -1.257386
v -21.626244 -1.458294 -1.252784
v -21.744850 -1.425111 -1.218323
v -21.824257 -1.342766 -1.164050
v -21.844793 -1.234133 -1.104693
v -21.802465 -1.127503 -1.055515
v -21.708471 -1.049817 -1.028867
v -21.586351 -1.021103 -1.031720
v -21.467346 -1.049909 -1.063967
v -21.383528 -1.130128 -1.117778
v -21.358978 -1.241011 -1.178885
v -21.368050 -1.544791 -0.822188
v -21.466784 -1.622702 -0.853326
v -21.593819 -1.644021 -0.859622
v -21.713633 -1.603922 -0.839802
v -21.794220 -1.514798 -0.799878
v -21.815609 -1.401291 -0.750839
v -21.773590 -1.292897 -0.705397
v -21.679287 -1.216975 -0.675012
v -21.556316 -1.193136 -0.667548
v -21.436129 -1.228720 -0.685445
v -21.351103 -1.315855 -0.724616
v -21.325653 -1.431886 -0.774826
v -21.383242 -1.707227 -0.400035
v -21.481825 -1.783535 -0.435338
v -21.608456 -1.800516 -0.452907
v -21.727724 -1.754590 -0.448231
v -21.807777 -1.659754 -0.423152
v -21.828783 -1.542141 -0.384786
v -21.786623 -1.432259 -0.343210
v -21.692459 -1.357825 -0.308959
v -21.569872 -1.338092 -0.290822
v -21.450220 -1.379388 -0.293875
v -21.365738 -1.472350 -0.317901
v -21.340696 -1.592719 -0.356837
v -21.447021 -1.836543 0.028966
v -21.544977 -1.911575 -0.010571
v -21.669903 -1.925102 -0.039597
v -21.786884 -1.874537 -0.050311
v -21.864695 -1.775154 -0.040316
v -21.884087 -1.654271 -0.012797
v -21.841343 -1.543205 0.024851
v -21.747765 -1.469955 0.063030
v -21.626789 -1.453492 0.092014
v -21.509380 -1.499335 0.104045
v -21.427187 -1.596936 0.095409
v -21.403847 -1.720759 0.067930
v -21.558300 -1.930524 0.457470
v -21.655157 -2.004630 0.413706
v -21.777111 -2.015647 0.373237
v -21.890100 -1.961710 0.347150
v -21.963999 -1.859022 0.342077
v -21.980577 -1.735763 0.358762
v -21.936815 -1.623837 0.392487
v -21.844255 -1.551447 0.434589
v -21.726093 -1.537360 0.474407
v -21.612597 -1.586508 0.501506
v -21.534395 -1.687481 0.508242
v -21.514027 -1.813813 0.492207
v -21.715172 -1.987564 0.878145
v -21.810482 -2.061106 0.830231
v -21.928246 -2.070601 0.778527
v -22.035606 -2.014618 0.737349
v -22.103989 -1.909924 0.717484
v -22.116602 -1.785223 0.723534
v -22.071404 -1.672774 0.753406
v -21.980280 -1.600907 0.799360
v -21.866083 -1.588262 0.849814
v -21.758102 -1.639416 0.891705
v -21.685530 -1.742435 0.913533
v -21.669352 -1.870290 0.908731
v -21.914951 -2.006687 1.283797
v -22.008289 -2.080040 1.231880
v -22.120720 -2.089024 1.169343
v -22.220913 -2.032355 1.113612
v -22.282272 -1.926989 1.079483
v -22.289833 -1.801804 1.075277
v -22.242805 -1.689180 1.101435
v -22.153511 -1.617488 1.151104
v -22.044367 -1.605327 1.211813
v -21.943409 -1.657153 1.267968
v -21.878004 -1.760857 1.304349
v -21.867161 -1.889224 1.310380
v -22.154224 -1.987564 1.667483
v -22.245201 -2.061106 1.611779
v -22.351242 -2.070601 1.538997
v -22.442852 -2.014618 1.469501
v -22.495796 -1.909924 1.421880
v -22.497309 -1.785223 1.407974
v -22.448090 -1.672774 1.430619
v -22.360985 -1.600907 1.483800
v -22.257891 -1.588262 1.554210
v -22.165348 -1.639416 1.623857
v -22.108526 -1.742435 1.674002
v -22.104073 -1.870290 1.690280
v -22.428892 -1.930524 2.022636
v -22.517160 -2.004630 1.963429
v -22.615864 -2.015647 1.881161
v -22.697620 -1.961710 1.798924
v -22.740908 -1.859022 1.738816
v -22.735476 -1.735763 1.715930
v -22.683741 -1.623837 1.735323
v -22.599152 -1.551448 1.791756
v -22.503002 -1.537360 1.871146
v -22.420116 -1.586508 1.953280
v -22.373148 -1.687481 2.016167
v -22.376030 -1.813813 2.041929
v -22.734259 -1.836543 2.343182
v -22.819511 -1.911575 2.280811
v -22.910063 -1.925103 2.189984
v -22.980864 -1.874537 2.096247
v -23.013412 -1.775154 2.024868
v -23.000259 -1.654271 1.993877
v -22.945730 -1.543205 2.010336
v -22.863937 -1.469955 2.069704
v -22.775507 -1.453492 2.157197
v -22.703360 -1.499335 2.250603
v -22.667347 -1.596936 2.324990
v -22.678383 -1.720759 2.359312
v -23.065098 -1.707228 2.623636
v -23.147087 -1.783536 2.558498
v -23.228802 -1.800517 2.460181
v -23.287735 -1.754591 2.356384
v -23.308651 -1.659755 2.275142
v -23.287132 -1.542141 2.237061
v -23.229574 -1.432259 2.250952
v -23.150810 -1.357825 2.312888
v -23.070745 -1.338092 2.407472
v -23.010231 -1.379389 2.510740
v -22.986086 -1.472351 2.595187
v -23.005957 -1.592720 2.636999
v -23.415749 -1.544791 2.859199
v -23.494278 -1.622702 2.791737
v -23.566629 -1.644021 2.687129
v -23.612982 -1.603922 2.574881
v -23.621567 -1.514798 2.485356
v -23.591185 -1.401291 2.441320
v -23.530415 -1.292897 2.453053
v -23.454863 -1.216975 2.517146
v -23.383661 -1.193136 2.617686
v -23.335478 -1.228720 2.729237
v -23.323914 -1.315855 2.822135
v -23.353148 -1.431886 2.870238
v -23.780210 -1.352014 3.045840
v -23.855145 -1.431827 2.976536
v -23.917761 -1.458294 2.866944
v -23.951040 -1.425111 2.748000
v -23.946810 -1.342766 2.651912
v -23.907213 -1.234133 2.603157
v -23.843105 -1.127503 2.613182
v -23.770889 -1.049817 2.678983
v -23.708904 -1.021103 2.784242
v -23.673536 -1.049909 2.902356
v -23.675045 -1.130128 3.001950
v -23.714014 -1.241011 3.055037
v -24.152248 -1.132194 3.180366
v -24.223511 -1.214176 3.109734
v -24.276192 -1.246513 2.996549
v -24.296124 -1.221216 2.872779
v -24.278812 -1.146600 2.771962
v -24.229809 -1.043525 2.719805
v -24.162296 -0.938908 2.728598
v -24.093487 -0.859209 2.795632
v -24.040907 -0.824938 2.904292
v -24.018620 -0.846014 3.027135
v -24.033476 -0.918347 3.131555
v -24.082380 -1.023360 3.188235
v -24.525499 -0.889090 3.260475
v -24.593079 -0.973470 3.189054
v -24.635792 -1.012300 3.073729
v -24.642334 -0.995724 2.947085
v -24.611897 -0.929657 2.843451
v -24.553457 -0.832727 2.789269
v -24.482527 -0.730336 2.797328
v -24.417135 -0.648412 2.865095
v -24.373991 -0.607994 2.975780
v -24.364830 -0.620522 3.101441
v -24.393076 -0.684134 3.208735
v -24.451948 -0.782654 3.267554
v -24.893570 -0.626865 3.284796
v -24.957518 -0.713833 3.213135
v -24.990402 -0.759665 3.097161
v -24.983740 -0.752497 2.969644
v -24.940361 -0.695650 2.865155
v -24.872616 -0.605350 2.810358
v -24.798313 -0.505360 2.818194
v -24.736292 -0.421035 2.886184
v -24.702456 -0.373987 2.997484
v -24.706236 -0.377295 3.124000
v -24.747688 -0.431499 3.232167
v -24.816389 -0.523017 3.291635
v -25.250168 -0.350005 3.252914
v -25.310596 -0.439705 3.181566
v -25.333960 -0.492930 3.066444
v -25.314503 -0.495694 2.940072
v -25.258585 -0.448582 2.836703
v -25.181824 -0.365283 2.782712
v -25.104258 -0.267828 2.790841
v -25.045502 -0.180967 2.858539
v -25.020679 -0.126920 2.969033
v -25.036999 -0.120492 3.094428
v -25.091244 -0.164764 3.201450
v -25.169468 -0.248888 3.260067
v -25.589190 -0.063246 3.165373
v -25.646275 -0.155776 3.094890
v -25.660583 -0.216659 2.982106
v -25.628965 -0.229711 2.858873
v -25.561125 -0.192682 2.758583
v -25.475792 -0.116632 2.706805
v -25.395123 -0.021803 2.715736
v -25.339470 0.067684 2.782632
v -25.323219 0.128981 2.890913
v -25.351461 0.145492 3.013229
v -25.417868 0.111507 3.117112
v -25.505144 0.035041 3.173391
v -25.904839 0.228507 3.023671
v -25.958809 0.133099 2.954587
v -25.964687 0.064424 2.845586
v -25.921745 0.040906 2.727438
v -25.842808 0.067676 2.632130
v -25.749493 0.136349 2.583935
v -25.665934 0.228507 2.594162
v -25.613171 0.320665 2.659762
v -25.604902 0.389338 2.764460
v -25.644241 0.416108 2.881794
v -25.721972 0.392590 2.980592
v -25.817678 0.323915 3.033087
v -26.191708 0.520257 2.830235
v -26.242847 0.421971 2.763059
v -26.241066 0.345504 2.659225
v -26.187832 0.311520 2.548015
v -26.098806 0.328031 2.459509
v -25.998240 0.389328 2.416204
v -25.912052 0.478815 2.428204
v -25.861917 0.573644 2.492031
v -25.860901 0.649693 2.591839
v -25.910328 0.686722 2.702371
v -25.998350 0.673671 2.794230
v -26.101717 0.612787 2.841560
v -26.444893 0.807016 2.588373
v -26.493534 0.705900 2.523583
v -26.484989 0.621775 2.426207
v -26.422672 0.577504 2.323675
v -26.324745 0.583932 2.243673
v -26.217777 0.637979 2.206484
v -26.129272 0.724840 2.220698
v -26.081455 0.822295 2.282311
v -26.086840 0.905594 2.376003
v -26.145168 0.952706 2.478031
v -26.242273 0.949942 2.561213
v -26.352404 0.896716 2.602084
v -26.660061 1.083879 2.302220
v -26.706577 0.980030 2.240253
v -26.692287 0.888512 2.150520
v -26.622253 0.834308 2.058254
v -26.516758 0.831001 1.988314
v -26.404352 0.878048 1.958359
v -26.313875 0.962374 1.975193
v -26.268028 1.062364 2.034186
v -26.278854 1.152663 2.120644
v -26.344749 1.209510 2.212610
v -26.449574 1.216679 2.285526
v -26.565449 1.170847 2.318754
v -26.833527 1.346103 1.976679
v -26.878334 1.239668 1.917925
v -26.859411 1.141147 1.836884
v -26.783154 1.077536 1.756297
v -26.671558 1.065007 1.697803
v -26.554766 1.105425 1.676080
v -26.462702 1.187350 1.695894
v -26.418444 1.289741 1.751906
v -26.433655 1.386670 1.830134
v -26.505650 1.452738 1.910653
v -26.616695 1.469313 1.971890
v -26.737204 1.430484 1.996425
v -26.962328 1.589205 1.617316
v -27.005863 1.480371 1.562107
v -26.983501 1.375358 1.490664
v -26.902622 1.303026 1.422968
v -26.786499 1.281950 1.377112
v -26.666451 1.316221 1.364473
v -26.573206 1.395920 1.387578
v -26.530128 1.500537 1.440300
v -26.548594 1.603612 1.509442
v -26.625118 1.678228 1.577324
v -26.740786 1.703525 1.625670
v -26.864735 1.671187 1.640608
v -27.044258 1.809026 1.230280
v -27.086985 1.698023 1.178890
v -27.062435 1.587140 1.117783
v -26.978617 1.506921 1.063972
v -26.859613 1.478115 1.031725
v -26.737492 1.506829 1.028872
v -26.643499 1.584515 1.055520
v -26.601170 1.691145 1.104699
v -26.621708 1.799778 1.164055
v -26.701113 1.882123 1.218328
v -26.819719 1.915306 1.252789
v -26.945854 1.888839 1.257391
v -27.077915 2.001805 0.822191
v -27.120310 1.888900 0.774828
v -27.094860 1.772868 0.724619
v -27.009834 1.685734 0.685448
v -26.889648 1.650149 0.667550
v -26.766676 1.673989 0.675015
v -26.672375 1.749910 0.705400
v -26.630354 1.858305 0.750841
v -26.651743 1.971811 0.799880
v -26.732330 2.060936 0.839804
v -26.852146 2.101035 0.859624
v -26.979179 2.079715 0.853329
v -27.062723 2.164240 0.400037
v -27.105267 2.049733 0.356839
v -27.080225 1.929363 0.317904
v -26.995743 1.836401 0.293878
v -26.876091 1.795105 0.290824
v -26.753504 1.814838 0.308962
v -26.659340 1.889271 0.343213
v -26.617180 1.999154 0.384789
v -26.638186 2.116767 0.423154
v -26.718239 2.211603 0.448234
v -26.837509 2.257529 0.452910
v -26.964138 2.240549 0.435340
v -26.998941 2.293556 -0.028962
v -27.042116 2.177772 -0.067926
v -27.018778 2.053949 -0.095405
v -26.936584 1.956348 -0.104041
v -26.819174 1.910505 -0.092010
v -26.698198 1.926968 -0.063026
v -26.604620 2.000218 -0.024848
v -26.561876 2.111284 0.012801
v -26.581268 2.232167 0.040320
v -26.659081 2.331550 0.050315
v -26.776062 2.382115 0.039600
v -26.900986 2.368588 0.010575
v -26.887663 2.387537 -0.457468
v -26.931936 2.270826 -0.492204
v -26.911568 2.144494 -0.508240
v -26.833366 2.043521 -0.501504
v -26.719870 1.994373 -0.474405
v -26.601707 2.008461 -0.434587
v -26.509148 2.080850 -0.392485
v -26.465385 2.192776 -0.358760
v -26.481964 2.316036 -0.342074
v -26.555862 2.418723 -0.347147
v -26.668852 2.472660 -0.373234
v -26.790806 2.461643 -0.413704
v -26.730793 2.444577 -0.878143
v -26.776613 2.327303 -0.908729
v -26.760433 2.199448 -0.913531
v -26.687860 2.096429 -0.891702
v -26.579880 2.045275 -0.849811
v -26.465683 2.057920 -0.799358
v -26.374561 2.129787 -0.753404
v -26.329361 2.242236 -0.723531
v -26.341974 2.366937 -0.717481
v -26.410357 2.471631 -0.737346
v -26.517719 2.527614 -0.778525
v -26.635483 2.518120 -0.830228
vn -0.7600 0.4212 -0.4949
vn -0.8467 -0.0961 -0.5233
vn -0.7009 -0.5851 -0.4079
vn -0.3665 -0.9122 -0.1831
vn 0.0618 -0.9942 0.0881
vn 0.4702 -0.8170 0.3339
vn 0.7562 -0.4303 0.4930
vn 0.8480 0.0689 0.5254
vn 0.7183 0.5544 0.4203
vn 0.3949 0.8964 0.2016
vn -0.0386 0.9965 -0.0737
vn -0.4631 0.8227 -0.3298
vn -0.6882 0.4106 -0.5982
vn -0.7948 -0.1038 -0.5980
vn -0.6829 -0.5878 -0.4337
vn -0.3871 -0.9092 -0.1534
vn 0.0084 -0.9863 0.1649
vn 0.3982 -0.8063 0.4374
vn 0.6842 -0.4196 0.5965
vn 0.7946 0.0768 0.6022
vn 0.6976 0.5575 0.4500
vn 0.4128 0.8937 0.1757
vn 0.0134 0.9888 -0.1485
vn -0.3913 0.8120 -0.4330
vn -0.6071 0.3895 -0.6926
vn -0.7361 -0.1191 -0.6663
vn -0.6626 -0.5931 -0.4574
vn -0.4104 -0.9031 -0.1262
vn -0.0519 -0.9706 0.2351
vn 0.3169 -0.7851 0.5321
vn 0.6029 -0.3984 0.6912
vn 0.7343 0.0925 0.6724
vn 0.6743 0.5636 0.4772
vn 0.4331 0.8884 0.1521
vn 0.0720 0.9736 -0.2168
vn -0.3102 0.7909 -0.5274
vn -0.5183 0.3583 -0.7766
vn -0.6717 -0.1417 -0.7271
vn -0.6404 -0.6009 -0.4784
vn -0.4360 -0.8941 -0.1021
vn -0.1180 -0.9474 0.2976
vn 0.2278 -0.7539 0.6163
vn 0.5138 -0.3672 0.7754
vn 0.6682 0.1157 0.7349
vn 0.6488 0.5725 0.5013
vn 0.4553 0.8806 0.1311
vn 0.1364 0.9510 -0.2776
vn -0.2213 0.7597 -0.6114
vn -0.4230 0.3175 -0.8487
vn -0.6028 -0.1712 -0.7793
vn -0.6166 -0.6111 -0.4964
vn -0.4634 -0.8824 -0.0813
vn -0.1889 -0.9170 0.3512
vn 0.1323 -0.7130 0.6886
vn 0.4183 -0.3263 0.8477
vn 0.5974 0.1460 0.7885
vn 0.6214 0.5843 0.5221
vn 0.4792 0.8704 0.1131
vn 0.2053 0.9215 -0.3298
vn -0.1261 0.7190 -0.6835
vn -0.3231 0.2679 -0.9077
vn -0.5305 -0.2071 -0.8220
vn -0.5916 -0.6235 -0.5112
vn -0.4921 -0.8681 -0.0644
vn -0.2632 -0.8801 0.3951
vn 0.0321 -0.6632 0.7477
vn 0.3181 -0.2765 0.9068
vn 0.5231 0.1829 0.8324
vn 0.5926 0.5985 0.5390
vn 0.5042 0.8580 0.0983
vn 0.2776 0.8855 -0.3725
vn -0.0262 0.6693 -0.7425
vn -0.2202 0.2102 -0.9525
vn -0.4560 -0.2488 -0.8545
vn -0.5658 -0.6379 -0.5224
vn -0.5217 -0.8515 -0.0514
vn -0.3398 -0.8372 0.4285
vn -0.0711 -0.6054 0.7927
vn 0.2149 -0.2187 0.9518
vn 0.4465 0.2258 0.8658
vn 0.5630 0.6151 0.5519
vn 0.5299 0.8436 0.0871
vn 0.3521 0.8438 -0.4050
vn 0.0767 0.6117 -0.7874
vn -0.1161 0.1456 -0.9825
vn -0.3806 -0.2957 -0.8762
vn -0.5398 -0.6541 -0.5299
vn -0.5517 -0.8329 -0.0428
vn -0.4172 -0.7891 0.4508
vn -0.1755 -0.5406 0.8228
vn 0.1105 -0.1539 0.9819
vn 0.3690 0.2739 0.8881
vn 0.5331 0.6337 0.5606
vn 0.5560 0.8274 0.0796
vn 0.4275 0.7970 -0.4267
vn 0.1808 0.5470 -0.8174
vn -0.0125 0.0749 -0.9971
vn -0.3056 -0.3468 -0.8868
vn -0.5138 -0.6718 -0.5336
vn -0.5815 -0.8126 -0.0386
vn -0.4943 -0.7366 0.4616
vn -0.2793 -0.4698 0.8374
vn 0.0067 -0.0831 0.9965
vn 0.2920 0.3265 0.8990
vn 0.5033 0.6540 0.5648
vn 0.5819 0.8097 0.0759
vn 0.5025 0.7459 -0.4372
vn 0.2844 0.4764 -0.8320
vn 0.0888 -0.0004 -0.9961
vn -0.2323 -0.4013 -0.8860
vn -0.4885 -0.6906 -0.5333
vn -0.6106 -0.7910 -0.0389
vn -0.5696 -0.6806 0.4608
vn -0.3809 -0.3942 0.8364
vn -0.0949 -0.0075 0.9955
vn 0.2167 0.3825 0.8982
vn 0.4741 0.6757 0.5645
vn 0.6072 0.7909 0.0762
vn 0.5758 0.6913 -0.4365
vn 0.3857 0.4011 -0.8309
vn 0.1860 -0.0791 -0.9794
vn -0.1620 -0.4583 -0.8739
vn -0.4642 -0.7103 -0.5291
vn -0.6386 -0.7683 -0.0437
vn -0.6419 -0.6220 0.4484
vn -0.4783 -0.3153 0.8196
vn -0.1923 0.0714 0.9787
vn 0.1444 0.4411 0.8858
vn 0.4462 0.6984 0.5597
vn 0.6315 0.7712 0.0804
vn 0.6461 0.6343 -0.4244
vn 0.4829 0.3223 -0.8142
vn 0.2774 -0.1600 -0.9473
vn -0.0958 -0.5168 -0.8507
vn -0.4413 -0.7305 -0.5211
vn -0.6649 -0.7451 -0.0529
vn -0.7099 -0.5619 0.4246
vn -0.5700 -0.2342 0.7875
vn -0.2840 0.1525 0.9466
vn 0.0763 0.5012 0.8620
vn 0.4199 0.7216 0.5504
vn 0.6544 0.7509 0.0884
vn 0.7124 0.5758 -0.4012
vn 0.5743 0.2415 -0.7822
vn 0.3616 -0.2415 -0.9005
vn -0.0348 -0.5758 -0.8168
vn -0.4202 -0.7509 -0.5094
vn -0.6891 -0.7216 -0.0664
vn -0.7726 -0.5012 0.3898
vn -0.6544 -0.1525 0.7406
vn -0.3684 0.2342 0.8997
vn 0.0137 0.5619 0.8271
vn 0.3957 0.7451 0.5370
vn 0.6755 0.7305 0.1001
vn 0.7733 0.5168 -0.3673
vn 0.6585 0.1600 -0.7354
vn 0.4371 -0.3223 -0.8397
vn 0.0198 -0.6343 -0.7728
vn -0.4014 -0.7712 -0.4942
vn -0.7108 -0.6984 -0.0839
vn -0.8287 -0.4411 0.3445
vn -0.7301 -0.0714 0.6796
vn -0.4441 0.3153 0.8387
vn -0.0424 0.6220 0.7819
vn 0.3740 0.7683 0.5195
vn 0.6944 0.7103 0.1153
vn 0.8279 0.4583 -0.3233
vn 0.7340 0.0791 -0.6745
vn 0.5025 -0.4011 -0.7659
vn 0.0672 -0.6913 -0.7194
vn -0.3850 -0.7909 -0.4757
vn -0.7296 -0.6757 -0.1051
vn -0.8774 -0.3825 0.2896
vn -0.7957 0.0075 0.6056
vn -0.5097 0.3942 0.7647
vn -0.0911 0.6806 0.7270
vn 0.3551 0.7910 0.4983
vn 0.7107 0.6906 0.1338
vn 0.8753 0.4013 -0.2699
vn 0.7994 0.0004 -0.6008
vn 0.5568 -0.4764 -0.6804
vn 0.1065 -0.7459 -0.6575
vn -0.3714 -0.8097 -0.4543
vn -0.7453 -0.6540 -0.1297
vn -0.9178 -0.3265 0.2261
vn -0.8502 0.0831 0.5199
vn -0.5642 0.4698 0.6790
vn -0.1315 0.7366 0.6634
vn 0.3395 0.8126 0.4737
vn 0.7243 0.6718 0.1552
vn 0.9146 0.3468 -0.2080
vn 0.8537 -0.0749 -0.5153
vn 0.5991 -0.5470 -0.5847
vn 0.1370 -0.7970 -0.5883
vn -0.3608 -0.8274 -0.4304
vn -0.7574 -0.6337 -0.1572
vn -0.9492 -0.2739 0.1549
vn -0.8925 0.1539 0.4240
vn -0.6065 0.5406 0.5831
vn -0.1629 0.7891 0.5922
vn 0.3274 0.8329 0.4461
vn 0.7349 0.6541 0.1791
vn 0.9452 0.2957 -0.1387
vn 0.8960 -0.1456 -0.4196
vn 0.6285 -0.6117 -0.4805
vn 0.1583 -0.8438 -0.5128
vn -0.3535 -0.8436 -0.4043
vn -0.7659 -0.6151 -0.1872
vn -0.9711 -0.2258 0.0773
vn -0.9220 0.2187 0.3194
vn -0.6360 0.6054 0.4785
vn -0.1848 0.8372 0.5146
vn 0.3189 0.8515 0.4161
vn 0.7423 0.6379 0.2052
vn 0.9665 0.2488 -0.0633
vn 0.9254 -0.2102 -0.3153
vn 0.6446 -0.6693 -0.3694
vn 0.1700 -0.8855 -0.4323
vn -0.3494 -0.8580 -0.3765
vn -0.7705 -0.5985 -0.2192
vn -0.9831 -0.1829 -0.0053
vn -0.9382 0.2765 0.2080
vn -0.6522 0.6632 0.3671
vn -0.1968 0.8801 0.4320
vn 0.3142 0.8681 0.3842
vn 0.7463 0.6235 0.2330
vn 0.9782 0.2071 0.0172
vn 0.9416 -0.2679 -0.2042
vn 0.6472 -0.7190 -0.2534
vn 0.1719 -0.9215 -0.3484
vn -0.3488 -0.8704 -0.3475
vn -0.7713 -0.5843 -0.2526
vn -0.9850 -0.1460 -0.0916
vn -0.9408 0.3263 0.0917
vn -0.6548 0.7130 0.2508
vn -0.1988 0.9170 0.3457
vn 0.3135 0.8824 0.3508
vn 0.7469 0.6111 0.2620
vn 0.9800 0.1712 0.1011
vn 0.9441 -0.3175 -0.0882
vn 0.6362 -0.7597 -0.1344
vn 0.1639 -0.9510 -0.2623
vn -0.3515 -0.8806 -0.3177
vn -0.7681 -0.5725 -0.2868
vn -0.9768 -0.1157 -0.1801
vn -0.9298 0.3672 -0.0276
vn -0.6437 0.7539 0.1315
vn -0.1906 0.9474 0.2572
vn 0.3167 0.8941 0.3166
vn 0.7442 0.6009 0.2918
vn 0.9720 0.1417 0.1872
vn 0.9331 -0.3583 0.0307
vn 0.6117 -0.7909 -0.0146
vn 0.1462 -0.9736 -0.1756
vn -0.3577 -0.8884 -0.2877
vn -0.7611 -0.5636 -0.3212
vn -0.9586 -0.0925 -0.2692
vn -0.9052 0.3984 -0.1477
vn -0.6192 0.7851 0.0114
vn -0.1724 0.9706 0.1681
vn 0.3237 0.9031 0.2821
vn 0.7381 0.5931 0.3217
vn 0.9543 0.1191 0.2740
vn 0.9086 -0.3895 0.1505
vn 0.5743 -0.8120 0.1040
vn 0.1191 -0.9888 -0.0897
vn -0.3670 -0.8937 -0.2580
vn -0.7503 -0.5575 -0.3554
vn -0.9308 -0.0768 -0.3575
vn -0.8677 0.4196 -0.2667
vn -0.5817 0.8063 -0.1076
vn -0.1445 0.9863 0.0798
vn 0.3345 0.9092 0.2480
vn 0.7287 0.5878 0.3514
vn 0.9272 0.1038 0.3598
vn 0.8712 -0.4106 0.2692
vn 0.5244 -0.8227 0.2195
vn 0.0830 -0.9965 -0.0061
vn -0.3795 -0.8964 -0.2292
vn -0.7359 -0.5544 -0.3886
vn -0.8937 -0.0689 -0.4434
vn -0.8177 0.4303 -0.3824
vn -0.5317 0.8170 -0.2233
vn -0.1074 0.9942 -0.0060
vn 0.3488 0.9122 0.2148
vn 0.7162 0.5851 0.3803
vn 0.8911 0.0961 0.4434
vn 0.8213 -0.4212 0.3846
vn 0.4631 -0.8227 0.3298
vn 0.0386 -0.9965 0.0737
vn -0.3949 -0.8964 -0.2016
vn -0.7183 -0.5544 -0.4203
vn -0.8480 -0.0689 -0.5254
vn -0.7562 0.4303 -0.4930
vn -0.4702 0.8170 -0.3339
vn -0.0618 0.9942 -0.0881
vn 0.3665 0.9122 0.1831
vn 0.7009 0.5851 0.4079
vn 0.8467 0.0961 0.5233
vn 0.7600 -0.4212 0.4949
vn 0.3913 -0.8120 0.4330
vn -0.0134 -0.9888 0.1485
vn -0.4128 -0.8937 -0.1757
vn -0.6976 -0.5575 -0.4500
vn -0.7946 -0.0768 -0.6022
vn -0.6842 0.4196 -0.5965
vn -0.3982 0.8063 -0.4374
vn -0.0084 0.9863 -0.1649
vn 0.3871 0.9092 0.1534
vn 0.6829 0.5878 0.4337
vn 0.7948 0.1038 0.5980
vn 0.6882 -0.4106 0.5982
vn 0.3102 -0.7909 0.5274
vn -0.0720 -0.9736 0.2168
vn -0.4331 -0.8884 -0.1521
vn -0.6743 -0.5636 -0.4772
vn -0.7343 -0.0925 -0.6724
vn -0.6029 0.3984 -0.6912
vn -0.3169 0.7851 -0.5321
vn 0.0519 0.9706 -0.2351
vn 0.4104 0.9031 0.1262
vn 0.6626 0.5931 0.4574
vn 0.7361 0.1191 0.6663
vn 0.6071 -0.3895 0.6926
vn 0.2213 -0.7597 0.6114
vn -0.1364 -0.9510 0.2776
vn -0.4553 -0.8806 -0.1311
vn -0.6488 -0.5725 -0.5013
vn -0.6682 -0.1157 -0.7349
vn -0.5138 0.3672 -0.7754
vn -0.2278 0.7538 -0.6163
vn 0.1180 0.9474 -0.2976
vn 0.4360 0.8941 0.1021
vn 0.6404 0.6009 0.4784
vn 0.6717 0.1417 0.7271
vn 0.5183 -0.3583 0.7766
vn 0.1261 -0.7190 0.6835
vn -0.2053 -0.9215 0.3298
vn -0.4792 -0.8704 -0.1131
vn -0.6214 -0.5843 -0.5221
vn -0.5974 -0.1460 -0.7885
vn -0.4183 0.3263 -0.8477
vn -0.1323 0.7130 -0.6886
vn 0.1889 0.9170 -0.3512
vn 0.4634 0.8824 0.0813
vn 0.6166 0.6111 0.4964
vn 0.6028 0.1712 0.7793
vn 0.4230 -0.3175 0.8487
vn 0.0262 -0.6693 0.7425
vn -0.2776 -0.8855 0.3725
vn -0.5042 -0.8580 -0.0983
vn -0.5926 -0.5985 -0.5390
vn -0.5231 -0.1829 -0.8324
vn -0.3181 0.2765 -0.9068
vn -0.0321 0.6632 -0.7477
vn 0.2632 0.8801 -0.3951
vn 0.4921 0.8681 0.0644
vn 0.5916 0.6235 0.5112
vn 0.5305 0.2071 0.8220
vn 0.3231 -0.2679 0.9077
vn -0.0767 -0.6117 0.7874
vn -0.3521 -0.8438 0.4050
vn -0.5299 -0.8436 -0.0871
vn -0.5630 -0.6151 -0.5519
vn -0.4465 -0.2258 -0.8658
vn -0.2149 0.2187 -0.9518
vn 0.0711 0.6054 -0.7927
vn 0.3398 0.8372 -0.4285
vn 0.5217 0.8515 0.0514
vn 0.5658 0.6379 0.5224
vn 0.4560 0.2488 0.8545
vn 0.2202 -0.2102 0.9525
vn -0.1808 -0.5470 0.8174
vn -0.4275 -0.7970 0.4267
vn -0.5560 -0.8274 -0.0796
vn -0.5331 -0.6337 -0.5606
vn -0.3690 -0.2739 -0.8881
vn -0.1105 0.1539 -0.9819
vn 0.1755 0.5406 -0.8228
vn 0.4172 0.7891 -0.4508
vn 0.5517 0.8329 0.0428
vn 0.5398 0.6541 0.5299
vn 0.3806 0.2957 0.8762
vn 0.1161 -0.1456 0.9825
vn -0.2844 -0.4764 0.8320
vn -0.5025 -0.7459 0.4372
vn -0.5819 -0.8097 -0.0759
vn -0.5033 -0.6540 -0.5648
vn -0.2920 -0.3265 -0.8990
vn -0.0067 0.0831 -0.9965
vn 0.2793 0.4698 -0.8374
vn 0.4943 0.7366 -0.4616
vn 0.5815 0.8126 0.0386
vn 0.5138 0.6718 0.5336
vn 0.3056 0.3468 0.8868
vn 0.0125 -0.0750 0.9971
vn -0.3857 -0.4011 0.8309
vn -0.5758 -0.6913 0.4365
vn -0.6072 -0.7909 -0.0762
vn -0.4741 -0.6757 -0.5645
vn -0.2167 -0.3825 -0.8982
vn 0.0949 0.0075 -0.9955
vn 0.3809 0.3942 -0.8364
vn 0.5696 0.6806 -0.4608
vn 0.6106 0.7910 0.0389
vn 0.4885 0.6906 0.5333
vn 0.2323 0.4013 0.8860
vn -0.0888 0.0004 0.9961
vn -0.4829 -0.3223 0.8142
vn -0.6461 -0.6343 0.4244
vn -0.6315 -0.7712 -0.0804
vn -0.4462 -0.6984 -0.5597
vn -0.1444 -0.4411 -0.8858
vn 0.1923 -0.0714 -0.9787
vn 0.4783 0.3153 -0.8196
vn 0.6419 0.6220 -0.4484
vn 0.6386 0.7683 0.0437
vn 0.4642 0.7103 0.5291
vn 0.1620 0.4583 0.8739
vn -0.1860 0.0791 0.9794
vn -0.5743 -0.2415 0.7822
vn -0.7124 -0.5758 0.4012
vn -0.6544 -0.7509 -0.0884
vn -0.4199 -0.7216 -0.5504
vn -0.0763 -0.5012 -0.8620
vn 0.2840 -0.1525 -0.9466
vn 0.5700 0.2342 -0.7875
vn 0.7099 0.5619 -0.4246
vn 0.6649 0.7451 0.0529
vn 0.4413 0.7305 0.5211
vn 0.0958 0.5168 0.8507
vn -0.2774 0.1600 0.9473
vn -0.6585 -0.1600 0.7354
vn -0.7733 -0.5168 0.3673
vn -0.6755 -0.7305 -0.1001
vn -0.3957 -0.7451 -0.5370
vn -0.0137 -0.5619 -0.8271
vn 0.3684 -0.2342 -0.8997
vn 0.6544 0.1525 -0.7406
vn 0.7726 0.5012 -0.3898
vn 0.6891 0.7216 0.0664
vn 0.4202 0.7509 0.5094
vn 0.0348 0.5758 0.8168
vn -0.3616 0.2415 0.9005
vn -0.7340 -0.0791 0.6745
vn -0.8279 -0.4583 0.3233
vn -0.6944 -0.7103 -0.1153
vn -0.3740 -0.7683 -0.5195
vn 0.0424 -0.6220 -0.7819
vn 0.4441 -0.3153 -0.8387
vn 0.7301 0.0714 -0.6796
vn 0.8287 0.4411 -0.3445
vn 0.7108 0.6984 0.0839
vn 0.4014 0.7712 0.4942
vn -0.0198 0.6343 0.7728
vn -0.4371 0.3223 0.8397
vn -0.7994 -0.0004 0.6008
vn -0.8753 -0.4013 0.2699
vn -0.7107 -0.6906 -0.1338
vn -0.3551 -0.7910 -0.4983
vn 0.0911 -0.6806 -0.7270
vn 0.5097 -0.3942 -0.7647
vn 0.7957 -0.0075 -0.6056
vn 0.8774 0.3825 -0.2897
vn 0.7296 0.6757 0.1051
vn 0.3850 0.7909 0.4757
vn -0.0672 0.6913 0.7194
vn -0.5025 0.4011 0.7659
vn -0.8537 0.0749 0.5153
vn -0.9146 -0.3468 0.2080
vn -0.7243 -0.6718 -0.1552
vn -0.3395 -0.8126 -0.4737
vn 0.1315 -0.7366 -0.6634
vn 0.5642 -0.4698 -0.6790
vn 0.8502 -0.0831 -0.5199
vn 0.9178 0.3265 -0.2261
vn 0.7453 0.6540 0.1297
vn 0.3714 0.8097 0.4543
vn -0.1065 0.7459 0.6575
vn -0.5568 0.4764 0.6804
vn -0.8960 0.1456 0.4196
vn -0.9452 -0.2957 0.1387
vn -0.7349 -0.6541 -0.1791
vn -0.3274 -0.8329 -0.4461
vn 0.1629 -0.7891 -0.5922
vn 0.6065 -0.5406 -0.5831
vn 0.8925 -0.1539 -0.4240
vn 0.9492 0.2739 -0.1549
vn 0.7574 0.6337 0.1572
vn 0.3608 0.8274 0.4304
vn -0.1370 0.7970 0.5883
vn -0.5991 0.5470 0.5847
vn -0.9254 0.2102 0.3153
vn -0.9665 -0.2488 0.0633
vn -0.7423 -0.6379 -0.2052
vn -0.3189 -0.8515 -0.4161
vn 0.1848 -0.8372 -0.5146
vn 0.6360 -0.6054 -0.4785
vn 0.9220 -0.2187 -0.3194
vn 0.9711 0.2258 -0.0773
vn 0.7659 0.6151 0.1872
vn 0.3535 0.8436 0.4043
vn -0.1583 0.8438 0.5128
vn -0.6285 0.6117 0.4805
vn -0.9416 0.2679 0.2042
vn -0.9782 -0.2071 -0.0172
vn -0.7463 -0.6235 -0.2330
vn -0.3142 -0.8681 -0.3842
vn 0.1968 -0.8801 -0.4320
vn 0.6522 -0.6632 -0.3671
vn 0.9382 -0.2765 -0.2080
vn 0.9831 0.1829 0.0053
vn 0.7705 0.5985 0.2192
vn 0.3494 0.8580 0.3765
vn -0.1700 0.8855 0.4323
vn -0.6446 0.6693 0.3694
vn -0.9441 0.3175 0.0882
vn -0.9800 -0.1712 -0.1011
vn -0.7469 -0.6111 -0.2620
vn -0.3135 -0.8824 -0.3508
vn 0.1988 -0.9170 -0.3457
vn 0.6548 -0.7130 -0.2508
vn 0.9408 -0.3263 -0.0917
vn 0.9850 0.1460 0.0916
vn 0.7713 0.5843 0.2526
vn 0.3488 0.8704 0.3475
vn -0.1719 0.9215 0.3484
vn -0.6472 0.7190 0.2534
vn -0.9331 0.3583 -0.0307
vn -0.9720 -0.1417 -0.1872
vn -0.7442 -0.6009 -0.2918
vn -0.3167 -0.8941 -0.3166
vn 0.1906 -0.9474 -0.2572
vn 0.6437 -0.7539 -0.1315
vn 0.9298 -0.3672 0.0276
vn 0.9768 0.1157 0.1801
vn 0.7681 0.5725 0.2868
vn 0.3515 0.8806 0.3177
vn -0.1639 0.9510 0.2623
vn -0.6362 0.7597 0.1344
vn -0.9086 0.3895 -0.1505
vn -0.9543 -0.1191 -0.2740
vn -0.7381 -0.5931 -0.3217
vn -0.3237 -0.9031 -0.2821
vn 0.1724 -0.9706 -0.1681
vn 0.6192 -0.7851 -0.0114
vn 0.9052 -0.3984 0.1477
vn 0.9586 0.0925 0.2692
vn 0.7611 0.5636 0.3212
vn 0.3577 0.8884 0.2877
vn -0.1462 0.9736 0.1756
vn -0.6117 0.7909 0.0146
vn -0.8712 0.4106 -0.2692
vn -0.9272 -0.1038 -0.3598
vn -0.7287 -0.5878 -0.3514
vn -0.3345 -0.9092 -0.2480
vn 0.1445 -0.9863 -0.0798
vn 0.5817 -0.8063 0.1076
vn 0.8677 -0.4196 0.2667
vn 0.9308 0.0768 0.3575
vn 0.7503 0.5575 0.3554
vn 0.3670 0.8937 0.2580
vn -0.1191 0.9888 0.0897
vn -0.5743 0.8120 -0.1040
vn -0.8213 0.4212 -0.3847
vn -0.8911 -0.0961 -0.4434
vn -0.7162 -0.5851 -0.3803
vn -0.3488 -0.9122 -0.2148
vn 0.1074 -0.9942 0.0060
vn 0.5317 -0.8170 0.2233
vn 0.8177 -0.4303 0.3824
vn 0.8937 0.0689 0.4434
vn 0.7359 0.5544 0.3886
vn 0.3795 0.8964 0.2292
vn -0.0830 0.9965 0.0061
vn -0.5244 0.8227 -0.2195
vt 0.500000 0.500000
vt 0.520833 0.500000
vt 0.520833 0.583333
vt 0.500000 0.583333
vt 0.520833 0.666667
vt 0.500000 0.666667
vt 0.520833 0.750000
vt 0.500000 0.750000
vt 0.520833 0.833333
vt 0.500000 0.833333
vt 0.520833 0.916667
vt 0.500000 0.916667
vt 0.520833 1.000000
vt 0.500000 1.000000
vt 0.500000 0.000000
vt 0.520833 0.000000
vt 0.520833 0.083333
vt 0.500000 0.083333
vt 0.520833 0.166667
vt 0.500000 0.166667
vt 0.520833 0.250000
vt 0.500000 0.250000
vt 0.520833 0.333333
vt 0.500000 0.333333
vt 0.520833 0.416667
vt 0.500000 0.416667
vt 0.541667 0.500000
vt 0.541667 0.583333
vt 0.541667 0.666667
vt 0.541667 0.750000
vt 0.541667 0.833333
vt 0.541667 0.916667
vt 0.541667 1.000000
vt 0.541667 0.000000
vt 0.541667 0.083333
vt 0.541667 0.166667
vt 0.541667 0.250000
vt 0.541667 0.333333
vt 0.541667 0.416667
vt 0.562500 0.500000
vt 0.562500 0.583333
vt 0.562500 0.666667
vt 0.562500 0.750000
vt 0.562500 0.833333
vt 0.562500 0.916667
vt 0.562500 1.000000
vt 0.562500 0.000000
vt 0.562500 0.083333
vt 0.562500 0.166667
vt 0.562500 0.250000
vt 0.562500 0.333333
vt 0.562500 0.416667
vt 0.583333 0.500000
vt 0.583333 0.583333
vt 0.583333 0.666667
vt 0.583333 0.750000
vt 0.583333 0.833333
vt 0.583333 0.916667
vt 0.583333 1.000000
vt 0.583333 0.000000
vt 0.583333 0.083333
vt 0.583333 0.166667
vt 0.583333 0.250000
vt 0.583333 0.333333
vt 0.583333 0.416667
vt 0.604167 0.500000
vt 0.604167 0.583333
vt 0.604167 0.666667
vt 0.604167 0.750000
vt 0.604167 0.833333
vt 0.604167 0.916667
vt 0.604167 1.000000
vt 0.604167 0.000000
vt 0.604167 0.083333
vt 0.604167 0.166667
vt 0.604167 0.250000
vt 0.604167 0.333333
vt 0.604167 0.416667
vt 0.625000 0.500000
vt 0.625000 0.583333
vt 0.625000 0.666667
vt 0.625000 0.750000
vt 0.625000 0.833333
vt 0.625000 0.916667
vt 0.625000 1.000000
vt 0.625000 0.000000
vt 0.625000 0.083333
vt 0.625000 0.166667
vt 0.625000 0.250000
vt 0.625000 0.333333
vt 0.625000 0.416667
vt 0.645833 0.500000
vt 0.645833 0.583333
vt 0.645833 0.666667
vt 0.645833 0.750000
vt 0.645833 0.833333
vt 0.645833 0.916667
vt 0.645833 1.000000
vt 0.645833 0.000000
vt 0.645833 0.083333
vt 0.645833 0.166667
vt 0.645833 0.250000
vt 0.645833 0.333333
vt 0.645833 0.416667
vt 0.666667 0.500000
vt 0.666667 0.583333
vt 0.666667 0.666667
vt 0.666667 0.750000
vt 0.666667 0.833333
vt 0.666667 0.916667
vt 0.666667 1.000000
vt 0.666667 0.000000
vt 0.666667 0.083333
vt 0.666667 0.166667
vt 0.666667 0.250000
vt 0.666667 0.333333
vt 0.666667 0.416667
vt 0.687500 0.500000
vt 0.687500 0.583333
vt 0.687500 0.666667
vt 0.687500 0.750000
vt 0.687500 0.833333
vt 0.687500 0.916667
vt 0.687500 1.000000
vt 0.687500 0.000000
vt 0.687500 0.083333
vt 0.687500 0.166667
vt 0.687500 0.250000
vt 0.687500 0.333333
vt 0.687500 0.416667
vt 0.708333 0.500000
vt 0.708333 0.583333
vt 0.708333 0.666667
vt 0.708333 0.750000
vt 0.708333 0.833333
vt 0.708333 0.916667
vt 0.708333 1.000000
vt 0.708333 0.000000
vt 0.708333 0.083333
vt 0.708333 0.166667
vt 0.708333 0.250000
vt 0.708333 0.333333
vt 0.708333 0.416667
vt 0.729167 0.500000
vt 0.729167 0.583333
vt 0.729167 0.666667
vt 0.729167 0.750000
vt 0.729167 0.833333
vt 0.729167 0.916667
vt 0.729167 1.000000
vt 0.729167 0.000000
vt 0.729167 0.083333
vt 0.729167 0.166667
vt 0.729167 0.250000
vt 0.729167 0.333333
vt 0.729167 0.416667
vt 0.750000 0.500000
vt 0.750000 0.583333
vt 0.750000 0.666667
vt 0.750000 0.750000
vt 0.750000 0.833333
vt 0.750000 0.916667
vt 0.750000 1.000000
vt 0.750000 0.000000
vt 0.750000 0.083333
vt 0.750000 0.166667
vt 0.750000 0.250000
vt 0.750000 0.333333
vt 0.750000 0.416667
vt 0.770833 0.500000
vt 0.770833 0.583333
vt 0.770833 0.666667
vt 0.770833 0.750000
vt 0.770833 0.833333
vt 0.770833 0.916667
vt 0.770833 1.000000
vt 0.770833 0.000000
vt 0.770833 0.083333
vt 0.770833 0.166667
vt 0.770833 0.250000
vt 0.770833 0.333333
vt 0.770833 0.416667
vt 0.791667 0.500000
vt 0.791667 0.583333
vt 0.791667 0.666667
vt 0.791667 0.750000
vt 0.791667 0.833333
vt 0.791667 0.916667
vt 0.791667 1.000000
vt 0.791667 0.000000
vt 0.791667 0.083333
vt 0.791667 0.166667
vt 0.791667 0.250000
vt 0.791667 0.333333
vt 0.791667 0.416667
vt 0.812500 0.500000
vt 0.812500 0.583333
vt 0.812500 0.666667
vt 0.812500 0.750000
vt 0.812500 0.833333
vt 0.812500 0.916667
vt 0.812500 1.000000
vt 0.812500 0.000000
vt 0.812500 0.083333
vt 0.812500 0.166667
vt 0.812500 0.250000
vt 0.812500 0.333333
vt 0.812500 0.416667
vt 0.833333 0.500000
vt 0.833333 0.583333
vt 0.833333 0.666667
vt 0.833333 0.750000
vt 0.833333 0.833333
vt 0.833333 0.916667
vt 0.833333 1.000000
vt 0.833333 0.000000
vt 0.833333 0.083333
vt 0.833333 0.166667
vt 0.833333 0.250000
vt 0.833333 0.333333
vt 0.833333 0.416667
vt 0.854167 0.500000
vt 0.854167 0.583333
vt 0.854167 0.666667
vt 0.854167 0.750000
vt 0.854167 0.833333
vt 0.854167 0.916667
vt 0.854167 1.000000
vt 0.854167 0.000000
vt 0.854167 0.083333
vt 0.854167 0.166667
vt 0.854167 0.250000
vt 0.854167 0.333333
vt 0.854167 0.416667
vt 0.875000 0.500000
vt 0.875000 0.583333
vt 0.875000 0.666667
vt 0.875000 0.750000
vt 0.875000 0.833333
vt 0.875000 0.916667
vt 0.875000 1.000000
vt 0.875000 0.000000
vt 0.875000 0.083333
vt 0.875000 0.166667
vt 0.875000 0.250000
vt 0.875000 0.333333
vt 0.875000 0.416667
vt 0.895833 0.500000
vt 0.895833 0.583333
vt 0.895833 0.666667
vt 0.895833 0.750000
vt 0.895833 0.833333
vt 0.895833 0.916667
vt 0.895833 1.000000
vt 0.895833 0.000000
vt 0.895833 0.083333
vt 0.895833 0.166667
vt 0.895833 0.250000
vt 0.895833 0.333333
vt 0.895833 0.416667
vt 0.916667 0.500000
vt 0.916667 0.583333
vt 0.916667 0.666667
vt 0.916667 0.750000
vt 0.916667 0.833333
vt 0.916667 0.916667
vt 0.916667 1.000000
vt 0.916667 0.000000
vt 0.916667 0.083333
vt 0.916667 0.166667
vt 0.916667 0.250000
vt 0.916667 0.333333
vt 0.916667 0.416667
vt 0.937500 0.500000
vt 0.937500 0.583333
vt 0.937500 0.666667
vt 0.937500 0.750000
vt 0.937500 0.833333
vt 0.937500 0.916667
vt 0.937500 1.000000
vt 0.937500 0.000000
vt 0.937500 0.083333
vt 0.937500 0.166667
vt 0.937500 0.250000
vt 0.937500 0.333333
vt 0.937500 0.416667
vt 0.958333 0.500000
vt 0.958333 0.583333
vt 0.958333 0.666667
vt 0.958333 0.750000
vt 0.958333 0.833333
vt 0.958333 0.916667
vt 0.958333 1.000000
vt 0.958333 0.000000
vt 0.958333 0.083333
vt 0.958333 0.166667
vt 0.958333 0.250000
vt 0.958333 0.333333
vt 0.958333 0.416667
vt 0.979167 0.500000
vt 0.979167 0.583333
vt 0.979167 0.666667
vt 0.979167 0.750000
vt 0.979167 0.833333
vt 0.979167 0.916667
vt 0.979167 1.000000
vt 0.979167 0.000000
vt 0.979167 0.083333
vt 0.979167 0.166667
vt 0.979167 0.250000
vt 0.979167 0.333333
vt 0.979167 0.416667
vt 1.000000 0.500000
vt 1.000000 0.583333
vt 1.000000 0.666667
vt 1.000000 0.750000
vt 1.000000 0.833333
vt 1.000000 0.916667
vt 1.000000 1.000000
vt 1.000000 0.000000
vt 1.000000 0.083333
vt 1.000000 0.166667
vt 1.000000 0.250000
vt 1.000000 0.333333
vt 1.000000 0.416667
vt 0.000000 0.500000
vt 0.020833 0.500000
vt 0.020833 0.583333
vt 0.000000 0.583333
vt 0.020833 0.666667
vt 0.000000 0.666667
vt 0.020833 0.750000
vt 0.000000 0.750000
vt 0.020833 0.833333
vt 0.000000 0.833333
vt 0.020833 0.916667
vt 0.000000 0.916667
vt 0.020833 1.000000
vt 0.000000 1.000000
vt 0.000000 0.000000
vt 0.020833 0.000000
vt 0.020833 0.083333
vt 0.000000 0.083333
vt 0.020833 0.166667
vt 0.000000 0.166667
vt 0.020833 0.250000
vt 0.000000 0.250000
vt 0.020833 0.333333
vt 0.000000 0.333333
vt 0.020833 0.416667
vt 0.000000 0.416667
vt 0.041667 0.500000
vt 0.041667 0.583333
vt 0.041667 0.666667
vt 0.041667 0.750000
vt 0.041667 0.833333
vt 0.041667 0.916667
vt 0.041667 1.000000
vt 0.041667 0.000000
vt 0.041667 0.083333
vt 0.041667 0.166667
vt 0.041667 0.250000
vt 0.041667 0.333333
vt 0.041667 0.416667
vt 0.062500 0.500000
vt 0.062500 0.583333
vt 0.062500 0.666667
vt 0.062500 0.750000
vt 0.062500 0.833333
vt 0.062500 0.916667
vt 0.062500 1.000000
vt 0.062500 0.000000
vt 0.062500 0.083333
vt 0.062500 0.166667
vt 0.062500 0.250000
vt 0.062500 0.333333
vt 0.062500 0.416667
vt 0.083333 0.500000
vt 0.083333 0.583333
vt 0.083333 0.666667
vt 0.083333 0.750000
vt 0.083333 0.833333
vt 0.083333 0.916667
vt 0.083333 1.000000
vt 0.083333 0.000000
vt 0.083333 0.083333
vt 0.083333 0.166667
vt 0.083333 0.250000
vt 0.083333 0.333333
vt 0.083333 0.416667
vt 0.104167 0.500000
vt 0.104167 0.583333
vt 0.104167 0.666667
vt 0.104167 0.750000
vt 0.104167 0.833333
vt 0.104167 0.916667
vt 0.104167 1.000000
vt 0.104167 0.000000
vt 0.104167 0.083333
vt 0.104167 0.166667
vt 0.104167 0.250000
vt 0.104167 0.333333
vt 0.104167 0.416667
vt 0.125000 0.500000
vt 0.125000 0.583333
vt 0.125000 0.666667
vt 0.125000 0.750000
vt 0.125000 0.833333
vt 0.125000 0.916667
vt 0.125000 1.000000
vt 0.125000 0.000000
vt 0.125000 0.083333
vt 0.125000 0.166667
vt 0.125000 0.250000
vt 0.125000 0.333333
vt 0.125000 0.416667
vt 0.145833 0.500000
vt 0.145833 0.583333
vt 0.145833 0.666667
vt 0.145833 0.750000
vt 0.145833 0.833333
vt 0.145833 0.916667
vt 0.145833 1.000000
vt 0.145833 0.000000
vt 0.145833 0.083333
vt 0.145833 0.166667
vt 0.145833 0.250000
vt 0.145833 0.333333
vt 0.145833 0.416667
vt 0.166667 0.500000
vt 0.166667 0.583333
vt 0.166667 0.666667
vt 0.166667 0.750000
vt 0.166667 0.833333
vt 0.166667 0.916667
vt 0.166667 1.000000
vt 0.166667 0.000000
vt 0.166667 0.083333
vt 0.166667 0.166667
vt 0.166667 0.250000
vt 0.166667 0.333333
vt 0.166667 0.416667
vt 0.187500 0.500000
vt 0.187500 0.583333
vt 0.187500 0.666667
vt 0.187500 0.750000
vt 0.187500 0.833333
vt 0.187500 0.916667
vt 0.187500 1.000000
vt 0.187500 0.000000
vt 0.187500 0.083333
vt 0.187500 0.166667
vt 0.187500 0.250000
vt 0.187500 0.333333
vt 0.187500 0.416667
vt 0.208333 0.500000
vt 0.208333 0.583333
vt 0.208333 0.666667
vt 0.208333 0.750000
vt 0.208333 0.833333
vt 0.208333 0.916667
vt 0.208333 1.000000
vt 0.208333 0.000000
vt 0.208333 0.083333
vt 0.208333 0.166667
vt 0.208333 0.250000
vt 0.208333 0.333333
vt 0.208333 0.416667
vt 0.229167 0.500000
vt 0.229167 0.583333
vt 0.229167 0.666667
vt 0.229167 0.750000
vt 0.229167 0.833333
vt 0.229167 0.916667
vt 0.229167 1.000000
vt 0.229167 0.000000
vt 0.229167 0.083333
vt 0.229167 0.166667
vt 0.229167 0.250000
vt 0.229167 0.333333
vt 0.229167 0.416667
vt 0.250000 0.500000
vt 0.250000 0.583333
vt 0.250000 0.666667
vt 0.250000 0.750000
vt 0.250000 0.833333
vt 0.250000 0.916667
vt 0.250000 1.000000
vt 0.250000 0.000000
vt 0.250000 0.083333
vt 0.250000 0.166667
vt 0.250000 0.250000
vt 0.250000 0.333333
vt 0.250000 0.416667
vt 0.270833 0.500000
vt 0.270833 0.583333
vt 0.270833 0.666667
vt 0.270833 0.750000
vt 0.270833 0.833333
vt 0.270833 0.916667
vt 0.270833 1.000000
vt 0.270833 0.000000
vt 0.270833 0.083333
vt 0.270833 0.166667
vt 0.270833 0.250000
vt 0.270833 0.333333
vt 0.270833 0.416667
vt 0.291667 0.500000
vt 0.291667 0.583333
vt 0.291667 0.666667
vt 0.291667 0.750000
vt 0.291667 0.833333
vt 0.291667 0.916667
vt 0.291667 1.000000
vt 0.291667 0.000000
vt 0.291667 0.083333
vt 0.291667 0.166667
vt 0.291667 0.250000
vt 0.291667 0.333333
vt 0.291667 0.416667
vt 0.312500 0.500000
vt 0.312500 0.583333
vt 0.312500 0.666667
vt 0.312500 0.750000
vt 0.312500 0.833333
vt 0.312500 0.916667
vt 0.312500 1.000000
vt 0.312500 0.000000
vt 0.312500 0.083333
vt 0.312500 0.166667
vt 0.312500 0.250000
vt 0.312500 0.333333
vt 0.312500 0.416667
vt 0.333333 0.500000
vt 0.333333 0.583333
vt 0.333333 0.666667
vt 0.333333 0.750000
vt 0.333333 0.833333
vt 0.333333 0.916667
vt 0.333333 1.000000
vt 0.333333 0.000000
vt 0.333333 0.083333
vt 0.333333 0.166667
vt 0.333333 0.250000
vt 0.333333 0.333333
vt 0.333333 0.416667
vt 0.354167 0.500000
vt 0.354167 0.583333
vt 0.354167 0.666667
vt 0.354167 0.750000
vt 0.354167 0.833333
vt 0.354167 0.916667
vt 0.354167 1.000000
vt 0.354167 0.000000
vt 0.354167 0.083333
vt 0.354167 0.166667
vt 0.354167 0.250000
vt 0.354167 0.333333
vt 0.354167 0.416667
vt 0.375000 0.500000
vt 0.375000 0.583333
vt 0.375000 0.666667
vt 0.375000 0.750000
vt 0.375000 0.833333
vt 0.375000 0.916667
vt 0.375000 1.000000
vt 0.375000 0.000000
vt 0.375000 0.083333
vt 0.375000 0.166667
vt 0.375000 0.250000
vt 0.375000 0.333333
vt 0.375000 0.416667
vt 0.395833 0.500000
vt 0.395833 0.583333
vt 0.395833 0.666667
vt 0.395833 0.750000
vt 0.395833 0.833333
vt 0.395833 0.916667
vt 0.395833 1.000000
vt 0.395833 0.000000
vt 0.395833 0.083333
vt 0.395833 0.166667
vt 0.395833 0.250000
vt 0.395833 0.333333
vt 0.395833 0.416667
vt 0.416667 0.500000
vt 0.416667 0.583333
vt 0.416667 0.666667
vt 0.416667 0.750000
vt 0.416667 0.833333
vt 0.416667 0.916667
vt 0.416667 1.000000
vt 0.416667 0.000000
vt 0.416667 0.083333
vt 0.416667 0.166667
vt 0.416667 0.250000
vt 0.416667 0.333333
vt 0.416667 0.416667
vt 0.437500 0.500000
vt 0.437500 0.583333
vt 0.437500 0.666667
vt 0.437500 0.750000
vt 0.437500 0.833333
vt 0.437500 0.916667
vt 0.437500 1.000000
vt 0.437500 0.000000
vt 0.437500 0.083333
vt 0.437500 0.166667
vt 0.437500 0.250000
vt 0.437500 0.333333
vt 0.437500 0.416667
vt 0.458333 0.500000
vt 0.458333 0.583333
vt 0.458333 0.666667
vt 0.458333 0.750000
vt 0.458333 0.833333
vt 0.458333 0.916667
vt 0.458333 1.000000
vt 0.458333 0.000000
vt 0.458333 0.083333
vt 0.458333 0.166667
vt 0.458333 0.250000
vt 0.458333 0.333333
vt 0.458333 0.416667
vt 0.479167 0.500000
vt 0.479167 0.583333
vt 0.479167 0.666667
vt 0.479167 0.750000
vt 0.479167 0.833333
vt 0.479167 0.916667
vt 0.479167 1.000000
vt 0.479167 0.000000
vt 0.479167 0.083333
vt 0.479167 0.166667
vt 0.479167 0.250000
vt 0.479167 0.333333
vt 0.479167 0.416667
s 0
f 1591/1672/1378 1603/1673/1378 1604/1674/1378 1592/1675/1378
f 1592/1675/1379 1604/1674/1379 1605/1676/1379 1593/1677/1379
f 1593/1677/1380 1605/1676/1380 1606/1678/1380 1594/1679/1380
f 1594/1679/1381 1606/1678/1381 1607/1680/1381 1595/1681/1381
f 1595/1681/1382 1607/1680/1382 1608/1682/1382 1596/1683/1382
f 1596/1683/1383 1608/1682/1383 1609/1684/1383 1597/1685/1383
f 1597/1686/1384 1609/1687/1384 1610/1688/1384 1598/1689/1384
f 1598/1689/1385 1610/1688/1385 1611/1690/1385 1599/1691/1385
f 1599/1691/1386 1611/1690/1386 1612/1692/1386 1600/1693/1386
f 1600/1693/1387 1612/1692/1387 1613/1694/1387 1601/1695/1387
f 1601/1695/1388 1613/1694/1388 1614/1696/1388 1602/1697/1388
f 1602/1697/1389 1614/1696/1389 1603/1673/1389 1591/1672/1389
f 1603/1673/1390 1615/1698/1390 1616/1699/1390 1604/1674/1390
f 1604/1674/1391 1616/1699/1391 1617/1700/1391 1605/1676/1391
f 1605/1676/1392 1617/1700/1392 1618/1701/1392 1606/1678/1392
f 1606/1678/1393 1618/1701/1393 1619/1702/1393 1607/1680/1393
f 1607/1680/1394 1619/1702/1394 1620/1703/1394 1608/1682/1394
f 1608/1682/1395 1620/1703/1395 1621/1704/1395 1609/1684/1395
f 1609/1687/1396 1621/1705/1396 1622/1706/1396 1610/1688/1396
f 1610/1688/1397 1622/1706/1397 1623/1707/1397 1611/1690/1397
f 1611/1690/1398 1623/1707/1398 1624/1708/1398 1612/1692/1398
f 1612/1692/1399 1624/1708/1399 1625/1709/1399 1613/1694/1399
f 1613/1694/1400 1625/1709/1400 1626/1710/1400 1614/1696/1400
f 1614/1696/1401 1626/1710/1401 1615/1698/1401 1603/1673/1401
f 1615/1698/1402 1627/1711/1402 1628/1712/1402 1616/1699/1402
f 1616/1699/1403 1628/1712/1403 1629/1713/1403 1617/1700/1403
f 1617/1700/1404 1629/1713/1404 1630/1714/1404 1618/1701/1404
f 1618/1701/1405 1630/1714/1405 1631/1715/1405 1619/1702/1405
f 1619/1702/1406 1631/1715/1406 1632/1716/1406 1620/1703/1406
f 1620/1703/1407 1632/1716/1407 1633/1717/1407 1621/1704/1407
f 1621/1705/1408 1633/1718/1408 1634/1719/1408 1622/1706/1408
f 1622/1706/1409 1634/1719/1409 1635/1720/1409 1623/1707/1409
f 1623/1707/1410 1635/1720/1410 1636/1721/1410 1624/1708/1410
f 1624/1708/1411 1636/1721/1411 1637/1722/1411 1625/1709/1411
f 1625/1709/1412 1637/1722/1412 1638/1723/1412 1626/1710/1412
f 1626/1710/1413 1638/1723/1413 1627/1711/1413 1615/1698/1413
f 1627/1711/1414 1639/1724/1414 1640/1725/1414 1628/1712/1414
f 1628/1712/1415 1640/1725/1415 1641/1726/1415 1629/1713/1415
f 1629/1713/1416 1641/1726/1416 1642/1727/1416 1630/1714/1416
f 1630/1714/1417 1642/1727/1417 1643/1728/1417 1631/1715/1417
f 1631/1715/1418 1643/1728/1418 1644/1729/1418 1632/1716/1418
f 1632/1716/1419 1644/1729/1419 1645/1730/1419 1633/1717/1419
f 1633/1718/1420 1645/1731/1420 1646/1732/1420 1634/1719/1420
f 1634/1719/1421 1646/1732/1421 1647/1733/1421 1635/1720/1421
f 1635/1720/1422 1647/1733/1422 1648/1734/1422 1636/1721/1422
f 1636/1721/1423 1648/1734/1423 1649/1735/1423 1637/1722/1423
f 1637/1722/1424 1649/1735/1424 1650/1736/1424 1638/1723/1424
f 1638/1723/1425 1650/1736/1425 1639/1724/1425 1627/1711/1425
f 1639/1724/1426 1651/1737/1426 1652/1738/1426 1640/1725/1426
f 1640/1725/1427 1652/1738/1427 1653/1739/1427 1641/1726/1427
f 1641/1726/1428 1653/1739/1428 1654/1740/1428 1642/1727/1428
f 1642/1727/1429 1654/1740/1429 1655/1741/1429 1643/1728/1429
f 1643/1728/1430 1655/1741/1430 1656/1742/1430 1644/1729/1430
f 1644/1729/1431 1656/1742/1431 1657/1743/1431 1645/1730/1431
f 1645/1731/1432 1657/1744/1432 1658/1745/1432 1646/1732/1432
f 1646/1732/1433 1658/1745/1433 1659/1746/1433 1647/1733/1433
f 1647/1733/1434 1659/1746/1434 1660/1747/1434 1648/1734/1434
f 1648/1734/1435 1660/1747/1435 1661/1748/1435 1649/1735/1435
f 1649/1735/1436 1661/1748/1436 1662/1749/1436 1650/1736/1436
f 1650/1736/1437 1662/1749/1437 1651/1737/1437 1639/1724/1437
f 1651/1737/1438 1663/1750/1438 1664/1751/1438 1652/1738/1438
f 1652/1738/1439 1664/1751/1439 1665/1752/1439 1653/1739/1439
f 1653/1739/1440 1665/1752/1440 1666/1753/1440 1654/1740/1440
f 1654/1740/1441 1666/1753/1441 1667/1754/1441 1655/1741/1441
f 1655/1741/1442 1667/1754/1442 1668/1755/1442 1656/1742/1442
f 1656/1742/1443 1668/1755/1443 1669/1756/1443 1657/1743/1443
f 1657/1744/1444 1669/1757/1444 1670/1758/1444 1658/1745/1444
f 1658/1745/1445 1670/1758/1445 1671/1759/1445 1659/1746/1445
f 1659/1746/1446 1671/1759/1446 1672/1760/1446 1660/1747/1446
f 1660/1747/1447 1672/1760/1447 1673/1761/1447 1661/1748/1447
f 1661/1748/1448 1673/1761/1448 1674/1762/1448 1662/1749/1448
f 1662/1749/1449 1674/1762/1449 1663/1750/1449 1651/1737/1449
f 1663/1750/1450 1675/1763/1450 1676/1764/1450 1664/1751/1450
f 1664/1751/1451 1676/1764/1451 1677/1765/1451 1665/1752/1451
f 1665/1752/1452 1677/1765/1452 1678/1766/1452 1666/1753/1452
f 1666/1753/1453 1678/1766/1453 1679/1767/1453 1667/1754/1453
f 1667/1754/1454 1679/1767/1454 1680/1768/1454 1668/1755/1454
f 1668/1755/1455 1680/1768/1455 1681/1769/1455 1669/1756/1455
f 1669/1757/1456 1681/1770/1456 1682/1771/1456 1670/1758/1456
f 1670/1758/1457 1682/1771/1457 1683/1772/1457 1671/1759/1457
f 1671/1759/1458 1683/1772/1458 1684/1773/1458 1672/1760/1458
f 1672/1760/1459 1684/1773/1459 1685/1774/1459 1673/1761/1459
f 1673/1761/1460 1685/1774/1460 1686/1775/1460 1674/1762/1460
f 1674/1762/1461 1686/1775/1461 1675/1763/1461 1663/1750/1461
f 1675/1763/1462 1687/1776/1462 1688/1777/1462 1676/1764/1462
f 1676/1764/1463 1688/1777/1463 1689/1778/1463 1677/1765/1463
f 1677/1765/1464 1689/1778/1464 1690/1779/1464 1678/1766/1464
f 1678/1766/1465 1690/1779/1465 1691/1780/1465 1679/1767/1465
f 1679/1767/1466 1691/1780/1466 1692/1781/1466 1680/1768/1466
f 1680/1768/1467 1692/1781/1467 1693/1782/1467 1681/1769/1467
f 1681/1770/1468 1693/1783/1468 1694/1784/1468 1682/1771/1468
f 1682/1771/1469 1694/1784/1469 1695/1785/1469 1683/1772/1469
f 1683/1772/1470 1695/1785/1470 1696/1786/1470 1684/1773/1470
f 1684/1773/1471 1696/1786/1471 1697/1787/1471 1685/1774/1471
f 1685/1774/1472 1697/1787/1472 1698/1788/1472 1686/1775/1472
f 1686/1775/1473 1698/1788/1473 1687/1776/1473 1675/1763/1473
f 1687/1776/1474 1699/1789/1474 1700/1790/1474 1688/1777/1474
f 1688/1777/1475 1700/1790/1475 1701/1791/1475 1689/1778/1475
f 1689/1778/1476 1701/1791/1476 1702/1792/1476 1690/1779/1476
f 1690/1779/1477 1702/1792/1477 1703/1793/1477 1691/1780/1477
f 1691/1780/1478 1703/1793/1478 1704/1794/1478 1692/1781/1478
f 1692/1781/1479 1704/1794/1479 1705/1795/1479 1693/1782/1479
f 1693/1783/1480 1705/1796/1480 1706/1797/1480 1694/1784/1480
f 1694/1784/1481 1706/1797/1481 1707/1798/1481 1695/1785/1481
f 1695/1785/1482 1707/1798/1482 1708/1799/1482 1696/1786/1482
f 1696/1786/1483 1708/1799/1483 1709/1800/1483 1697/1787/1483
f 1697/1787/1484 1709/1800/1484 1710/1801/1484 1698/1788/1484
f 1698/1788/1485 1710/1801/1485 1699/1789/1485 1687/1776/1485
f 1699/1789/1486 1711/1802/1486 1712/1803/1486 1700/1790/1486
f 1700/1790/1487 1712/1803/1487 1713/1804/1487 1701/1791/1487
f 1701/1791/1488 1713/1804/1488 1714/1805/1488 1702/1792/1488
f 1702/1792/1489 1714/1805/1489 1715/1806/1489 1703/1793/1489
f 1703/1793/1490 1715/1806/1490 1716/1807/1490 1704/1794/1490
f 1704/1794/1491 1716/1807/1491 1717/1808/1491 1705/1795/1491
f 1705/1796/1492 1717/1809/1492 1718/1810/1492 1706/1797/1492
f 1706/1797/1493 1718/1810/1493 1719/1811/1493 1707/1798/1493
f 1707/1798/1494 1719/1811/1494 1720/1812/1494 1708/1799/1494
f 1708/1799/1495 1720/1812/1495 1721/1813/1495 1709/1800/1495
f 1709/1800/1496 1721/1813/1496 1722/1814/1496 1710/1801/1496
f 1710/1801/1497 1722/1814/1497 1711/1802/1497 1699/1789/1497
f 1711/1802/1498 1723/1815/1498 1724/1816/1498 1712/1803/1498
f 1712/1803/1499 1724/1816/1499 1725/1817/1499 1713/1804/1499
f 1713/1804/1500 1725/1817/1500 1726/1818/1500 1714/1805/1500
f 1714/1805/1501 1726/1818/1501 1727/1819/1501 1715/1806/1501
f 1715/1806/1502 1727/1819/1502 1728/1820/1502 1716/1807/1502
f 1716/1807/1503 1728/1820/1503 1729/1821/1503 1717/1808/1503
f 1717/1809/1504 1729/1822/1504 1730/1823/1504 1718/1810/1504
f 1718/1810/1505 1730/1823/1505 1731/1824/1505 1719/1811/1505
f 1719/1811/1506 1731/1824/1506 1732/1825/1506 1720/1812/1506
f 1720/1812/1507 1732/1825/1507 1733/1826/1507 1721/1813/1507
f 1721/1813/1508 1733/1826/1508 1734/1827/1508 1722/1814/1508
f 1722/1814/1509 1734/1827/1509 1723/1815/1509 1711/1802/1509
f 1723/1815/1510 1735/1828/1510 1736/1829/1510 1724/1816/1510
f 1724/1816/1511 1736/1829/1511 1737/1830/1511 1725/1817/1511
f 1725/1817/1512 1737/1830/1512 1738/1831/1512 1726/1818/1512
f 1726/1818/1513 1738/1831/1513 1739/1832/1513 1727/1819/1513
f 1727/1819/1514 1739/1832/1514 1740/1833/1514 1728/1820/1514
f 1728/1820/1515 1740/1833/1515 1741/1834/1515 1729/1821/1515
f 1729/1822/1516 1741/1835/1516 1742/1836/1516 1730/1823/1516
f 1730/1823/1517 1742/1836/1517 1743/1837/1517 1731/1824/1517
f 1731/1824/1518 1743/1837/1518 1744/1838/1518 1732/1825/1518
f 1732/1825/1519 1744/1838/1519 1745/1839/1519 1733/1826/1519
f 1733/1826/1520 1745/1839/1520 1746/1840/1520 1734/1827/1520
f 1734/1827/1521 1746/1840/1521 1735/1828/1521 1723/1815/1521
f 1735/1828/1522 1747/1841/1522 1748/1842/1522 1736/1829/1522
f 1736/1829/1523 1748/1842/1523 1749/1843/1523 1737/1830/1523
f 1737/1830/1524 1749/1843/1524 1750/1844/1524 1738/1831/1524
f 1738/1831/1525 1750/1844/1525 1751/1845/1525 1739/1832/1525
f 1739/1832/1526 1751/1845/1526 1752/1846/1526 1740/1833/1526
f 1740/1833/1527 1752/1846/1527 1753/1847/1527 1741/1834/1527
f 1741/1835/1528 1753/1848/1528 1754/1849/1528 1742/1836/1528
f 1742/1836/1529 1754/1849/1529 1755/1850/1529 1743/1837/1529
f 1743/1837/1530 1755/1850/1530 1756/1851/1530 1744/1838/1530
f 1744/1838/1531 1756/1851/1531 1757/1852/1531 1745/1839/1531
f 1745/1839/1532 1757/1852/1532 1758/1853/1532 1746/1840/1532
f 1746/1840/1533 1758/1853/1533 1747/1841/1533 1735/1828/1533
f 1747/1841/1534 1759/1854/1534 1760/1855/1534 1748/1842/1534
f 1748/1842/1535 1760/1855/1535 1761/1856/1535 1749/1843/1535
f 1749/1843/1536 1761/1856/1536 1762/1857/1536 1750/1844/1536
f 1750/1844/1537 1762/1857/1537 1763/1858/1537 1751/1845/1537
f 1751/1845/1538 1763/1858/1538 1764/1859/1538 1752/1846/1538
f 1752/1846/1539 1764/1859/1539 1765/1860/1539 1753/1847/1539
f 1753/1848/1540 1765/1861/1540 1766/1862/1540 1754/1849/1540
f 1754/1849/1541 1766/1862/1541 1767/1863/1541 1755/1850/1541
f 1755/1850/1542 1767/1863/1542 1768/1864/1542 1756/1851/1542
f 1756/1851/1543 1768/1864/1543 1769/1865/1543 1757/1852/1543
f 1757/1852/1544 1769/1865/1544 1770/1866/1544 1758/1853/1544
f 1758/1853/1545 1770/1866/1545 1759/1854/1545 1747/1841/1545
f 1759/1854/1546 1771/1867/1546 1772/1868/1546 1760/1855/1546
f 1760/1855/1547 1772/1868/1547 1773/1869/1547 1761/1856/1547
f 1761/1856/1548 1773/1869/1548 1774/1870/1548 1762/1857/1548
f 1762/1857/1549 1774/1870/1549 1775/1871/1549 1763/1858/1549
f 1763/1858/1550 1775/1871/1550 1776/1872/1550 1764/1859/1550
f 1764/1859/1551 1776/1872/1551 1777/1873/1551 1765/1860/1551
f 1765/1861/1552 1777/1874/1552 1778/1875/1552 1766/1862/1552
f 1766/1862/1553 1778/1875/1553 1779/1876/1553 1767/1863/1553
f 1767/1863/1554 1779/1876/1554 1780/1877/1554 1768/1864/1554
f 1768/1864/1555 1780/1877/1555 1781/1878/1555 1769/1865/1555
f 1769/1865/1556 1781/1878/1556 1782/1879/1556 1770/1866/1556
f 1770/1866/1557 1782/1879/1557 1771/1867/1557 1759/1854/1557
f 1771/1867/1558 1783/1880/1558 1784/1881/1558 1772/1868/1558
f 1772/1868/1559 1784/1881/1559 1785/1882/1559 1773/1869/1559
f 1773/1869/1560 1785/1882/1560 1786/1883/1560 1774/1870/1560
f 1774/1870/1561 1786/1883/1561 1787/1884/1561 1775/1871/1561
f 1775/1871/1562 1787/1884/1562 1788/1885/1562 1776/1872/1562
f 1776/1872/1563 1788/1885/1563 1789/1886/1563 1777/1873/1563
f 1777/1874/1564 1789/1887/1564 1790/1888/1564 1778/1875/1564
f 1778/1875/1565 1790/1888/1565 1791/1889/1565 1779/1876/1565
f 1779/1876/1566 1791/1889/1566 1792/1890/1566 1780/1877/1566
f 1780/1877/1567 1792/1890/1567 1793/1891/1567 1781/1878/1567
f 1781/1878/1568 1793/1891/1568 1794/1892/1568 1782/1879/1568
f 1782/1879/1569 1794/1892/1569 1783/1880/1569 1771/1867/1569
f 1783/1880/1570 1795/1893/1570 1796/1894/1570 1784/1881/1570
f 1784/1881/1571 1796/1894/1571 1797/1895/1571 1785/1882/1571
f 1785/1882/1572 1797/1895/1572 1798/1896/1572 1786/1883/1572
f 1786/1883/1573 1798/1896/1573 1799/1897/1573 1787/1884/1573
f 1787/1884/1574 1799/1897/1574 1800/1898/1574 1788/1885/1574
f 1788/1885/1575 1800/1898/1575 1801/1899/1575 1789/1886/1575
f 1789/1887/1576 1801/1900/1576 1802/1901/1576 1790/1888/1576
f 1790/1888/1577 1802/1901/1577 1803/1902/1577 1791/1889/1577
f 1791/1889/1578 1803/1902/1578 1804/1903/1578 1792/1890/1578
f 1792/1890/1579 1804/1903/1579 1805/1904/1579 1793/1891/1579
f 1793/1891/1580 1805/1904/1580 1806/1905/1580 1794/1892/1580
f 1794/1892/1581 1806/1905/1581 1795/1893/1581 1783/1880/1581
f 1795/1893/1582 1807/1906/1582 1808/1907/1582 1796/1894/1582
f 1796/1894/1583 1808/1907/1583 1809/1908/1583 1797/1895/1583
f 1797/1895/1584 1809/1908/1584 1810/1909/1584 1798/1896/1584
f 1798/1896/1585 1810/1909/1585 1811/1910/1585 1799/1897/1585
f 1799/1897/1586 1811/1910/1586 1812/1911/1586 1800/1898/1586
f 1800/1898/1587 1812/1911/1587 1813/1912/1587 1801/1899/1587
f 1801/1900/1588 1813/1913/1588 1814/1914/1588 1802/1901/1588
f 1802/1901/1589 1814/1914/1589 1815/1915/1589 1803/1902/1589
f 1803/1902/1590 1815/1915/1590 1816/1916/1590 1804/1903/1590
f 1804/1903/1591 1816/1916/1591 1817/1917/1591 1805/1904/1591
f 1805/1904/1592 1817/1917/1592 1818/1918/1592 1806/1905/1592
f 1806/1905/1593 1818/1918/1593 1807/1906/1593 1795/1893/1593
f 1807/1906/1594 1819/1919/1594 1820/1920/1594 1808/1907/1594
f 1808/1907/1595 1820/1920/1595 1821/1921/1595 1809/1908/1595
f 1809/1908/1596 1821/1921/1596 1822/1922/1596 1810/1909/1596
f 1810/1909/1597 1822/1922/1597 1823/1923/1597 1811/1910/1597
f 1811/1910/1598 1823/1923/1598 1824/1924/1598 1812/1911/1598
f 1812/1911/1599 1824/1924/1599 1825/1925/1599 1813/1912/1599
f 1813/1913/1600 1825/1926/1600 1826/1927/1600 1814/1914/1600
f 1814/1914/1601 1826/1927/1601 1827/1928/1601 1815/1915/1601
f 1815/1915/1602 1827/1928/1602 1828/1929/1602 1816/1916/1602
f 1816/1916/1603 1828/1929/1603 1829/1930/1603 1817/1917/1603
f 1817/1917/1604 1829/1930/1604 1830/1931/1604 1818/1918/1604
f 1818/1918/1605 1830/1931/1605 1819/1919/1605 1807/1906/1605
f 1819/1919/1606 1831/1932/1606 1832/1933/1606 1820/1920/1606
f 1820/1920/1607 1832/1933/1607 1833/1934/1607 1821/1921/1607
f 1821/1921/1608 1833/1934/1608 1834/1935/1608 1822/1922/1608
f 1822/1922/1609 1834/1935/1609 1835/1936/1609 1823/1923/1609
f 1823/1923/1610 1835/1936/1610 1836/1937/1610 1824/1924/1610
f 1824/1924/1611 1836/1937/1611 1837/1938/1611 1825/1925/1611
f 1825/1926/1612 1837/1939/1612 1838/1940/1612 1826/1927/1612
f 1826/1927/1613 1838/1940/1613 1839/1941/1613 1827/1928/1613
f 1827/1928/1614 1839/1941/1614 1840/1942/1614 1828/1929/1614
f 1828/1929/1615 1840/1942/1615 1841/1943/1615 1829/1930/1615
f 1829/1930/1616 1841/1943/1616 1842/1944/1616 1830/1931/1616
f 1830/1931/1617 1842/1944/1617 1831/1932/1617 1819/1919/1617
f 1831/1932/1618 1843/1945/1618 1844/1946/1618 1832/1933/1618
f 1832/1933/1619 1844/1946/1619 1845/1947/1619 1833/1934/1619
f 1833/1934/1620 1845/1947/1620 1846/1948/1620 1834/1935/1620
f 1834/1935/1621 1846/1948/1621 1847/1949/1621 1835/1936/1621
f 1835/1936/1622 1847/1949/1622 1848/1950/1622 1836/1937/1622
f 1836/1937/1623 1848/1950/1623 1849/1951/1623 1837/1938/1623
f 1837/1939/1624 1849/1952/1624 1850/1953/1624 1838/1940/1624
f 1838/1940/1625 1850/1953/1625 1851/1954/1625 1839/1941/1625
f 1839/1941/1626 1851/1954/1626 1852/1955/1626 1840/1942/1626
f 1840/1942/1627 1852/1955/1627 1853/1956/1627 1841/1943/1627
f 1841/1943/1628 1853/1956/1628 1854/1957/1628 1842/1944/1628
f 1842/1944/1629 1854/1957/1629 1843/1945/1629 1831/1932/1629
f 1843/1945/1630 1855/1958/1630 1856/1959/1630 1844/1946/1630
f 1844/1946/1631 1856/1959/1631 1857/1960/1631 1845/1947/1631
f 1845/1947/1632 1857/1960/1632 1858/1961/1632 1846/1948/1632
f 1846/1948/1633 1858/1961/1633 1859/1962/1633 1847/1949/1633
f 1847/1949/1634 1859/1962/1634 1860/1963/1634 1848/1950/1634
f 1848/1950/1635 1860/1963/1635 1861/1964/1635 1849/1951/1635
f 1849/1952/1636 1861/1965/1636 1862/1966/1636 1850/1953/1636
f 1850/1953/1637 1862/1966/1637 1863/1967/1637 1851/1954/1637
f 1851/1954/1638 1863/1967/1638 1864/1968/1638 1852/1955/1638
f 1852/1955/1639 1864/1968/1639 1865/1969/1639 1853/1956/1639
f 1853/1956/1640 1865/1969/1640 1866/1970/1640 1854/1957/1640
f 1854/1957/1641 1866/1970/1641 1855/1958/1641 1843/1945/1641
f 1855/1958/1642 1867/1971/1642 1868/1972/1642 1856/1959/1642
f 1856/1959/1643 1868/1972/1643 1869/1973/1643 1857/1960/1643
f 1857/1960/1644 1869/1973/1644 1870/1974/1644 1858/1961/1644
f 1858/1961/1645 1870/1974/1645 1871/1975/1645 1859/1962/1645
f 1859/1962/1646 1871/1975/1646 1872/1976/1646 1860/1963/1646
f 1860/1963/1647 1872/1976/1647 1873/1977/1647 1861/1964/1647
f 1861/1965/1648 1873/1978/1648 1874/1979/1648 1862/1966/1648
f 1862/1966/1649 1874/1979/1649 1875/1980/1649 1863/1967/1649
f 1863/1967/1650 1875/1980/1650 1876/1981/1650 1864/1968/1650
f 1864/1968/1651 1876/1981/1651 1877/1982/1651 1865/1969/1651
f 1865/1969/1652 1877/1982/1652 1878/1983/1652 1866/1970/1652
f 1866/1970/1653 1878/1983/1653 1867/1971/1653 1855/1958/1653
f 1867/1971/1654 1879/1984/1654 1880/1985/1654 1868/1972/1654
f 1868/1972/1655 1880/1985/1655 1881/1986/1655 1869/1973/1655
f 1869/1973/1656 1881/1986/1656 1882/1987/1656 1870/1974/1656
f 1870/1974/1657 1882/1987/1657 1883/1988/1657 1871/1975/1657
f 1871/1975/1658 1883/1988/1658 1884/1989/1658 1872/1976/1658
f 1872/1976/1659 1884/1989/1659 1885/1990/1659 1873/1977/1659
f 1873/1978/1660 1885/1991/1660 1886/1992/1660 1874/1979/1660
f 1874/1979/1661 1886/1992/1661 1887/1993/1661 1875/1980/1661
f 1875/1980/1662 1887/1993/1662 1888/1994/1662 1876/1981/1662
f 1876/1981/1663 1888/1994/1663 1889/1995/1663 1877/1982/1663
f 1877/1982/1664 1889/1995/1664 1890/1996/1664 1878/1983/1664
f 1878/1983/1665 1890/1996/1665 1879/1984/1665 1867/1971/1665
f 1879/1997/1666 1891/1998/1666 1892/1999/1666 1880/2000/1666
f 1880/2000/1667 1892/1999/1667 1893/2001/1667 1881/2002/1667
f 1881/2002/1668 1893/2001/1668 1894/2003/1668 1882/2004/1668
f 1882/2004/1669 1894/2003/1669 1895/2005/1669 1883/2006/1669
f 1883/2006/1670 1895/2005/1670 1896/2007/1670 1884/2008/1670
f 1884/2008/1671 1896/2007/1671 1897/2009/1671 1885/2010/1671
f 1885/2011/1672 1897/2012/1672 1898/2013/1672 1886/2014/1672
f 1886/2014/1673 1898/2013/1673 1899/2015/1673 1887/2016/1673
f 1887/2016/1674 1899/2015/1674 1900/2017/1674 1888/2018/1674
f 1888/2018/1675 1900/2017/1675 1901/2019/1675 1889/2020/1675
f 1889/2020/1676 1901/2019/1676 1902/2021/1676 1890/2022/1676
f 1890/2022/1677 1902/2021/1677 1891/1998/1677 1879/1997/1677
f 1891/1998/1678 1903/2023/1678 1904/2024/1678 1892/1999/1678
f 1892/1999/1679 1904/2024/1679 1905/2025/1679 1893/2001/1679
f 1893/2001/1680 1905/2025/1680 1906/2026/1680 1894/2003/1680
f 1894/2003/1681 1906/2026/1681 1907/2027/1681 1895/2005/1681
f 1895/2005/1682 1907/2027/1682 1908/2028/1682 1896/2007/1682
f 1896/2007/1683 1908/2028/1683 1909/2029/1683 1897/2009/1683
f 1897/2012/1684 1909/2030/1684 1910/2031/1684 1898/2013/1684
f 1898/2013/1685 1910/2031/1685 1911/2032/1685 1899/2015/1685
f 1899/2015/1686 1911/2032/1686 1912/2033/1686 1900/2017/1686
f 1900/2017/1687 1912/2033/1687 1913/2034/1687 1901/2019/1687
f 1901/2019/1688 1913/2034/1688 1914/2035/1688 1902/2021/1688
f 1902/2021/1689 1914/2035/1689 1903/2023/1689 1891/1998/1689
f 1903/2023/1690 1915/2036/1690 1916/2037/1690 1904/2024/1690
f 1904/2024/1691 1916/2037/1691 1917/2038/1691 1905/2025/1691
f 1905/2025/1692 1917/2038/1692 1918/2039/1692 1906/2026/1692
f 1906/2026/1693 1918/2039/1693 1919/2040/1693 1907/2027/1693
f 1907/2027/1694 1919/2040/1694 1920/2041/1694 1908/2028/1694
f 1908/2028/1695 1920/2041/1695 1921/2042/1695 1909/2029/1695
f 1909/2030/1696 1921/2043/1696 1922/2044/1696 1910/2031/1696
f 1910/2031/1697 1922/2044/1697 1923/2045/1697 1911/2032/1697
f 1911/2032/1698 1923/2045/1698 1924/2046/1698 1912/2033/1698
f 1912/2033/1699 1924/2046/1699 1925/2047/1699 1913/2034/1699
f 1913/2034/1700 1925/2047/1700 1926/2048/1700 1914/2035/1700
f 1914/2035/1701 1926/2048/1701 1915/2036/1701 1903/2023/1701
f 1915/2036/1702 1927/2049/1702 1928/2050/1702 1916/2037/1702
f 1916/2037/1703 1928/2050/1703 1929/2051/1703 1917/2038/1703
f 1917/2038/1704 1929/2051/1704 1930/2052/1704 1918/2039/1704
f 1918/2039/1705 1930/2052/1705 1931/2053/1705 1919/2040/1705
f 1919/2040/1706 1931/2053/1706 1932/2054/1706 1920/2041/1706
f 1920/2041/1707 1932/2054/1707 1933/2055/1707 1921/2042/1707
f 1921/2043/1708 1933/2056/1708 1934/2057/1708 1922/2044/1708
f 1922/2044/1709 1934/2057/1709 1935/2058/1709 1923/2045/1709
f 1923/2045/1710 1935/2058/1710 1936/2059/1710 1924/2046/1710
f 1924/2046/1711 1936/2059/1711 1937/2060/1711 1925/2047/1711
f 1925/2047/1712 1937/2060/1712 1938/2061/1712 1926/2048/1712
f 1926/2048/1713 1938/2061/1713 1927/2049/1713 1915/2036/1713
f 1927/2049/1714 1939/2062/1714 1940/2063/1714 1928/2050/1714
f 1928/2050/1715 1940/2063/1715 1941/2064/1715 1929/2051/1715
f 1929/2051/1716 1941/2064/1716 1942/2065/1716 1930/2052/1716
f 1930/2052/1717 1942/2065/1717 1943/2066/1717 1931/2053/1717
f 1931/2053/1718 1943/2066/1718 1944/2067/1718 1932/2054/1718
f 1932/2054/1719 1944/2067/1719 1945/2068/1719 1933/2055/1719
f 1933/2056/1720 1945/2069/1720 1946/2070/1720 1934/2057/1720
f 1934/2057/1721 1946/2070/1721 1947/2071/1721 1935/2058/1721
f 1935/2058/1722 1947/2071/1722 1948/2072/1722 1936/2059/1722
f 1936/2059/1723 1948/2072/1723 1949/2073/1723 1937/2060/1723
f 1937/2060/1724 1949/2073/1724 1950/2074/1724 1938/2061/1724
f 1938/2061/1725 1950/2074/1725 1939/2062/1725 1927/2049/1725
f 1939/2062/1726 1951/2075/1726 1952/2076/1726 1940/2063/1726
f 1940/2063/1727 1952/2076/1727 1953/2077/1727 1941/2064/1727
f 1941/2064/1728 1953/2077/1728 1954/2078/1728 1942/2065/1728
f 1942/2065/1729 1954/2078/1729 1955/2079/1729 1943/2066/1729
f 1943/2066/1730 1955/2079/1730 1956/2080/1730 1944/2067/1730
f 1944/2067/1731 1956/2080/1731 1957/2081/1731 1945/2068/1731
f 1945/2069/1732 1957/2082/1732 1958/2083/1732 1946/2070/1732
f 1946/2070/1733 1958/2083/1733 1959/2084/1733 1947/2071/1733
f 1947/2071/1734 1959/2084/1734 1960/2085/1734 1948/2072/1734
f 1948/2072/1735 1960/2085/1735 1961/2086/1735 1949/2073/1735
f 1949/2073/1736 1961/2086/1736 1962/2087/1736 1950/2074/1736
f 1950/2074/1737 1962/2087/1737 1951/2075/1737 1939/2062/1737
f 1951/2075/1738 1963/2088/1738 1964/2089/1738 1952/2076/1738
f 1952/2076/1739 1964/2089/1739 1965/2090/1739 1953/2077/1739
f 1953/2077/1740 1965/2090/1740 1966/2091/1740 1954/2078/1740
f 1954/2078/1741 1966/2091/1741 1967/2092/1741 1955/2079/1741
f 1955/2079/1742 1967/2092/1742 1968/2093/1742 1956/2080/1742
f 1956/2080/1743 1968/2093/1743 1969/2094/1743 1957/2081/1743
f 1957/2082/1744 1969/2095/1744 1970/2096/1744 1958/2083/1744
f 1958/2083/1745 1970/2096/1745 1971/2097/1745 1959/2084/1745
f 1959/2084/1746 1971/2097/1746 1972/2098/1746 1960/2085/1746
f 1960/2085/1747 1972/2098/1747 1973/2099/1747 1961/2086/1747
f 1961/2086/1748 1973/2099/1748 1974/2100/1748 1962/2087/1748
f 1962/2087/1749 1974/2100/1749 1963/2088/1749 1951/2075/1749
f 1963/2088/1750 1975/2101/1750 1976/2102/1750 1964/2089/1750
f 1964/2089/1751 1976/2102/1751 1977/2103/1751 1965/2090/1751
f 1965/2090/1752 1977/2103/1752 1978/2104/1752 1966/2091/1752
f 1966/2091/1753 1978/2104/1753 1979/2105/1753 1967/2092/1753
f 1967/2092/1754 1979/2105/1754 1980/2106/1754 1968/2093/1754
f 1968/2093/1755 1980/2106/1755 1981/2107/1755 1969/2094/1755
f 1969/2095/1756 1981/2108/1756 1982/2109/1756 1970/2096/1756
f 1970/2096/1757 1982/2109/1757 1983/2110/1757 1971/2097/1757
f 1971/2097/1758 1983/2110/1758 1984/2111/1758 1972/2098/1758
f 1972/2098/1759 1984/2111/1759 1985/2112/1759 1973/2099/1759
f 1973/2099/1760 1985/2112/1760 1986/2113/1760 1974/2100/1760
f 1974/2100/1761 1986/2113/1761 1975/2101/1761 1963/2088/1761
f 1975/2101/1762 1987/2114/1762 1988/2115/1762 1976/2102/1762
f 1976/2102/1763 1988/2115/1763 1989/2116/1763 1977/2103/1763
f 1977/2103/1764 1989/2116/1764 1990/2117/1764 1978/2104/1764
f 1978/2104/1765 1990/2117/1765 1991/2118/1765 1979/2105/1765
f 1979/2105/1766 1991/2118/1766 1992/2119/1766 1980/2106/1766
f 1980/2106/1767 1992/2119/1767 1993/2120/1767 1981/2107/1767
f 1981/2108/1768 1993/2121/1768 1994/2122/1768 1982/2109/1768
f 1982/2109/1769 1994/2122/1769 1995/2123/1769 1983/2110/1769
f 1983/2110/1770 1995/2123/1770 1996/2124/1770 1984/2111/1770
f 1984/2111/1771 1996/2124/1771 1997/2125/1771 1985/2112/1771
f 1985/2112/1772 1997/2125/1772 1998/2126/1772 1986/2113/1772
f 1986/2113/1773 1998/2126/1773 1987/2114/1773 1975/2101/1773
f 1987/2114/1774 1999/2127/1774 2000/2128/1774 1988/2115/1774
f 1988/2115/1775 2000/2128/1775 2001/2129/1775 1989/2116/1775
f 1989/2116/1776 2001/2129/1776 2002/2130/1776 1990/2117/1776
f 1990/2117/1777 2002/2130/1777 2003/2131/1777 1991/2118/1777
f 1991/2118/1778 2003/2131/1778 2004/2132/1778 1992/2119/1778
f 1992/2119/1779 2004/2132/1779 2005/2133/1779 1993/2120/1779
f 1993/2121/1780 2005/2134/1780 2006/2135/1780 1994/2122/1780
f 1994/2122/1781 2006/2135/1781 2007/2136/1781 1995/2123/1781
f 1995/2123/1782 2007/2136/1782 2008/2137/1782 1996/2124/1782
f 1996/2124/1783 2008/2137/1783 2009/2138/1783 1997/2125/1783
f 1997/2125/1784 2009/2138/1784 2010/2139/1784 1998/2126/1784
f 1998/2126/1785 2010/2139/1785 1999/2127/1785 1987/2114/1785
f 1999/2127/1786 2011/2140/1786 2012/2141/1786 2000/2128/1786
f 2000/2128/1787 2012/2141/1787 2013/2142/1787 2001/2129/1787
f 2001/2129/1788 2013/2142/1788 2014/2143/1788 2002/2130/1788
f 2002/2130/1789 2014/2143/1789 2015/2144/1789 2003/2131/1789
f 2003/2131/1790 2015/2144/1790 2016/2145/1790 2004/2132/1790
f 2004/2132/1791 2016/2145/1791 2017/2146/1791 2005/2133/1791
f 2005/2134/1792 2017/2147/1792 2018/2148/1792 2006/2135/1792
f 2006/2135/1793 2018/2148/1793 2019/2149/1793 2007/2136/1793
f 2007/2136/1794 2019/2149/1794 2020/2150/1794 2008/2137/1794
f 2008/2137/1795 2020/2150/1795 2021/2151/1795 2009/2138/1795
f 2009/2138/1796 2021/2151/1796 2022/2152/1796 2010/2139/1796
f 2010/2139/1797 2022/2152/1797 2011/2140/1797 1999/2127/1797
f 2011/2140/1798 2023/2153/1798 2024/2154/1798 2012/2141/1798
f 2012/2141/1799 2024/2154/1799 2025/2155/1799 2013/2142/1799
f 2013/2142/1800 2025/2155/1800 2026/2156/1800 2014/2143/1800
f 2014/2143/1801 2026/2156/1801 2027/2157/1801 2015/2144/1801
f 2015/2144/1802 2027/2157/1802 2028/2158/1802 2016/2145/1802
f 2016/2145/1803 2028/2158/1803 2029/2159/1803 2017/2146/1803
f 2017/2147/1804 2029/2160/1804 2030/2161/1804 2018/2148/1804
f 2018/2148/1805 2030/2161/1805 2031/2162/1805 2019/2149/1805
f 2019/2149/1806 2031/2162/1806 2032/2163/1806 2020/2150/1806
f 2020/2150/1807 2032/2163/1807 2033/2164/1807 2021/2151/1807
f 2021/2151/1808 2033/2164/1808 2034/2165/1808 2022/2152/1808
f 2022/2152/1809 2034/2165/1809 2023/2153/1809 2011/2140/1809
f 2023/2153/1810 2035/2166/1810 2036/2167/1810 2024/2154/1810
f 2024/2154/1811 2036/2167/1811 2037/2168/1811 2025/2155/1811
f 2025/2155/1812 2037/2168/1812 2038/2169/1812 2026/2156/1812
f 2026/2156/1813 2038/2169/1813 2039/2170/1813 2027/2157/1813
f 2027/2157/1814 2039/2170/1814 2040/2171/1814 2028/2158/1814
f 2028/2158/1815 2040/2171/1815 2041/2172/1815 2029/2159/1815
f 2029/2160/1816 2041/2173/1816 2042/2174/1816 2030/2161/1816
f 2030/2161/1817 2042/2174/1817 2043/2175/1817 2031/2162/1817
f 2031/2162/1818 2043/2175/1818 2044/2176/1818 2032/2163/1818
f 2032/2163/1819 2044/2176/1819 2045/2177/1819 2033/2164/1819
f 2033/2164/1820 2045/2177/1820 2046/2178/1820 2034/2165/1820
f 2034/2165/1821 2046/2178/1821 2035/2166/1821 2023/2153/1821
f 2035/2166/1822 2047/2179/1822 2048/2180/1822 2036/2167/1822
f 2036/2167/1823 2048/2180/1823 2049/2181/1823 2037/2168/1823
f 2037/2168/1824 2049/2181/1824 2050/2182/1824 2038/2169/1824
f 2038/2169/1825 2050/2182/1825 2051/2183/1825 2039/2170/1825
f 2039/2170/1826 2051/2183/1826 2052/2184/1826 2040/2171/1826
f 2040/2171/1827 2052/2184/1827 2053/2185/1827 2041/2172/1827
f 2041/2173/1828 2053/2186/1828 2054/2187/1828 2042/2174/1828
f 2042/2174/1829 2054/2187/1829 2055/2188/1829 2043/2175/1829
f 2043/2175/1830 2055/2188/1830 2056/2189/1830 2044/2176/1830
f 2044/2176/1831 2056/2189/1831 2057/2190/1831 2045/2177/1831
f 2045/2177/1832 2057/2190/1832 2058/2191/1832 2046/2178/1832
f 2046/2178/1833 2058/2191/1833 2047/2179/1833 2035/2166/1833
f 2047/2179/1834 2059/2192/1834 2060/2193/1834 2048/2180/1834
f 2048/2180/1835 2060/2193/1835 2061/2194/1835 2049/2181/1835
f 2049/2181/1836 2061/2194/1836 2062/2195/1836 2050/2182/1836
f 2050/2182/1837 2062/2195/1837 2063/2196/1837 2051/2183/1837
f 2051/2183/1838 2063/2196/1838 2064/2197/1838 2052/2184/1838
f 2052/2184/1839 2064/2197/1839 2065/2198/1839 2053/2185/1839
f 2053/2186/1840 2065/2199/1840 2066/2200/1840 2054/2187/1840
f 2054/2187/1841 2066/2200/1841 2067/2201/1841 2055/2188/1841
f 2055/2188/1842 2067/2201/1842 2068/2202/1842 2056/2189/1842
f 2056/2189/1843 2068/2202/1843 2069/2203/1843 2057/2190/1843
f 2057/2190/1844 2069/2203/1844 2070/2204/1844 2058/2191/1844
f 2058/2191/1845 2070/2204/1845 2059/2192/1845 2047/2179/1845
f 2059/2192/1846 2071/2205/1846 2072/2206/1846 2060/2193/1846
f 2060/2193/1847 2072/2206/1847 2073/2207/1847 2061/2194/1847
f 2061/2194/1848 2073/2207/1848 2074/2208/1848 2062/2195/1848
f 2062/2195/1849 2074/2208/1849 2075/2209/1849 2063/2196/1849
f 2063/2196/1850 2075/2209/1850 2076/2210/1850 2064/2197/1850
f 2064/2197/1851 2076/2210/1851 2077/2211/1851 2065/2198/1851
f 2065/2199/1852 2077/2212/1852 2078/2213/1852 2066/2200/1852
f 2066/2200/1853 2078/2213/1853 2079/2214/1853 2067/2201/1853
f 2067/2201/1854 2079/2214/1854 2080/2215/1854 2068/2202/1854
f 2068/2202/1855 2080/2215/1855 2081/2216/1855 2069/2203/1855
f 2069/2203/1856 2081/2216/1856 2082/2217/1856 2070/2204/1856
f 2070/2204/1857 2082/2217/1857 2071/2205/1857 2059/2192/1857
f 2071/2205/1858 2083/2218/1858 2084/2219/1858 2072/2206/1858
f 2072/2206/1859 2084/2219/1859 2085/2220/1859 2073/2207/1859
f 2073/2207/1860 2085/2220/1860 2086/2221/1860 2074/2208/1860
f 2074/2208/1861 2086/2221/1861 2087/2222/1861 2075/2209/1861
f 2075/2209/1862 2087/2222/1862 2088/2223/1862 2076/2210/1862
f 2076/2210/1863 2088/2223/1863 2089/2224/1863 2077/2211/1863
f 2077/2212/1864 2089/2225/1864 2090/2226/1864 2078/2213/1864
f 2078/2213/1865 2090/2226/1865 2091/2227/1865 2079/2214/1865
f 2079/2214/1866 2091/2227/1866 2092/2228/1866 2080/2215/1866
f 2080/2215/1867 2092/2228/1867 2093/2229/1867 2081/2216/1867
f 2081/2216/1868 2093/2229/1868 2094/2230/1868 2082/2217/1868
f 2082/2217/1869 2094/2230/1869 2083/2218/1869 2071/2205/1869
f 2083/2218/1870 2095/2231/1870 2096/2232/1870 2084/2219/1870
f 2084/2219/1871 2096/2232/1871 2097/2233/1871 2085/2220/1871
f 2085/2220/1872 2097/2233/1872 2098/2234/1872 2086/2221/1872
f 2086/2221/1873 2098/2234/1873 2099/2235/1873 2087/2222/1873
f 2087/2222/1874 2099/2235/1874 2100/2236/1874 2088/2223/1874
f 2088/2223/1875 2100/2236/1875 2101/2237/1875 2089/2224/1875
f 2089/2225/1876 2101/2238/1876 2102/2239/1876 2090/2226/1876
f 2090/2226/1877 2102/2239/1877 2103/2240/1877 2091/2227/1877
f 2091/2227/1878 2103/2240/1878 2104/2241/1878 2092/2228/1878
f 2092/2228/1879 2104/2241/1879 2105/2242/1879 2093/2229/1879
f 2093/2229/1880 2105/2242/1880 2106/2243/1880 2094/2230/1880
f 2094/2230/1881 2106/2243/1881 2095/2231/1881 2083/2218/1881
f 2095/2231/1882 2107/2244/1882 2108/2245/1882 2096/2232/1882
f 2096/2232/1883 2108/2245/1883 2109/2246/1883 2097/2233/1883
f 2097/2233/1884 2109/2246/1884 2110/2247/1884 2098/2234/1884
f 2098/2234/1885 2110/2247/1885 2111/2248/1885 2099/2235/1885
f 2099/2235/1886 2111/2248/1886 2112/2249/1886 2100/2236/1886
f 2100/2236/1887 2112/2249/1887 2113/2250/1887 2101/2237/1887
f 2101/2238/1888 2113/2251/1888 2114/2252/1888 2102/2239/1888
f 2102/2239/1889 2114/2252/1889 2115/2253/1889 2103/2240/1889
f 2103/2240/1890 2115/2253/1890 2116/2254/1890 2104/2241/1890
f 2104/2241/1891 2116/2254/1891 2117/2255/1891 2105/2242/1891
f 2105/2242/1892 2117/2255/1892 2118/2256/1892 2106/2243/1892
f 2106/2243/1893 2118/2256/1893 2107/2244/1893 2095/2231/1893
f 2107/2244/1894 2119/2257/1894 2120/2258/1894 2108/2245/1894
f 2108/2245/1895 2120/2258/1895 2121/2259/1895 2109/2246/1895
f 2109/2246/1896 2121/2259/1896 2122/2260/1896 2110/2247/1896
f 2110/2247/1897 2122/2260/1897 2123/2261/1897 2111/2248/1897
f 2111/2248/1898 2123/2261/1898 2124/2262/1898 2112/2249/1898
f 2112/2249/1899 2124/2262/1899 2125/2263/1899 2113/2250/1899
f 2113/2251/1900 2125/2264/1900 2126/2265/1900 2114/2252/1900
f 2114/2252/1901 2126/2265/1901 2127/2266/1901 2115/2253/1901
f 2115/2253/1902 2127/2266/1902 2128/2267/1902 2116/2254/1902
f 2116/2254/1903 2128/2267/1903 2129/2268/1903 2117/2255/1903
f 2117/2255/1904 2129/2268/1904 2130/2269/1904 2118/2256/1904
f 2118/2256/1905 2130/2269/1905 2119/2257/1905 2107/2244/1905
f 2119/2257/1906 2131/2270/1906 2132/2271/1906 2120/2258/1906
f 2120/2258/1907 2132/2271/1907 2133/2272/1907 2121/2259/1907
f 2121/2259/1908 2133/2272/1908 2134/2273/1908 2122/2260/1908
f 2122/2260/1909 2134/2273/1909 2135/2274/1909 2123/2261/1909
f 2123/2261/1910 2135/2274/1910 2136/2275/1910 2124/2262/1910
f 2124/2262/1911 2136/2275/1911 2137/2276/1911 2125/2263/1911
f 2125/2264/1912 2137/2277/1912 2138/2278/1912 2126/2265/1912
f 2126/2265/1913 2138/2278/1913 2139/2279/1913 2127/2266/1913
f 2127/2266/1914 2139/2279/1914 2140/2280/1914 2128/2267/1914
f 2128/2267/1915 2140/2280/1915 2141/2281/1915 2129/2268/1915
f 2129/2268/1916 2141/2281/1916 2142/2282/1916 2130/2269/1916
f 2130/2269/1917 2142/2282/1917 2131/2270/1917 2119/2257/1917
f 2131/2270/1918 2143/2283/1918 2144/2284/1918 2132/2271/1918
f 2132/2271/1919 2144/2284/1919 2145/2285/1919 2133/2272/1919
f 2133/2272/1920 2145/2285/1920 2146/2286/1920 2134/2273/1920
f 2134/2273/1921 2146/2286/1921 2147/2287/1921 2135/2274/1921
f 2135/2274/1922 2147/2287/1922 2148/2288/1922 2136/2275/1922
f 2136/2275/1923 2148/2288/1923 2149/2289/1923 2137/2276/1923
f 2137/2277/1924 2149/2290/1924 2150/2291/1924 2138/2278/1924
f 2138/2278/1925 2150/2291/1925 2151/2292/1925 2139/2279/1925
f 2139/2279/1926 2151/2292/1926 2152/2293/1926 2140/2280/1926
f 2140/2280/1927 2152/2293/1927 2153/2294/1927 2141/2281/1927
f 2141/2281/1928 2153/2294/1928 2154/2295/1928 2142/2282/1928
f 2142/2282/1929 2154/2295/1929 2143/2283/1929 2131/2270/1929
f 2143/2283/1930 2155/2296/1930 2156/2297/1930 2144/2284/1930
f 2144/2284/1931 2156/2297/1931 2157/2298/1931 2145/2285/1931
f 2145/2285/1932 2157/2298/1932 2158/2299/1932 2146/2286/1932
f 2146/2286/1933 2158/2299/1933 2159/2300/1933 2147/2287/1933
f 2147/2287/1934 2159/2300/1934 2160/2301/1934 2148/2288/1934
f 2148/2288/1935 2160/2301/1935 2161/2302/1935 2149/2289/1935
f 2149/2290/1936 2161/2303/1936 2162/2304/1936 2150/2291/1936
f 2150/2291/1937 2162/2304/1937 2163/2305/1937 2151/2292/1937
f 2151/2292/1938 2163/2305/1938 2164/2306/1938 2152/2293/1938
f 2152/2293/1939 2164/2306/1939 2165/2307/1939 2153/2294/1939
f 2153/2294/1940 2165/2307/1940 2166/2308/1940 2154/2295/1940
f 2154/2295/1941 2166/2308/1941 2155/2296/1941 2143/2283/1941
f 2155/2296/1942 1591/1672/1942 1592/1675/1942 2156/2297/1942
f 2156/2297/1943 1592/1675/1943 1593/1677/1943 2157/2298/1943
f 2157/2298/1944 1593/1677/1944 1594/1679/1944 2158/2299/1944
f 2158/2299/1945 1594/1679/1945 1595/1681/1945 2159/2300/1945
f 2159/2300/1946 1595/1681/1946 1596/1683/1946 2160/2301/1946
f 2160/2301/1947 1596/1683/1947 1597/1685/1947 2161/2302/1947
f 2161/2303/1948 1597/1686/1948 1598/1689/1948 2162/2304/1948
f 2162/2304/1949 1598/1689/1949 1599/1691/1949 2163/2305/1949
f 2163/2305/1950 1599/1691/1950 1600/1693/1950 2164/2306/1950
f 2164/2306/1951 1600/1693/1951 1601/1695/1951 2165/2307/1951
f 2165/2307/1952 1601/1695/1952 1602/1697/1952 2166/2308/1952
f 2166/2308/1953 1602/1697/1953 1591/1672/1953 2155/2296/1953
o Torus.002
v -25.697186 -0.843293 -1.249766
v -25.735603 -0.846721 -1.153216
v -25.727102 -0.822849 -1.052788
v -25.674723 -0.778638 -0.976080
v -25.593496 -0.726408 -0.943187
v -25.505409 -0.680056 -0.961730
v -25.433258 -0.651408 -1.026020
v -25.395351 -0.647656 -1.119340
v -25.401659 -0.669933 -1.217907
v -25.451334 -0.712873 -1.295986
v -25.532051 -0.765427 -1.332112
v -25.622332 -0.813375 -1.315428
v -25.544355 -1.081789 -1.192075
v -25.584663 -1.082270 -1.096237
v -25.581282 -1.050408 -0.997742
v -25.535801 -0.995430 -0.923639
v -25.461359 -0.932612 -0.893307
v -25.378166 -0.878625 -0.913697
v -25.307791 -0.847206 -0.978657
v -25.268108 -0.846224 -1.071307
v -25.269524 -0.876136 -1.168027
v -25.312412 -0.929666 -1.243545
v -25.386230 -0.992986 -1.277066
v -25.471392 -1.048923 -1.258450
v -25.368917 -1.297866 -1.113986
v -25.411392 -1.295677 -1.019114
v -25.413889 -1.256575 -0.923235
v -25.376328 -1.191843 -0.852657
v -25.309675 -1.119432 -0.825792
v -25.232098 -1.058527 -0.848682
v -25.163759 -1.024599 -0.914549
v -25.122040 -1.026126 -1.006292
v -25.117840 -1.062956 -1.100512
v -25.152939 -1.126079 -1.172563
v -25.218838 -1.199153 -1.202559
v -25.298120 -1.262330 -1.181326
v -25.173872 -1.487826 -1.016838
v -25.218756 -1.483289 -0.923166
v -25.227787 -1.437823 -0.830541
v -25.199032 -1.364516 -0.764349
v -25.141039 -1.283671 -0.741797
v -25.069706 -1.216684 -0.767798
v -25.003633 -1.180550 -0.834793
v -24.959648 -1.184284 -0.925407
v -24.949202 -1.227196 -1.016518
v -24.975643 -1.298752 -1.084255
v -25.032736 -1.380401 -1.109866
v -25.105484 -1.449943 -1.085378
v -24.962555 -1.648419 -0.902290
v -25.010052 -1.641898 -0.810034
v -25.026163 -1.591052 -0.721247
v -25.006945 -1.510495 -0.660226
v -24.958334 -1.422520 -0.642759
v -24.893766 -1.350392 -0.672428
v -24.830149 -1.312393 -0.740753
v -24.783709 -1.317991 -0.830037
v -24.766499 -1.366045 -0.917480
v -24.783556 -1.444731 -0.980132
v -24.831112 -1.533629 -1.000572
v -24.896780 -1.608551 -0.972246
v -24.738585 -1.776898 -0.772305
v -24.788849 -1.768789 -0.681655
v -24.812464 -1.713637 -0.597223
v -24.803358 -1.627282 -0.542070
v -24.764690 -1.533603 -0.530374
v -24.707293 -1.457361 -0.564204
v -24.646276 -1.417869 -0.634039
v -24.597235 -1.424960 -0.721813
v -24.572853 -1.477127 -0.805094
v -24.579969 -1.561517 -0.861976
v -24.617413 -1.656215 -0.876548
v -24.675577 -1.735442 -0.843867
v -24.505793 -1.871063 -0.629105
v -24.558933 -1.861791 -0.540224
v -24.590347 -1.803484 -0.460591
v -24.591749 -1.712878 -0.411901
v -24.563417 -1.615018 -0.406563
v -24.513474 -1.535761 -0.444978
v -24.455160 -1.495177 -0.516476
v -24.403416 -1.503361 -0.602587
v -24.371582 -1.558543 -0.681284
v -24.368361 -1.647113 -0.731807
v -24.395296 -1.746062 -0.739915
v -24.445662 -1.828444 -0.702436
v -24.268160 -1.929304 -0.475141
v -24.324238 -1.919312 -0.388163
v -24.363615 -1.859054 -0.313688
v -24.375744 -1.765819 -0.271948
v -24.357962 -1.665373 -0.273446
v -24.315626 -1.584252 -0.316790
v -24.260073 -1.542991 -0.390076
v -24.205568 -1.551851 -0.474399
v -24.166124 -1.608898 -0.548167
v -24.152355 -1.700054 -0.591855
v -24.168564 -1.801632 -0.593012
v -24.210966 -1.885965 -0.550375
v -24.029755 -1.950625 -0.313046
v -24.088779 -1.940369 -0.228072
v -24.136143 -1.879397 -0.159027
v -24.159035 -1.785199 -0.124605
v -24.151836 -1.683807 -0.133300
v -24.117134 -1.602003 -0.181833
v -24.064348 -1.560494 -0.257002
v -24.007076 -1.569602 -0.339442
v -23.960001 -1.627331 -0.408020
v -23.935646 -1.719434 -0.444511
v -23.941092 -1.821975 -0.438352
v -23.975508 -1.907022 -0.390284
v -23.794659 -1.934660 -0.145597
v -23.856586 -1.924601 -0.062691
v -23.911827 -1.864164 0.000743
v -23.945332 -1.770687 0.027606
v -23.948570 -1.670004 0.011477
v -23.921394 -1.588711 -0.042417
v -23.871340 -1.547387 -0.119530
v -23.811337 -1.556310 -0.200026
v -23.756735 -1.613528 -0.263243
v -23.721943 -1.704922 -0.292300
v -23.716776 -1.806742 -0.278582
v -23.743315 -1.891254 -0.224904
v -23.566887 -1.881682 0.024345
v -23.631632 -1.872278 0.105150
v -23.694502 -1.813617 0.162891
v -23.738289 -1.722530 0.182083
v -23.751640 -1.624199 0.158409
v -23.731758 -1.544603 0.099074
v -23.684349 -1.503894 0.019987
v -23.621700 -1.512202 -0.058535
v -23.559805 -1.567724 -0.116311
v -23.514900 -1.656766 -0.137824
v -23.499451 -1.756194 -0.116434
v -23.518360 -1.838931 -0.057062
v -23.350344 -1.792599 0.193870
v -23.417763 -1.784296 0.272581
v -23.487890 -1.728619 0.324641
v -23.541451 -1.641554 0.336180
v -23.564417 -1.547178 0.304980
v -23.551466 -1.470433 0.240218
v -23.506573 -1.430760 0.159162
v -23.441408 -1.438032 0.082608
v -23.372581 -1.490702 0.030260
v -23.318062 -1.575789 0.016274
v -23.292839 -1.671196 0.045317
v -23.304491 -1.750949 0.110368
v -23.148731 -1.668934 0.360078
v -23.218643 -1.662159 0.436734
v -23.295525 -1.610625 0.483226
v -23.358187 -1.529143 0.487262
v -23.390102 -1.440257 0.448683
v -23.383608 -1.367471 0.378599
v -23.341055 -1.329234 0.295613
v -23.273550 -1.335071 0.220990
v -23.198267 -1.383781 0.173963
v -23.134796 -1.463378 0.167356
v -23.100473 -1.553203 0.203902
v -23.105370 -1.628812 0.274522
v -22.965500 -1.512802 0.520125
v -23.037674 -1.507957 0.594803
v -23.120695 -1.461654 0.635933
v -23.191629 -1.387220 0.632745
v -23.231680 -1.305266 0.587059
v -23.231050 -1.237479 0.511852
v -23.190626 -1.201056 0.427006
v -23.120993 -1.205079 0.354243
v -23.039845 -1.248791 0.312339
v -22.968239 -1.321455 0.312838
v -22.925644 -1.404232 0.356609
v -22.924402 -1.474610 0.432591
v -22.803783 -1.326878 0.671272
v -22.877956 -1.324330 0.744082
v -22.966396 -1.284256 0.780148
v -23.044630 -1.218215 0.770137
v -23.091862 -1.144516 0.717741
v -23.096409 -1.082681 0.637694
v -23.057863 -1.048417 0.551094
v -22.986351 -1.050281 0.480085
v -22.900024 -1.088040 0.443021
v -22.821239 -1.152450 0.450230
v -22.771345 -1.226834 0.500824
v -22.764685 -1.290983 0.581870
v -22.666349 -1.114339 0.810933
v -22.742222 -1.114418 0.882018
v -22.835264 -1.081465 0.913405
v -22.919703 -1.025018 0.897089
v -22.973036 -0.960755 0.838493
v -22.981983 -0.905725 0.753974
v -22.945034 -0.873929 0.665752
v -22.871925 -0.873325 0.596365
v -22.781200 -0.904279 0.563772
v -22.696314 -0.959254 0.577183
v -22.640213 -1.024043 0.634080
v -22.628950 -1.081071 0.719806
v -22.555552 -0.878825 0.936719
v -22.632793 -0.881814 1.006250
v -22.729548 -0.856752 1.033422
v -22.818987 -0.810937 1.011428
v -22.877239 -0.757130 0.947247
v -22.889734 -0.709640 0.858702
v -22.854073 -0.680579 0.769018
v -22.779676 -0.677239 0.701093
v -22.685404 -0.700654 0.672527
v -22.595598 -0.745172 0.691522
v -22.534496 -0.799330 0.754098
v -22.519520 -0.848467 0.844037
v -22.473282 -0.624363 1.046478
v -22.551540 -0.630497 1.114652
v -22.651052 -0.613960 1.138147
v -22.744205 -0.579631 1.111198
v -22.806110 -0.537122 1.042145
v -22.821239 -0.497779 0.950085
v -22.786531 -0.471673 0.859127
v -22.711182 -0.465379 0.792476
v -22.614275 -0.480646 0.767424
v -22.520817 -0.513867 0.791292
v -22.456001 -0.556538 0.858823
v -22.438269 -0.597150 0.952440
v -22.420952 -0.355308 1.138332
v -22.499857 -0.364767 1.205370
v -22.601122 -0.357245 1.225788
v -22.696636 -0.335062 1.194693
v -22.760864 -0.304497 1.121561
v -22.777670 -0.273768 1.026561
v -22.743568 -0.250788 0.934536
v -22.667612 -0.241368 0.868952
v -22.569029 -0.248022 0.846841
v -22.473248 -0.269297 0.874786
v -22.406071 -0.299822 0.946463
v -22.386585 -0.331420 1.043158
v -22.399454 -0.076265 1.210707
v -22.478624 -0.089172 1.276852
v -22.580610 -0.090999 1.294845
v -22.677095 -0.081412 1.260482
v -22.742279 -0.063237 1.184137
v -22.759771 -0.041442 1.086820
v -22.725920 -0.021702 0.993954
v -22.649714 -0.009041 0.929211
v -22.550442 -0.006761 0.909417
v -22.453707 -0.015648 0.940576
v -22.385559 -0.033577 1.015520
v -22.365353 -0.055825 1.114640
v -22.409157 0.207992 1.262368
v -22.488209 0.191573 1.327874
v -22.589869 0.180222 1.344136
v -22.685915 0.176977 1.307441
v -22.750668 0.182532 1.228803
v -22.767849 0.195227 1.129832
v -22.733887 0.211665 1.036366
v -22.657791 0.227627 0.972222
v -22.558832 0.239008 0.954082
v -22.462526 0.242742 0.987535
v -22.394817 0.237644 1.064811
v -22.374935 0.224919 1.165662
v -22.449896 0.492602 1.292429
v -22.528444 0.472665 1.357563
v -22.628738 0.451779 1.372818
v -22.722946 0.435686 1.334767
v -22.785891 0.428606 1.254794
v -22.801767 0.432188 1.154860
v -22.767332 0.445321 1.061045
v -22.691710 0.464589 0.997251
v -22.594055 0.485081 0.980073
v -22.499557 0.501451 1.014860
v -22.433687 0.509201 1.093494
v -22.415171 0.506012 1.195351
v -22.520973 0.772693 1.300376
v -22.598640 0.749295 1.365413
v -22.696554 0.719025 1.380401
v -22.787556 0.690288 1.341991
v -22.847343 0.670772 1.261665
v -22.860945 0.665387 1.161477
v -22.825684 0.675267 1.067569
v -22.750887 0.697788 1.003867
v -22.655508 0.727248 0.986944
v -22.564167 0.756053 1.022084
v -22.501503 0.776447 1.101076
v -22.485369 0.782642 1.203200
v -22.621170 1.043472 1.286073
v -22.697601 1.016727 1.351287
v -22.792158 0.977385 1.366754
v -22.878635 0.936425 1.328990
v -22.933975 0.904888 1.249299
v -22.944368 0.890834 1.149569
v -22.907944 0.897569 1.055827
v -22.834311 0.923234 0.991959
v -22.742138 0.961363 0.974578
v -22.655247 1.002190 1.009083
v -22.597107 1.034807 1.087430
v -22.584330 1.050074 1.189074
v -22.748775 1.300307 1.249766
v -22.823629 1.270389 1.315428
v -22.913912 1.222442 1.332112
v -22.994629 1.169888 1.295986
v -23.044302 1.126947 1.217907
v -23.050611 1.104670 1.119339
v -23.012703 1.108423 1.026020
v -22.940554 1.137071 0.961730
v -22.852467 1.183423 0.943187
v -22.771238 1.235652 0.976080
v -22.718861 1.279864 1.052787
v -22.710358 1.303736 1.153215
v -22.901608 1.538804 1.192074
v -22.974571 1.505938 1.258449
v -23.059732 1.450001 1.277066
v -23.133551 1.386680 1.243545
v -23.176439 1.333151 1.168027
v -23.177855 1.303239 1.071306
v -23.138172 1.304221 0.978657
v -23.067797 1.335639 0.913697
v -22.984604 1.389627 0.893307
v -22.910162 1.452445 0.923638
v -22.864681 1.507423 0.997742
v -22.861300 1.539285 1.096237
v -23.077045 1.754881 1.113986
v -23.147842 1.719344 1.181326
v -23.227125 1.656167 1.202559
v -23.293024 1.583093 1.172563
v -23.328123 1.519971 1.100512
v -23.323923 1.483140 1.006291
v -23.282202 1.481614 0.914549
v -23.213863 1.515541 0.848682
v -23.136288 1.576447 0.825792
v -23.069633 1.648858 0.852657
v -23.032074 1.713590 0.923235
v -23.034571 1.752691 1.019114
v -23.272091 1.944840 1.016838
v -23.340477 1.906957 1.085378
v -23.413225 1.837415 1.109866
v -23.470320 1.755766 1.084255
v -23.496759 1.684210 1.016517
v -23.486315 1.641298 0.925407
v -23.442329 1.637565 0.834793
v -23.376257 1.673699 0.767798
v -23.304924 1.740686 0.741797
v -23.246931 1.821531 0.764349
v -23.218174 1.894837 0.830541
v -23.227205 1.940304 0.923166
v -23.483406 2.105434 0.902290
v -23.549183 2.065566 0.972246
v -23.614851 1.990644 1.000572
v -23.662405 1.901745 0.980132
v -23.679464 1.823059 0.917480
v -23.662252 1.775005 0.830037
v -23.615814 1.769407 0.740753
v -23.552195 1.807406 0.672427
v -23.487627 1.879535 0.642759
v -23.439016 1.967510 0.660226
v -23.419800 2.048066 0.721247
v -23.435911 2.098912 0.810034
v -23.707378 2.233912 0.772304
v -23.770386 2.192457 0.843867
v -23.828550 2.113230 0.876547
v -23.865993 2.018532 0.861975
v -23.873110 1.934142 0.805094
v -23.848728 1.881975 0.721813
v -23.799686 1.874884 0.634039
v -23.738670 1.914375 0.564203
v -23.681273 1.990617 0.530374
v -23.642605 2.084296 0.542069
v -23.633499 2.170652 0.597223
v -23.657114 2.225803 0.681654
v -23.940170 2.328078 0.629105
v -24.000301 2.285458 0.702436
v -24.050665 2.203077 0.739915
v -24.077600 2.104127 0.731807
v -24.074381 2.015557 0.681284
v -24.042545 1.960375 0.602587
v -23.990801 1.952191 0.516476
v -23.932487 1.992776 0.444978
v -23.882545 2.072032 0.406563
v -23.854212 2.169892 0.411901
v -23.855616 2.260499 0.460591
v -23.887030 2.318805 0.540224
v -24.177801 2.386319 0.475141
v -24.234995 2.342980 0.550375
v -24.277399 2.258647 0.593012
v -24.293608 2.157069 0.591854
v -24.279837 2.065912 0.548167
v -24.240395 2.008866 0.474399
v -24.185890 2.000005 0.390076
v -24.130337 2.041266 0.316790
v -24.088001 2.122388 0.273446
v -24.070219 2.222833 0.271948
v -24.082348 2.316069 0.313688
v -24.121723 2.376327 0.388163
v -24.416206 2.407640 0.313046
v -24.470455 2.364037 0.390284
v -24.504871 2.278990 0.438352
v -24.510317 2.176449 0.444511
v -24.485962 2.084346 0.408020
v -24.438887 2.026617 0.339442
v -24.381613 2.017509 0.257001
v -24.328829 2.059017 0.181832
v -24.294127 2.140822 0.133299
v -24.286928 2.242214 0.124605
v -24.309820 2.336412 0.159027
v -24.357183 2.397384 0.228071
v -24.651304 2.391675 0.145596
v -24.702648 2.348269 0.224903
v -24.729187 2.263757 0.278581
v -24.724020 2.161937 0.292300
v -24.689228 2.070543 0.263242
v -24.634626 2.013325 0.200026
v -24.574621 2.004402 0.119530
v -24.524569 2.045725 0.042416
v -24.497391 2.127018 -0.011478
v -24.500631 2.227701 -0.027607
v -24.534136 2.321179 -0.000743
v -24.589376 2.381616 0.062691
v -24.879074 2.338697 -0.024345
v -24.927603 2.295946 0.057062
v -24.946510 2.213209 0.116434
v -24.931063 2.113780 0.137824
v -24.886156 2.024738 0.116311
v -24.824263 1.969217 0.058535
v -24.761614 1.960909 -0.019987
v -24.714205 2.001617 -0.099074
v -24.694321 2.081214 -0.158409
v -24.707674 2.179545 -0.182083
v -24.751459 2.270631 -0.162891
v -24.814331 2.329293 -0.105150
v -25.095617 2.249614 -0.193869
v -25.141470 2.207964 -0.110368
v -25.153122 2.128211 -0.045316
v -25.127899 2.032804 -0.016274
v -25.073380 1.947717 -0.030259
v -25.004553 1.895047 -0.082608
v -24.939388 1.887775 -0.159161
v -24.894495 1.927448 -0.240217
v -24.881544 2.004193 -0.304980
v -24.904510 2.098569 -0.336180
v -24.958071 2.185634 -0.324641
v -25.028198 2.241311 -0.272580
v -25.297232 2.125948 -0.360078
v -25.340591 2.085827 -0.274522
v -25.345490 2.010217 -0.203902
v -25.311165 1.920393 -0.167357
v -25.247696 1.840796 -0.173963
v -25.172413 1.792085 -0.220991
v -25.104908 1.786249 -0.295613
v -25.062355 1.824486 -0.378600
v -25.055859 1.897271 -0.448684
v -25.087776 1.986157 -0.487263
v -25.150438 2.067640 -0.483227
v -25.227320 2.119174 -0.436735
v -25.480463 1.969818 -0.520124
v -25.521559 1.931626 -0.432591
v -25.520319 1.861247 -0.356608
v -25.477722 1.778470 -0.312838
v -25.406116 1.705805 -0.312339
v -25.324968 1.662094 -0.354243
v -25.255335 1.658070 -0.427006
v -25.214911 1.694494 -0.511852
v -25.214281 1.762281 -0.587059
v -25.254333 1.844235 -0.632745
v -25.325268 1.918669 -0.635933
v -25.408287 1.964972 -0.594803
v -25.642179 1.783893 -0.671271
v -25.681276 1.747998 -0.581870
v -25.674618 1.683849 -0.500823
v -25.624722 1.609465 -0.450230
v -25.545937 1.545055 -0.443021
v -25.459612 1.507296 -0.480085
v -25.388100 1.505432 -0.551094
v -25.349554 1.539696 -0.637694
v -25.354101 1.601530 -0.717741
v -25.401333 1.675230 -0.770137
v -25.479567 1.741271 -0.780148
v -25.568005 1.781345 -0.744082
v -25.779613 1.571354 -0.810934
v -25.817013 1.538085 -0.719806
v -25.805748 1.481057 -0.634081
v -25.749649 1.416268 -0.577183
v -25.664762 1.361294 -0.563773
v -25.574036 1.330339 -0.596366
v -25.500929 1.330944 -0.665752
v -25.463978 1.362740 -0.753975
v -25.472925 1.417769 -0.838493
v -25.526260 1.482032 -0.897089
v -25.610697 1.538479 -0.913405
v -25.703741 1.571432 -0.882018
v -25.890411 1.335840 -0.936720
v -25.926441 1.305482 -0.844038
v -25.911467 1.256344 -0.754098
v -25.850365 1.202186 -0.691522
v -25.760559 1.157668 -0.672527
v -25.666286 1.134254 -0.701093
v -25.591890 1.137593 -0.769019
v -25.556229 1.166654 -0.858702
v -25.568722 1.214144 -0.947248
v -25.626976 1.267951 -1.011428
v -25.716415 1.313766 -1.033422
v -25.813169 1.338828 -1.006250
v -25.972681 1.081379 -1.046478
v -26.007694 1.054166 -0.952440
v -25.989962 1.013553 -0.858823
v -25.925146 0.970882 -0.791292
v -25.831688 0.937661 -0.767424
v -25.734781 0.922394 -0.792476
v -25.659431 0.928689 -0.859127
v -25.624723 0.954794 -0.950085
v -25.639853 0.994137 -1.042145
v -25.701757 1.036647 -1.111198
v -25.794910 1.070975 -1.138147
v -25.894421 1.087512 -1.114652
v -26.025011 0.812325 -1.138331
v -26.059378 0.788437 -1.043158
v -26.039892 0.756839 -0.946463
v -25.972715 0.726313 -0.874786
v -25.876932 0.705038 -0.846841
v -25.778351 0.698384 -0.868952
v -25.702393 0.707804 -0.934536
v -25.668293 0.730784 -1.026561
v -25.685097 0.761513 -1.121561
v -25.749325 0.792078 -1.194692
v -25.844841 0.814261 -1.225788
v -25.946106 0.821784 -1.205370
v -26.046509 0.533279 -1.210708
v -26.080610 0.512840 -1.114640
v -26.060404 0.490591 -1.015520
v -25.992256 0.472662 -0.940576
v -25.895519 0.463776 -0.909417
v -25.796249 0.466055 -0.929211
v -25.720041 0.478716 -0.993954
v -25.686192 0.498456 -1.086820
v -25.703684 0.520251 -1.184137
v -25.768867 0.538427 -1.260483
v -25.865353 0.548013 -1.294845
v -25.967339 0.546187 -1.276852
v -26.036806 0.249022 -1.262368
v -26.071026 0.232095 -1.165662
v -26.051146 0.219370 -1.064812
v -25.983435 0.214273 -0.987535
v -25.887131 0.218006 -0.954083
v -25.788170 0.229387 -0.972223
v -25.712076 0.245349 -1.036366
v -25.678112 0.261788 -1.129832
v -25.695293 0.274482 -1.228803
v -25.760046 0.280037 -1.307441
v -25.856094 0.276792 -1.344136
v -25.957754 0.265442 -1.327874
v -25.996067 -0.035587 -1.292429
v -26.030792 -0.048997 -1.195352
v -26.012276 -0.052186 -1.093494
v -25.946404 -0.044436 -1.014861
v -25.851908 -0.028066 -0.980073
v -25.754253 -0.007574 -0.997251
v -25.678631 0.011694 -1.061045
v -25.644196 0.024827 -1.154860
v -25.660072 0.028409 -1.254794
v -25.723015 0.021329 -1.334767
v -25.817225 0.005236 -1.372818
v -25.917519 -0.015650 -1.357564
v -25.924990 -0.315679 -1.300376
v -25.960592 -0.325627 -1.203200
v -25.944458 -0.319433 -1.101077
v -25.881796 -0.299038 -1.022085
v -25.790455 -0.270234 -0.986945
v -25.695074 -0.240774 -1.003868
v -25.620279 -0.218253 -1.067570
v -25.585016 -0.208373 -1.161477
v -25.598619 -0.213758 -1.261665
v -25.658407 -0.233274 -1.341991
v -25.749407 -0.262011 -1.380401
v -25.847321 -0.292281 -1.365413
v -25.824791 -0.586458 -1.286074
v -25.861633 -0.593060 -1.189075
v -25.848856 -0.577793 -1.087430
v -25.790716 -0.545176 -1.009084
v -25.703823 -0.504349 -0.974578
v -25.611652 -0.466220 -0.991960
v -25.538019 -0.440554 -1.055828
v -25.501595 -0.433819 -1.149569
v -25.511988 -0.447873 -1.249299
v -25.567327 -0.479411 -1.328990
v -25.653805 -0.520371 -1.366755
v -25.748362 -0.559713 -1.351287
vn -0.7597 -0.5648 -0.3223
vn -0.8469 -0.4968 0.1898
vn -0.7024 -0.2932 0.6486
vn -0.3689 -0.0116 0.9294
vn 0.0598 0.2707 0.9608
vn 0.4696 0.4801 0.7409
vn 0.7565 0.5646 0.3300
vn 0.8480 0.5028 -0.1679
vn 0.7168 0.3081 -0.6255
vn 0.3925 0.0291 -0.9193
vn -0.0406 -0.2594 -0.9649
vn -0.4637 -0.4776 -0.7462
vn -0.6879 -0.6642 -0.2926
vn -0.7948 -0.5689 0.2113
vn -0.6842 -0.3184 0.6561
vn -0.3893 0.0167 0.9209
vn 0.0065 0.3445 0.9388
vn 0.3976 0.5798 0.7112
vn 0.6845 0.6643 0.3002
vn 0.7947 0.5766 -0.1899
vn 0.6964 0.3363 -0.6339
vn 0.4107 0.0039 -0.9118
vn 0.0115 -0.3315 -0.9434
vn -0.3919 -0.5771 -0.7165
vn -0.6068 -0.7531 -0.2543
vn -0.7360 -0.6334 0.2391
vn -0.6637 -0.3409 0.6658
vn -0.4124 0.0420 0.9100
vn -0.0536 0.4105 0.9103
vn 0.3163 0.6689 0.6727
vn 0.6033 0.7533 0.2618
vn 0.7345 0.6425 -0.2184
vn 0.6734 0.3616 -0.6448
vn 0.4312 -0.0186 -0.9021
vn 0.0704 -0.3960 -0.9156
vn -0.3108 -0.6659 -0.6782
vn -0.5179 -0.8298 -0.2080
vn -0.6715 -0.6890 0.2727
vn -0.6411 -0.3603 0.6776
vn -0.4377 0.0638 0.8969
vn -0.1196 0.4674 0.8759
vn 0.2272 0.7457 0.6263
vn 0.5142 0.8302 0.2154
vn 0.6685 0.6994 -0.2528
vn 0.6481 0.3834 -0.6580
vn 0.4537 -0.0380 -0.8903
vn 0.1348 -0.4516 -0.8820
vn -0.2219 -0.7426 -0.6319
vn -0.4226 -0.8930 -0.1545
vn -0.6024 -0.7349 0.3116
vn -0.6170 -0.3764 0.6911
vn -0.4648 0.0818 0.8816
vn -0.1903 0.5143 0.8362
vn 0.1318 0.8091 0.5727
vn 0.4187 0.8936 0.1618
vn 0.5979 0.7463 -0.2925
vn 0.6210 0.4014 -0.6732
vn 0.4779 -0.0540 -0.8768
vn 0.2039 -0.4975 -0.8431
vn -0.1266 -0.8059 -0.5784
vn -0.3227 -0.9418 -0.0947
vn -0.5299 -0.7702 0.3549
vn -0.5917 -0.3887 0.7063
vn -0.4932 0.0956 0.8646
vn -0.2645 0.5505 0.7919
vn 0.0316 0.8579 0.5128
vn 0.3186 0.9424 0.1019
vn 0.5237 0.7825 -0.3368
vn 0.5926 0.4153 -0.6902
vn 0.5032 -0.0664 -0.8616
vn 0.2764 -0.5329 -0.7998
vn -0.0267 -0.8546 -0.5186
vn -0.2198 -0.9751 -0.0297
vn -0.4552 -0.7944 0.4021
vn -0.5656 -0.3971 0.7227
vn -0.5225 0.1051 0.8462
vn -0.3408 0.5752 0.7436
vn -0.0715 0.8914 0.4476
vn 0.2154 0.9758 0.0367
vn 0.4473 0.8072 -0.3851
vn 0.5633 0.4248 -0.7087
vn 0.5293 -0.0748 -0.8452
vn 0.3511 -0.5570 -0.7526
vn 0.0762 -0.8880 -0.4536
vn -0.1156 -0.9925 0.0395
vn -0.3797 -0.8070 0.4522
vn -0.5392 -0.4016 0.7403
vn -0.5521 0.1101 0.8265
vn -0.4181 0.5881 0.6923
vn -0.1759 0.9088 0.3783
vn 0.1110 0.9933 -0.0326
vn 0.3700 0.8201 -0.4364
vn 0.5337 0.4297 -0.7284
vn 0.5556 -0.0792 -0.8276
vn 0.4267 -0.5697 -0.7024
vn 0.1804 -0.9054 -0.3844
vn -0.0120 -0.9937 0.1116
vn -0.3045 -0.8079 0.5046
vn -0.5130 -0.4018 0.7585
vn -0.5816 0.1104 0.8060
vn -0.4950 0.5890 0.6388
vn -0.2798 0.9100 0.3060
vn 0.0072 0.9945 -0.1049
vn 0.2932 0.8210 -0.4899
vn 0.5042 0.4300 -0.7489
vn 0.5819 -0.0795 -0.8094
vn 0.5018 -0.5705 -0.6501
vn 0.2840 -0.9065 -0.3123
vn 0.0893 -0.9786 0.1854
vn -0.2310 -0.7970 0.5581
vn -0.4873 -0.3980 0.7772
vn -0.6104 0.1061 0.7850
vn -0.5701 0.5778 0.5840
vn -0.3813 0.8949 0.2321
vn -0.0943 0.9793 -0.1789
vn 0.2180 0.8098 -0.5447
vn 0.4754 0.4258 -0.7699
vn 0.6075 -0.0757 -0.7907
vn 0.5753 -0.5596 -0.5966
vn 0.3853 -0.8915 -0.2385
vn 0.1865 -0.9475 0.2597
vn -0.1605 -0.7744 0.6120
vn -0.4627 -0.3902 0.7960
vn -0.6380 0.0973 0.7639
vn -0.6423 0.5547 0.5289
vn -0.4787 0.8637 0.1576
vn -0.1918 0.9482 -0.2533
vn 0.1459 0.7868 -0.5998
vn 0.4477 0.4169 -0.7910
vn 0.6322 -0.0678 -0.7719
vn 0.6458 -0.5370 -0.5427
vn 0.4825 -0.8604 -0.1642
vn 0.2780 -0.9010 0.3332
vn -0.0941 -0.7406 0.6653
vn -0.4395 -0.3784 0.8147
vn -0.6640 0.0840 0.7430
vn -0.7102 0.5202 0.4744
vn -0.5704 0.8171 0.0840
vn -0.2835 0.9015 -0.3269
vn 0.0780 0.7522 -0.6543
vn 0.4217 0.4037 -0.8119
vn 0.6553 -0.0560 -0.7532
vn 0.7122 -0.5033 -0.4894
vn 0.5740 -0.8138 -0.0907
vn 0.3622 -0.8397 0.4045
vn -0.0331 -0.6962 0.7171
vn -0.4182 -0.3629 0.8327
vn -0.6880 0.0666 0.7227
vn -0.7727 0.4748 0.4214
vn -0.6548 0.7557 0.0124
vn -0.3679 0.8402 -0.3985
vn 0.0155 0.7068 -0.7073
vn 0.3978 0.3863 -0.8322
vn 0.6767 -0.0405 -0.7352
vn 0.7733 -0.4589 -0.4376
vn 0.6582 -0.7526 -0.0194
vn 0.4377 -0.7649 0.4726
vn 0.0217 -0.6419 0.7664
vn -0.3991 -0.3439 0.8500
vn -0.7095 0.0453 0.7033
vn -0.8287 0.4192 0.3709
vn -0.7304 0.6807 -0.0558
vn -0.4435 0.7652 -0.4667
vn -0.0405 0.6513 -0.7578
vn 0.3763 0.3650 -0.8516
vn 0.6958 -0.0216 -0.7179
vn 0.8280 -0.4046 -0.3882
vn 0.7337 -0.6778 0.0487
vn 0.5031 -0.6777 0.5363
vn 0.0692 -0.5787 0.8126
vn -0.3825 -0.3218 0.8661
vn -0.7281 0.0205 0.6852
vn -0.8772 0.3545 0.3237
vn -0.7960 0.5933 -0.1196
vn -0.5091 0.6778 -0.5305
vn -0.0891 0.5866 -0.8050
vn 0.3577 0.3402 -0.8697
vn 0.7124 0.0005 -0.7018
vn 0.8755 -0.3413 -0.3421
vn 0.7991 -0.5906 0.1124
vn 0.5574 -0.5797 0.5943
vn 0.1086 -0.5076 0.8547
vn -0.3687 -0.2970 0.8808
vn -0.7435 -0.0073 0.6687
vn -0.9175 0.2818 0.2806
vn -0.8505 0.4951 -0.1778
vn -0.5635 0.5795 -0.5887
vn -0.1294 0.5138 -0.8481
vn 0.3422 0.3123 -0.8862
vn 0.7261 0.0254 -0.6871
vn 0.9149 -0.2702 -0.3000
vn 0.8534 -0.4925 0.1704
vn 0.5997 -0.4725 0.6459
vn 0.1392 -0.4298 0.8921
vn -0.3580 -0.2698 0.8939
vn -0.7555 -0.0378 0.6540
vn -0.9489 0.2022 0.2424
vn -0.8928 0.3876 -0.2294
vn -0.6059 0.4721 -0.6404
vn -0.1607 0.4343 -0.8863
vn 0.3302 0.2818 -0.9009
vn 0.7368 0.0525 -0.6740
vn 0.9455 -0.1924 -0.2626
vn 0.8957 -0.3853 0.2220
vn 0.6291 -0.3579 0.6900
vn 0.1606 -0.3467 0.9241
vn -0.3506 -0.2408 0.9051
vn -0.7639 -0.0704 0.6415
vn -0.9707 0.1172 0.2096
vn -0.9223 0.2728 -0.2736
vn -0.6354 0.3573 -0.6846
vn -0.1826 0.3493 -0.9191
vn 0.3219 0.2492 -0.9134
vn 0.7443 0.0815 -0.6629
vn 0.9669 -0.1093 -0.2306
vn 0.9251 -0.2708 0.2661
vn 0.6453 -0.2380 0.7259
vn 0.1723 -0.2597 0.9502
vn -0.3465 -0.2104 0.9142
vn -0.7685 -0.1045 0.6313
vn -0.9827 0.0283 0.1830
vn -0.9385 0.1526 -0.3097
vn -0.6516 0.2371 -0.7206
vn -0.1946 0.2603 -0.9457
vn 0.3173 0.2151 -0.9236
vn 0.7484 0.1119 -0.6538
vn 0.9786 -0.0223 -0.2045
vn 0.9413 -0.1509 0.3020
vn 0.6479 -0.1147 0.7531
vn 0.1742 -0.1703 0.9699
vn -0.3458 -0.1792 0.9210
vn -0.7692 -0.1396 0.6235
vn -0.9846 -0.0632 0.1628
vn -0.9411 0.0291 -0.3369
vn -0.6542 0.1136 -0.7478
vn -0.1965 0.1688 -0.9659
vn 0.3165 0.1801 -0.9313
vn 0.7490 0.1431 -0.6469
vn 0.9805 0.0671 -0.1848
vn 0.9439 -0.0276 0.3292
vn 0.6368 0.0097 0.7709
vn 0.1662 -0.0800 0.9828
vn -0.3486 -0.1477 0.9256
vn -0.7661 -0.1750 0.6185
vn -0.9764 -0.1556 0.1496
vn -0.9300 -0.0957 -0.3548
vn -0.6431 -0.0112 -0.7657
vn -0.1883 0.0765 -0.9791
vn 0.3197 0.1447 -0.9364
vn 0.7462 0.1747 -0.6423
vn 0.9725 0.1573 -0.1718
vn 0.9328 0.0969 0.3471
vn 0.6124 0.1333 0.7793
vn 0.1484 0.0096 0.9889
vn -0.3548 -0.1164 0.9277
vn -0.7591 -0.2101 0.6161
vn -0.9583 -0.2472 0.1434
vn -0.9055 -0.2195 -0.3631
vn -0.6186 -0.1350 -0.7740
vn -0.1701 -0.0152 -0.9853
vn 0.3266 0.1095 -0.9388
vn 0.7400 0.2060 -0.6402
vn 0.9547 0.2470 -0.1658
vn 0.9084 0.2204 0.3554
vn 0.5749 0.2538 0.7779
vn 0.1212 0.0970 0.9879
vn -0.3643 -0.0858 0.9273
vn -0.7485 -0.2444 0.6165
vn -0.9305 -0.3367 0.1444
vn -0.8680 -0.3403 -0.3617
vn -0.5810 -0.2558 -0.7726
vn -0.1423 -0.1047 -0.9843
vn 0.3373 0.0752 -0.9384
vn 0.7306 0.2365 -0.6406
vn 0.9275 0.3344 -0.1668
vn 0.8709 0.3410 0.3540
vn 0.5250 0.3693 0.7668
vn 0.0851 0.1808 0.9798
vn -0.3769 -0.0566 0.9245
vn -0.7343 -0.2772 0.6196
vn -0.8935 -0.4223 0.1526
vn -0.8180 -0.4560 -0.3506
vn -0.5311 -0.3715 -0.7615
vn -0.1053 -0.1903 -0.9761
vn 0.3515 0.0424 -0.9352
vn 0.7179 0.2657 -0.6434
vn 0.8914 0.4182 -0.1749
vn 0.8210 0.4564 0.3429
vn 0.4637 0.4776 0.7462
vn 0.0406 0.2594 0.9649
vn -0.3925 -0.0291 0.9193
vn -0.7168 -0.3081 0.6255
vn -0.8480 -0.5028 0.1679
vn -0.7565 -0.5646 -0.3300
vn -0.4696 -0.4801 -0.7409
vn -0.0598 -0.2707 -0.9608
vn 0.3689 0.0116 -0.9294
vn 0.7024 0.2932 -0.6486
vn 0.8469 0.4968 -0.1898
vn 0.7597 0.5648 0.3223
vn 0.3919 0.5771 0.7165
vn -0.0115 0.3315 0.9434
vn -0.4107 -0.0039 0.9118
vn -0.6964 -0.3363 0.6339
vn -0.7947 -0.5766 0.1899
vn -0.6845 -0.6643 -0.3002
vn -0.3976 -0.5798 -0.7112
vn -0.0065 -0.3445 -0.9388
vn 0.3893 -0.0167 -0.9209
vn 0.6842 0.3184 -0.6561
vn 0.7948 0.5689 -0.2113
vn 0.6879 0.6642 0.2926
vn 0.3108 0.6659 0.6782
vn -0.0704 0.3960 0.9156
vn -0.4312 0.0186 0.9021
vn -0.6734 -0.3616 0.6448
vn -0.7345 -0.6425 0.2184
vn -0.6033 -0.7533 -0.2618
vn -0.3163 -0.6689 -0.6727
vn 0.0536 -0.4105 -0.9103
vn 0.4124 -0.0420 -0.9100
vn 0.6637 0.3409 -0.6658
vn 0.7360 0.6334 -0.2391
vn 0.6068 0.7531 0.2543
vn 0.2219 0.7426 0.6319
vn -0.1348 0.4516 0.8820
vn -0.4537 0.0380 0.8903
vn -0.6481 -0.3834 0.6580
vn -0.6685 -0.6994 0.2528
vn -0.5142 -0.8302 -0.2154
vn -0.2272 -0.7457 -0.6263
vn 0.1196 -0.4674 -0.8759
vn 0.4377 -0.0638 -0.8969
vn 0.6411 0.3603 -0.6776
vn 0.6715 0.6890 -0.2727
vn 0.5179 0.8298 0.2080
vn 0.1266 0.8059 0.5784
vn -0.2039 0.4975 0.8431
vn -0.4779 0.0540 0.8768
vn -0.6210 -0.4014 0.6732
vn -0.5979 -0.7463 0.2925
vn -0.4187 -0.8936 -0.1618
vn -0.1318 -0.8091 -0.5727
vn 0.1903 -0.5143 -0.8362
vn 0.4648 -0.0818 -0.8816
vn 0.6170 0.3764 -0.6911
vn 0.6024 0.7349 -0.3116
vn 0.4226 0.8930 0.1545
vn 0.0267 0.8546 0.5186
vn -0.2764 0.5329 0.7998
vn -0.5032 0.0664 0.8616
vn -0.5926 -0.4153 0.6902
vn -0.5237 -0.7825 0.3368
vn -0.3186 -0.9424 -0.1019
vn -0.0316 -0.8579 -0.5128
vn 0.2645 -0.5505 -0.7919
vn 0.4932 -0.0956 -0.8646
vn 0.5917 0.3887 -0.7063
vn 0.5299 0.7702 -0.3549
vn 0.3227 0.9418 0.0947
vn -0.0762 0.8880 0.4536
vn -0.3511 0.5570 0.7526
vn -0.5293 0.0748 0.8452
vn -0.5633 -0.4248 0.7087
vn -0.4473 -0.8072 0.3851
vn -0.2154 -0.9758 -0.0367
vn 0.0715 -0.8914 -0.4476
vn 0.3408 -0.5752 -0.7436
vn 0.5225 -0.1051 -0.8462
vn 0.5656 0.3971 -0.7227
vn 0.4552 0.7944 -0.4021
vn 0.2198 0.9751 0.0297
vn -0.1804 0.9054 0.3844
vn -0.4267 0.5697 0.7025
vn -0.5556 0.0792 0.8276
vn -0.5337 -0.4297 0.7284
vn -0.3700 -0.8201 0.4364
vn -0.1110 -0.9933 0.0326
vn 0.1759 -0.9088 -0.3783
vn 0.4181 -0.5881 -0.6923
vn 0.5521 -0.1101 -0.8265
vn 0.5392 0.4016 -0.7403
vn 0.3797 0.8070 -0.4522
vn 0.1156 0.9925 -0.0395
vn -0.2840 0.9065 0.3123
vn -0.5018 0.5705 0.6501
vn -0.5819 0.0795 0.8094
vn -0.5042 -0.4300 0.7489
vn -0.2932 -0.8210 0.4899
vn -0.0072 -0.9945 0.1049
vn 0.2798 -0.9100 -0.3060
vn 0.4950 -0.5890 -0.6388
vn 0.5816 -0.1104 -0.8060
vn 0.5130 0.4018 -0.7585
vn 0.3045 0.8079 -0.5046
vn 0.0120 0.9937 -0.1116
vn -0.3853 0.8915 0.2385
vn -0.5753 0.5596 0.5966
vn -0.6075 0.0757 0.7907
vn -0.4754 -0.4258 0.7699
vn -0.2180 -0.8098 0.5447
vn 0.0943 -0.9793 0.1789
vn 0.3813 -0.8949 -0.2321
vn 0.5701 -0.5778 -0.5840
vn 0.6104 -0.1061 -0.7850
vn 0.4873 0.3980 -0.7772
vn 0.2310 0.7970 -0.5581
vn -0.0893 0.9786 -0.1854
vn -0.4825 0.8604 0.1642
vn -0.6458 0.5370 0.5427
vn -0.6322 0.0678 0.7719
vn -0.4477 -0.4169 0.7910
vn -0.1459 -0.7868 0.5998
vn 0.1918 -0.9482 0.2533
vn 0.4787 -0.8637 -0.1576
vn 0.6423 -0.5547 -0.5289
vn 0.6380 -0.0973 -0.7639
vn 0.4627 0.3902 -0.7960
vn 0.1605 0.7744 -0.6120
vn -0.1865 0.9475 -0.2597
vn -0.5740 0.8138 0.0907
vn -0.7122 0.5033 0.4894
vn -0.6553 0.0560 0.7532
vn -0.4217 -0.4037 0.8119
vn -0.0780 -0.7522 0.6543
vn 0.2835 -0.9015 0.3269
vn 0.5704 -0.8171 -0.0840
vn 0.7102 -0.5202 -0.4744
vn 0.6640 -0.0840 -0.7430
vn 0.4395 0.3784 -0.8147
vn 0.0942 0.7406 -0.6653
vn -0.2780 0.9010 -0.3332
vn -0.6582 0.7526 0.0194
vn -0.7733 0.4589 0.4376
vn -0.6767 0.0405 0.7352
vn -0.3978 -0.3863 0.8322
vn -0.0155 -0.7068 0.7073
vn 0.3679 -0.8402 0.3985
vn 0.6548 -0.7557 -0.0124
vn 0.7727 -0.4748 -0.4214
vn 0.6880 -0.0666 -0.7227
vn 0.4182 0.3629 -0.8327
vn 0.0331 0.6962 -0.7171
vn -0.3622 0.8397 -0.4045
vn -0.7337 0.6778 -0.0487
vn -0.8280 0.4046 0.3883
vn -0.6958 0.0216 0.7179
vn -0.3763 -0.3650 0.8516
vn 0.0405 -0.6513 0.7578
vn 0.4435 -0.7652 0.4667
vn 0.7304 -0.6807 0.0558
vn 0.8287 -0.4192 -0.3709
vn 0.7094 -0.0453 -0.7033
vn 0.3991 0.3439 -0.8500
vn -0.0217 0.6419 -0.7664
vn -0.4377 0.7649 -0.4726
vn -0.7991 0.5906 -0.1124
vn -0.8755 0.3413 0.3421
vn -0.7124 -0.0005 0.7018
vn -0.3577 -0.3402 0.8697
vn 0.0891 -0.5866 0.8050
vn 0.5091 -0.6778 0.5305
vn 0.7960 -0.5933 0.1196
vn 0.8772 -0.3545 -0.3237
vn 0.7281 -0.0205 -0.6852
vn 0.3825 0.3218 -0.8661
vn -0.0692 0.5787 -0.8126
vn -0.5031 0.6777 -0.5363
vn -0.8534 0.4925 -0.1704
vn -0.9149 0.2702 0.3000
vn -0.7261 -0.0254 0.6871
vn -0.3422 -0.3123 0.8862
vn 0.1294 -0.5138 0.8481
vn 0.5635 -0.5795 0.5887
vn 0.8505 -0.4951 0.1778
vn 0.9175 -0.2818 -0.2806
vn 0.7435 0.0073 -0.6687
vn 0.3687 0.2970 -0.8808
vn -0.1086 0.5076 -0.8547
vn -0.5574 0.5797 -0.5943
vn -0.8957 0.3853 -0.2220
vn -0.9455 0.1924 0.2626
vn -0.7368 -0.0525 0.6740
vn -0.3302 -0.2818 0.9009
vn 0.1607 -0.4343 0.8863
vn 0.6059 -0.4721 0.6404
vn 0.8928 -0.3876 0.2294
vn 0.9489 -0.2022 -0.2424
vn 0.7555 0.0378 -0.6540
vn 0.3580 0.2698 -0.8939
vn -0.1392 0.4298 -0.8921
vn -0.5997 0.4725 -0.6459
vn -0.9251 0.2708 -0.2661
vn -0.9669 0.1093 0.2306
vn -0.7443 -0.0815 0.6629
vn -0.3219 -0.2492 0.9134
vn 0.1826 -0.3493 0.9191
vn 0.6354 -0.3573 0.6846
vn 0.9223 -0.2728 0.2736
vn 0.9707 -0.1172 -0.2096
vn 0.7639 0.0704 -0.6415
vn 0.3506 0.2408 -0.9051
vn -0.1606 0.3467 -0.9241
vn -0.6291 0.3579 -0.6900
vn -0.9413 0.1509 -0.3020
vn -0.9786 0.0223 0.2045
vn -0.7484 -0.1119 0.6538
vn -0.3173 -0.2151 0.9236
vn 0.1946 -0.2603 0.9457
vn 0.6516 -0.2371 0.7206
vn 0.9385 -0.1526 0.3097
vn 0.9827 -0.0283 -0.1830
vn 0.7685 0.1045 -0.6313
vn 0.3465 0.2104 -0.9142
vn -0.1723 0.2597 -0.9502
vn -0.6453 0.2380 -0.7259
vn -0.9439 0.0276 -0.3292
vn -0.9805 -0.0671 0.1848
vn -0.7490 -0.1431 0.6469
vn -0.3165 -0.1801 0.9313
vn 0.1965 -0.1688 0.9659
vn 0.6542 -0.1136 0.7478
vn 0.9411 -0.0291 0.3369
vn 0.9846 0.0632 -0.1628
vn 0.7692 0.1396 -0.6235
vn 0.3458 0.1792 -0.9210
vn -0.1742 0.1703 -0.9699
vn -0.6479 0.1147 -0.7531
vn -0.9328 -0.0969 -0.3471
vn -0.9725 -0.1573 0.1719
vn -0.7462 -0.1747 0.6423
vn -0.3197 -0.1447 0.9364
vn 0.1883 -0.0765 0.9791
vn 0.6431 0.0112 0.7657
vn 0.9300 0.0957 0.3548
vn 0.9764 0.1556 -0.1496
vn 0.7661 0.1750 -0.6185
vn 0.3486 0.1477 -0.9256
vn -0.1662 0.0800 -0.9828
vn -0.6368 -0.0097 -0.7709
vn -0.9084 -0.2204 -0.3554
vn -0.9547 -0.2470 0.1658
vn -0.7400 -0.2060 0.6402
vn -0.3266 -0.1095 0.9388
vn 0.1701 0.0152 0.9853
vn 0.6186 0.1350 0.7740
vn 0.9055 0.2195 0.3631
vn 0.9583 0.2472 -0.1434
vn 0.7591 0.2101 -0.6161
vn 0.3548 0.1164 -0.9277
vn -0.1484 -0.0096 -0.9889
vn -0.6124 -0.1333 -0.7793
vn -0.8709 -0.3410 -0.3540
vn -0.9275 -0.3344 0.1668
vn -0.7306 -0.2365 0.6406
vn -0.3373 -0.0752 0.9384
vn 0.1423 0.1047 0.9843
vn 0.5810 0.2558 0.7726
vn 0.8680 0.3403 0.3617
vn 0.9305 0.3367 -0.1444
vn 0.7485 0.2444 -0.6165
vn 0.3643 0.0858 -0.9273
vn -0.1212 -0.0970 -0.9879
vn -0.5749 -0.2538 -0.7779
vn -0.8210 -0.4564 -0.3429
vn -0.8914 -0.4182 0.1749
vn -0.7179 -0.2657 0.6434
vn -0.3515 -0.0424 0.9352
vn 0.1053 0.1903 0.9761
vn 0.5311 0.3715 0.7615
vn 0.8180 0.4560 0.3506
vn 0.8935 0.4223 -0.1526
vn 0.7343 0.2772 -0.6196
vn 0.3769 0.0566 -0.9245
vn -0.0851 -0.1808 -0.9798
vn -0.5250 -0.3693 -0.7668
vt 0.500000 0.500000
vt 0.520833 0.500000
vt 0.520833 0.583333
vt 0.500000 0.583333
vt 0.520833 0.666667
vt 0.500000 0.666667
vt 0.520833 0.750000
vt 0.500000 0.750000
vt 0.520833 0.833333
vt 0.500000 0.833333
vt 0.520833 0.916667
vt 0.500000 0.916667
vt 0.520833 1.000000
vt 0.500000 1.000000
vt 0.500000 0.000000
vt 0.520833 0.000000
vt 0.520833 0.083333
vt 0.500000 0.083333
vt 0.520833 0.166667
vt 0.500000 0.166667
vt 0.520833 0.250000
vt 0.500000 0.250000
vt 0.520833 0.333333
vt 0.500000 0.333333
vt 0.520833 0.416667
vt 0.500000 0.416667
vt 0.541667 0.500000
vt 0.541667 0.583333
vt 0.541667 0.666667
vt 0.541667 0.750000
vt 0.541667 0.833333
vt 0.541667 0.916667
vt 0.541667 1.000000
vt 0.541667 0.000000
vt 0.541667 0.083333
vt 0.541667 0.166667
vt 0.541667 0.250000
vt 0.541667 0.333333
vt 0.541667 0.416667
vt 0.562500 0.500000
vt 0.562500 0.583333
vt 0.562500 0.666667
vt 0.562500 0.750000
vt 0.562500 0.833333
vt 0.562500 0.916667
vt 0.562500 1.000000
vt 0.562500 0.000000
vt 0.562500 0.083333
vt 0.562500 0.166667
vt 0.562500 0.250000
vt 0.562500 0.333333
vt 0.562500 0.416667
vt 0.583333 0.500000
vt 0.583333 0.583333
vt 0.583333 0.666667
vt 0.583333 0.750000
vt 0.583333 0.833333
vt 0.583333 0.916667
vt 0.583333 1.000000
vt 0.583333 0.000000
vt 0.583333 0.083333
vt 0.583333 0.166667
vt 0.583333 0.250000
vt 0.583333 0.333333
vt 0.583333 0.416667
vt 0.604167 0.500000
vt 0.604167 0.583333
vt 0.604167 0.666667
vt 0.604167 0.750000
vt 0.604167 0.833333
vt 0.604167 0.916667
vt 0.604167 1.000000
vt 0.604167 0.000000
vt 0.604167 0.083333
vt 0.604167 0.166667
vt 0.604167 0.250000
vt 0.604167 0.333333
vt 0.604167 0.416667
vt 0.625000 0.500000
vt 0.625000 0.583333
vt 0.625000 0.666667
vt 0.625000 0.750000
vt 0.625000 0.833333
vt 0.625000 0.916667
vt 0.625000 1.000000
vt 0.625000 0.000000
vt 0.625000 0.083333
vt 0.625000 0.166667
vt 0.625000 0.250000
vt 0.625000 0.333333
vt 0.625000 0.416667
vt 0.645833 0.500000
vt 0.645833 0.583333
vt 0.645833 0.666667
vt 0.645833 0.750000
vt 0.645833 0.833333
vt 0.645833 0.916667
vt 0.645833 1.000000
vt 0.645833 0.000000
vt 0.645833 0.083333
vt 0.645833 0.166667
vt 0.645833 0.250000
vt 0.645833 0.333333
vt 0.645833 0.416667
vt 0.666667 0.500000
vt 0.666667 0.583333
vt 0.666667 0.666667
vt 0.666667 0.750000
vt 0.666667 0.833333
vt 0.666667 0.916667
vt 0.666667 1.000000
vt 0.666667 0.000000
vt 0.666667 0.083333
vt 0.666667 0.166667
vt 0.666667 0.250000
vt 0.666667 0.333333
vt 0.666667 0.416667
vt 0.687500 0.500000
vt 0.687500 0.583333
vt 0.687500 0.666667
vt 0.687500 0.750000
vt 0.687500 0.833333
vt 0.687500 0.916667
vt 0.687500 1.000000
vt 0.687500 0.000000
vt 0.687500 0.083333
vt 0.687500 0.166667
vt 0.687500 0.250000
vt 0.687500 0.333333
vt 0.687500 0.416667
vt 0.708333 0.500000
vt 0.708333 0.583333
vt 0.708333 0.666667
vt 0.708333 0.750000
vt 0.708333 0.833333
vt 0.708333 0.916667
vt 0.708333 1.000000
vt 0.708333 0.000000
vt 0.708333 0.083333
vt 0.708333 0.166667
vt 0.708333 0.250000
vt 0.708333 0.333333
vt 0.708333 0.416667
vt 0.729167 0.500000
vt 0.729167 0.583333
vt 0.729167 0.666667
vt 0.729167 0.750000
vt 0.729167 0.833333
vt 0.729167 0.916667
vt 0.729167 1.000000
vt 0.729167 0.000000
vt 0.729167 0.083333
vt 0.729167 0.166667
vt 0.729167 0.250000
vt 0.729167 0.333333
vt 0.729167 0.416667
vt 0.750000 0.500000
vt 0.750000 0.583333
vt 0.750000 0.666667
vt 0.750000 0.750000
vt 0.750000 0.833333
vt 0.750000 0.916667
vt 0.750000 1.000000
vt 0.750000 0.000000
vt 0.750000 0.083333
vt 0.750000 0.166667
vt 0.750000 0.250000
vt 0.750000 0.333333
vt 0.750000 0.416667
vt 0.770833 0.500000
vt 0.770833 0.583333
vt 0.770833 0.666667
vt 0.770833 0.750000
vt 0.770833 0.833333
vt 0.770833 0.916667
vt 0.770833 1.000000
vt 0.770833 0.000000
vt 0.770833 0.083333
vt 0.770833 0.166667
vt 0.770833 0.250000
vt 0.770833 0.333333
vt 0.770833 0.416667
vt 0.791667 0.500000
vt 0.791667 0.583333
vt 0.791667 0.666667
vt 0.791667 0.750000
vt 0.791667 0.833333
vt 0.791667 0.916667
vt 0.791667 1.000000
vt 0.791667 0.000000
vt 0.791667 0.083333
vt 0.791667 0.166667
vt 0.791667 0.250000
vt 0.791667 0.333333
vt 0.791667 0.416667
vt 0.812500 0.500000
vt 0.812500 0.583333
vt 0.812500 0.666667
vt 0.812500 0.750000
vt 0.812500 0.833333
vt 0.812500 0.916667
vt 0.812500 1.000000
vt 0.812500 0.000000
vt 0.812500 0.083333
vt 0.812500 0.166667
vt 0.812500 0.250000
vt 0.812500 0.333333
vt 0.812500 0.416667
vt 0.833333 0.500000
vt 0.833333 0.583333
vt 0.833333 0.666667
vt 0.833333 0.750000
vt 0.833333 0.833333
vt 0.833333 0.916667
vt 0.833333 1.000000
vt 0.833333 0.000000
vt 0.833333 0.083333
vt 0.833333 0.166667
vt 0.833333 0.250000
vt 0.833333 0.333333
vt 0.833333 0.416667
vt 0.854167 0.500000
vt 0.854167 0.583333
vt 0.854167 0.666667
vt 0.854167 0.750000
vt 0.854167 0.833333
vt 0.854167 0.916667
vt 0.854167 1.000000
vt 0.854167 0.000000
vt 0.854167 0.083333
vt 0.854167 0.166667
vt 0.854167 0.250000
vt 0.854167 0.333333
vt 0.854167 0.416667
vt 0.875000 0.500000
vt 0.875000 0.583333
vt 0.875000 0.666667
vt 0.875000 0.750000
vt 0.875000 0.833333
vt 0.875000 0.916667
vt 0.875000 1.000000
vt 0.875000 0.000000
vt 0.875000 0.083333
vt 0.875000 0.166667
vt 0.875000 0.250000
vt 0.875000 0.333333
vt 0.875000 0.416667
vt 0.895833 0.500000
vt 0.895833 0.583333
vt 0.895833 0.666667
vt 0.895833 0.750000
vt 0.895833 0.833333
vt 0.895833 0.916667
vt 0.895833 1.000000
vt 0.895833 0.000000
vt 0.895833 0.083333
vt 0.895833 0.166667
vt 0.895833 0.250000
vt 0.895833 0.333333
vt 0.895833 0.416667
vt 0.916667 0.500000
vt 0.916667 0.583333
vt 0.916667 0.666667
vt 0.916667 0.750000
vt 0.916667 0.833333
vt 0.916667 0.916667
vt 0.916667 1.000000
vt 0.916667 0.000000
vt 0.916667 0.083333
vt 0.916667 0.166667
vt 0.916667 0.250000
vt 0.916667 0.333333
vt 0.916667 0.416667
vt 0.937500 0.500000
vt 0.937500 0.583333
vt 0.937500 0.666667
vt 0.937500 0.750000
vt 0.937500 0.833333
vt 0.937500 0.916667
vt 0.937500 1.000000
vt 0.937500 0.000000
vt 0.937500 0.083333
vt 0.937500 0.166667
vt 0.937500 0.250000
vt 0.937500 0.333333
vt 0.937500 0.416667
vt 0.958333 0.500000
vt 0.958333 0.583333
vt 0.958333 0.666667
vt 0.958333 0.750000
vt 0.958333 0.833333
vt 0.958333 0.916667
vt 0.958333 1.000000
vt 0.958333 0.000000
vt 0.958333 0.083333
vt 0.958333 0.166667
vt 0.958333 0.250000
vt 0.958333 0.333333
vt 0.958333 0.416667
vt 0.979167 0.500000
vt 0.979167 0.583333
vt 0.979167 0.666667
vt 0.979167 0.750000
vt 0.979167 0.833333
vt 0.979167 0.916667
vt 0.979167 1.000000
vt 0.979167 0.000000
vt 0.979167 0.083333
vt 0.979167 0.166667
vt 0.979167 0.250000
vt 0.979167 0.333333
vt 0.979167 0.416667
vt 1.000000 0.500000
vt 1.000000 0.583333
vt 1.000000 0.666667
vt 1.000000 0.750000
vt 1.000000 0.833333
vt 1.000000 0.916667
vt 1.000000 1.000000
vt 1.000000 0.000000
vt 1.000000 0.083333
vt 1.000000 0.166667
vt 1.000000 0.250000
vt 1.000000 0.333333
vt 1.000000 0.416667
vt 0.000000 0.500000
vt 0.020833 0.500000
vt 0.020833 0.583333
vt 0.000000 0.583333
vt 0.020833 0.666667
vt 0.000000 0.666667
vt 0.020833 0.750000
vt 0.000000 0.750000
vt 0.020833 0.833333
vt 0.000000 0.833333
vt 0.020833 0.916667
vt 0.000000 0.916667
vt 0.020833 1.000000
vt 0.000000 1.000000
vt 0.000000 0.000000
vt 0.020833 0.000000
vt 0.020833 0.083333
vt 0.000000 0.083333
vt 0.020833 0.166667
vt 0.000000 0.166667
vt 0.020833 0.250000
vt 0.000000 0.250000
vt 0.020833 0.333333
vt 0.000000 0.333333
vt 0.020833 0.416667
vt 0.000000 0.416667
vt 0.041667 0.500000
vt 0.041667 0.583333
vt 0.041667 0.666667
vt 0.041667 0.750000
vt 0.041667 0.833333
vt 0.041667 0.916667
vt 0.041667 1.000000
vt 0.041667 0.000000
vt 0.041667 0.083333
vt 0.041667 0.166667
vt 0.041667 0.250000
vt 0.041667 0.333333
vt 0.041667 0.416667
vt 0.062500 0.500000
vt 0.062500 0.583333
vt 0.062500 0.666667
vt 0.062500 0.750000
vt 0.062500 0.833333
vt 0.062500 0.916667
vt 0.062500 1.000000
vt 0.062500 0.000000
vt 0.062500 0.083333
vt 0.062500 0.166667
vt 0.062500 0.250000
vt 0.062500 0.333333
vt 0.062500 0.416667
vt 0.083333 0.500000
vt 0.083333 0.583333
vt 0.083333 0.666667
vt 0.083333 0.750000
vt 0.083333 0.833333
vt 0.083333 0.916667
vt 0.083333 1.000000
vt 0.083333 0.000000
vt 0.083333 0.083333
vt 0.083333 0.166667
vt 0.083333 0.250000
vt 0.083333 0.333333
vt 0.083333 0.416667
vt 0.104167 0.500000
vt 0.104167 0.583333
vt 0.104167 0.666667
vt 0.104167 0.750000
vt 0.104167 0.833333
vt 0.104167 0.916667
vt 0.104167 1.000000
vt 0.104167 0.000000
vt 0.104167 0.083333
vt 0.104167 0.166667
vt 0.104167 0.250000
vt 0.104167 0.333333
vt 0.104167 0.416667
vt 0.125000 0.500000
vt 0.125000 0.583333
vt 0.125000 0.666667
vt 0.125000 0.750000
vt 0.125000 0.833333
vt 0.125000 0.916667
vt 0.125000 1.000000
vt 0.125000 0.000000
vt 0.125000 0.083333
vt 0.125000 0.166667
vt 0.125000 0.250000
vt 0.125000 0.333333
vt 0.125000 0.416667
vt 0.145833 0.500000
vt 0.145833 0.583333
vt 0.145833 0.666667
vt 0.145833 0.750000
vt 0.145833 0.833333
vt 0.145833 0.916667
vt 0.145833 1.000000
vt 0.145833 0.000000
vt 0.145833 0.083333
vt 0.145833 0.166667
vt 0.145833 0.250000
vt 0.145833 0.333333
vt 0.145833 0.416667
vt 0.166667 0.500000
vt 0.166667 0.583333
vt 0.166667 0.666667
vt 0.166667 0.750000
vt 0.166667 0.833333
vt 0.166667 0.916667
vt 0.166667 1.000000
vt 0.166667 0.000000
vt 0.166667 0.083333
vt 0.166667 0.166667
vt 0.166667 0.250000
vt 0.166667 0.333333
vt 0.166667 0.416667
vt 0.187500 0.500000
vt 0.187500 0.583333
vt 0.187500 0.666667
vt 0.187500 0.750000
vt 0.187500 0.833333
vt 0.187500 0.916667
vt 0.187500 1.000000
vt 0.187500 0.000000
vt 0.187500 0.083333
vt 0.187500 0.166667
vt 0.187500 0.250000
vt 0.187500 0.333333
vt 0.187500 0.416667
vt 0.208333 0.500000
vt 0.208333 0.583333
vt 0.208333 0.666667
vt 0.208333 0.750000
vt 0.208333 0.833333
vt 0.208333 0.916667
vt 0.208333 1.000000
vt 0.208333 0.000000
vt 0.208333 0.083333
vt 0.208333 0.166667
vt 0.208333 0.250000
vt 0.208333 0.333333
vt 0.208333 0.416667
vt 0.229167 0.500000
vt 0.229167 0.583333
vt 0.229167 0.666667
vt 0.229167 0.750000
vt 0.229167 0.833333
vt 0.229167 0.916667
vt 0.229167 1.000000
vt 0.229167 0.000000
vt 0.229167 0.083333
vt 0.229167 0.166667
vt 0.229167 0.250000
vt 0.229167 0.333333
vt 0.229167 0.416667
vt 0.250000 0.500000
vt 0.250000 0.583333
vt 0.250000 0.666667
vt 0.250000 0.750000
vt 0.250000 0.833333
vt 0.250000 0.916667
vt 0.250000 1.000000
vt 0.250000 0.000000
vt 0.250000 0.083333
vt 0.250000 0.166667
vt 0.250000 0.250000
vt 0.250000 0.333333
vt 0.250000 0.416667
vt 0.270833 0.500000
vt 0.270833 0.583333
vt 0.270833 0.666667
vt 0.270833 0.750000
vt 0.270833 0.833333
vt 0.270833 0.916667
vt 0.270833 1.000000
vt 0.270833 0.000000
vt 0.270833 0.083333
vt 0.270833 0.166667
vt 0.270833 0.250000
vt 0.270833 0.333333
vt 0.270833 0.416667
vt 0.291667 0.500000
vt 0.291667 0.583333
vt 0.291667 0.666667
vt 0.291667 0.750000
vt 0.291667 0.833333
vt 0.291667 0.916667
vt 0.291667 1.000000
vt 0.291667 0.000000
vt 0.291667 0.083333
vt 0.291667 0.166667
vt 0.291667 0.250000
vt 0.291667 0.333333
vt 0.291667 0.416667
vt 0.312500 0.500000
vt 0.312500 0.583333
vt 0.312500 0.666667
vt 0.312500 0.750000
vt 0.312500 0.833333
vt 0.312500 0.916667
vt 0.312500 1.000000
vt 0.312500 0.000000
vt 0.312500 0.083333
vt 0.312500 0.166667
vt 0.312500 0.250000
vt 0.312500 0.333333
vt 0.312500 0.416667
vt 0.333333 0.500000
vt 0.333333 0.583333
vt 0.333333 0.666667
vt 0.333333 0.750000
vt 0.333333 0.833333
vt 0.333333 0.916667
vt 0.333333 1.000000
vt 0.333333 0.000000
vt 0.333333 0.083333
vt 0.333333 0.166667
vt 0.333333 0.250000
vt 0.333333 0.333333
vt 0.333333 0.416667
vt 0.354167 0.500000
vt 0.354167 0.583333
vt 0.354167 0.666667
vt 0.354167 0.750000
vt 0.354167 0.833333
vt 0.354167 0.916667
vt 0.354167 1.000000
vt 0.354167 0.000000
vt 0.354167 0.083333
vt 0.354167 0.166667
vt 0.354167 0.250000
vt 0.354167 0.333333
vt 0.354167 0.416667
vt 0.375000 0.500000
vt 0.375000 0.583333
vt 0.375000 0.666667
vt 0.375000 0.750000
vt 0.375000 0.833333
vt 0.375000 0.916667
vt 0.375000 1.000000
vt 0.375000 0.000000
vt 0.375000 0.083333
vt 0.375000 0.166667
vt 0.375000 0.250000
vt 0.375000 0.333333
vt 0.375000 0.416667
vt 0.395833 0.500000
vt 0.395833 0.583333
vt 0.395833 0.666667
vt 0.395833 0.750000
vt 0.395833 0.833333
vt 0.395833 0.916667
vt 0.395833 1.000000
vt 0.395833 0.000000
vt 0.395833 0.083333
vt 0.395833 0.166667
vt 0.395833 0.250000
vt 0.395833 0.333333
vt 0.395833 0.416667
vt 0.416667 0.500000
vt 0.416667 0.583333
vt 0.416667 0.666667
vt 0.416667 0.750000
vt 0.416667 0.833333
vt 0.416667 0.916667
vt 0.416667 1.000000
vt 0.416667 0.000000
vt 0.416667 0.083333
vt 0.416667 0.166667
vt 0.416667 0.250000
vt 0.416667 0.333333
vt 0.416667 0.416667
vt 0.437500 0.500000
vt 0.437500 0.583333
vt 0.437500 0.666667
vt 0.437500 0.750000
vt 0.437500 0.833333
vt 0.437500 0.916667
vt 0.437500 1.000000
vt 0.437500 0.000000
vt 0.437500 0.083333
vt 0.437500 0.166667
vt 0.437500 0.250000
vt 0.437500 0.333333
vt 0.437500 0.416667
vt 0.458333 0.500000
vt 0.458333 0.583333
vt 0.458333 0.666667
vt 0.458333 0.750000
vt 0.458333 0.833333
vt 0.458333 0.916667
vt 0.458333 1.000000
vt 0.458333 0.000000
vt 0.458333 0.083333
vt 0.458333 0.166667
vt 0.458333 0.250000
vt 0.458333 0.333333
vt 0.458333 0.416667
vt 0.479167 0.500000
vt 0.479167 0.583333
vt 0.479167 0.666667
vt 0.479167 0.750000
vt 0.479167 0.833333
vt 0.479167 0.916667
vt 0.479167 1.000000
vt 0.479167 0.000000
vt 0.479167 0.083333
vt 0.479167 0.166667
vt 0.479167 0.250000
vt 0.479167 0.333333
vt 0.479167 0.416667
s 0
f 2167/2309/1954 2179/2310/1954 2180/2311/1954 2168/2312/1954
f 2168/2312/1955 2180/2311/1955 2181/2313/1955 2169/2314/1955
f 2169/2314/1956 2181/2313/1956 2182/2315/1956 2170/2316/1956
f 2170/2316/1957 2182/2315/1957 2183/2317/1957 2171/2318/1957
f 2171/2318/1958 2183/2317/1958 2184/2319/1958 2172/2320/1958
f 2172/2320/1959 2184/2319/1959 2185/2321/1959 2173/2322/1959
f 2173/2323/1960 2185/2324/1960 2186/2325/1960 2174/2326/1960
f 2174/2326/1961 2186/2325/1961 2187/2327/1961 2175/2328/1961
f 2175/2328/1962 2187/2327/1962 2188/2329/1962 2176/2330/1962
f 2176/2330/1963 2188/2329/1963 2189/2331/1963 2177/2332/1963
f 2177/2332/1964 2189/2331/1964 2190/2333/1964 2178/2334/1964
f 2178/2334/1965 2190/2333/1965 2179/2310/1965 2167/2309/1965
f 2179/2310/1966 2191/2335/1966 2192/2336/1966 2180/2311/1966
f 2180/2311/1967 2192/2336/1967 2193/2337/1967 2181/2313/1967
f 2181/2313/1968 2193/2337/1968 2194/2338/1968 2182/2315/1968
f 2182/2315/1969 2194/2338/1969 2195/2339/1969 2183/2317/1969
f 2183/2317/1970 2195/2339/1970 2196/2340/1970 2184/2319/1970
f 2184/2319/1971 2196/2340/1971 2197/2341/1971 2185/2321/1971
f 2185/2324/1972 2197/2342/1972 2198/2343/1972 2186/2325/1972
f 2186/2325/1973 2198/2343/1973 2199/2344/1973 2187/2327/1973
f 2187/2327/1974 2199/2344/1974 2200/2345/1974 2188/2329/1974
f 2188/2329/1975 2200/2345/1975 2201/2346/1975 2189/2331/1975
f 2189/2331/1976 2201/2346/1976 2202/2347/1976 2190/2333/1976
f 2190/2333/1977 2202/2347/1977 2191/2335/1977 2179/2310/1977
f 2191/2335/1978 2203/2348/1978 2204/2349/1978 2192/2336/1978
f 2192/2336/1979 2204/2349/1979 2205/2350/1979 2193/2337/1979
f 2193/2337/1980 2205/2350/1980 2206/2351/1980 2194/2338/1980
f 2194/2338/1981 2206/2351/1981 2207/2352/1981 2195/2339/1981
f 2195/2339/1982 2207/2352/1982 2208/2353/1982 2196/2340/1982
f 2196/2340/1983 2208/2353/1983 2209/2354/1983 2197/2341/1983
f 2197/2342/1984 2209/2355/1984 2210/2356/1984 2198/2343/1984
f 2198/2343/1985 2210/2356/1985 2211/2357/1985 2199/2344/1985
f 2199/2344/1986 2211/2357/1986 2212/2358/1986 2200/2345/1986
f 2200/2345/1987 2212/2358/1987 2213/2359/1987 2201/2346/1987
f 2201/2346/1988 2213/2359/1988 2214/2360/1988 2202/2347/1988
f 2202/2347/1989 2214/2360/1989 2203/2348/1989 2191/2335/1989
f 2203/2348/1990 2215/2361/1990 2216/2362/1990 2204/2349/1990
f 2204/2349/1991 2216/2362/1991 2217/2363/1991 2205/2350/1991
f 2205/2350/1992 2217/2363/1992 2218/2364/1992 2206/2351/1992
f 2206/2351/1993 2218/2364/1993 2219/2365/1993 2207/2352/1993
f 2207/2352/1994 2219/2365/1994 2220/2366/1994 2208/2353/1994
f 2208/2353/1995 2220/2366/1995 2221/2367/1995 2209/2354/1995
f 2209/2355/1996 2221/2368/1996 2222/2369/1996 2210/2356/1996
f 2210/2356/1997 2222/2369/1997 2223/2370/1997 2211/2357/1997
f 2211/2357/1998 2223/2370/1998 2224/2371/1998 2212/2358/1998
f 2212/2358/1999 2224/2371/1999 2225/2372/1999 2213/2359/1999
f 2213/2359/2000 2225/2372/2000 2226/2373/2000 2214/2360/2000
f 2214/2360/2001 2226/2373/2001 2215/2361/2001 2203/2348/2001
f 2215/2361/2002 2227/2374/2002 2228/2375/2002 2216/2362/2002
f 2216/2362/2003 2228/2375/2003 2229/2376/2003 2217/2363/2003
f 2217/2363/2004 2229/2376/2004 2230/2377/2004 2218/2364/2004
f 2218/2364/2005 2230/2377/2005 2231/2378/2005 2219/2365/2005
f 2219/2365/2006 2231/2378/2006 2232/2379/2006 2220/2366/2006
f 2220/2366/2007 2232/2379/2007 2233/2380/2007 2221/2367/2007
f 2221/2368/2008 2233/2381/2008 2234/2382/2008 2222/2369/2008
f 2222/2369/2009 2234/2382/2009 2235/2383/2009 2223/2370/2009
f 2223/2370/2010 2235/2383/2010 2236/2384/2010 2224/2371/2010
f 2224/2371/2011 2236/2384/2011 2237/2385/2011 2225/2372/2011
f 2225/2372/2012 2237/2385/2012 2238/2386/2012 2226/2373/2012
f 2226/2373/2013 2238/2386/2013 2227/2374/2013 2215/2361/2013
f 2227/2374/2014 2239/2387/2014 2240/2388/2014 2228/2375/2014
f 2228/2375/2015 2240/2388/2015 2241/2389/2015 2229/2376/2015
f 2229/2376/2016 2241/2389/2016 2242/2390/2016 2230/2377/2016
f 2230/2377/2017 2242/2390/2017 2243/2391/2017 2231/2378/2017
f 2231/2378/2018 2243/2391/2018 2244/2392/2018 2232/2379/2018
f 2232/2379/2019 2244/2392/2019 2245/2393/2019 2233/2380/2019
f 2233/2381/2020 2245/2394/2020 2246/2395/2020 2234/2382/2020
f 2234/2382/2021 2246/2395/2021 2247/2396/2021 2235/2383/2021
f 2235/2383/2022 2247/2396/2022 2248/2397/2022 2236/2384/2022
f 2236/2384/2023 2248/2397/2023 2249/2398/2023 2237/2385/2023
f 2237/2385/2024 2249/2398/2024 2250/2399/2024 2238/2386/2024
f 2238/2386/2025 2250/2399/2025 2239/2387/2025 2227/2374/2025
f 2239/2387/2026 2251/2400/2026 2252/2401/2026 2240/2388/2026
f 2240/2388/2027 2252/2401/2027 2253/2402/2027 2241/2389/2027
f 2241/2389/2028 2253/2402/2028 2254/2403/2028 2242/2390/2028
f 2242/2390/2029 2254/2403/2029 2255/2404/2029 2243/2391/2029
f 2243/2391/2030 2255/2404/2030 2256/2405/2030 2244/2392/2030
f 2244/2392/2031 2256/2405/2031 2257/2406/2031 2245/2393/2031
f 2245/2394/2032 2257/2407/2032 2258/2408/2032 2246/2395/2032
f 2246/2395/2033 2258/2408/2033 2259/2409/2033 2247/2396/2033
f 2247/2396/2034 2259/2409/2034 2260/2410/2034 2248/2397/2034
f 2248/2397/2035 2260/2410/2035 2261/2411/2035 2249/2398/2035
f 2249/2398/2036 2261/2411/2036 2262/2412/2036 2250/2399/2036
f 2250/2399/2037 2262/2412/2037 2251/2400/2037 2239/2387/2037
f 2251/2400/2038 2263/2413/2038 2264/2414/2038 2252/2401/2038
f 2252/2401/2039 2264/2414/2039 2265/2415/2039 2253/2402/2039
f 2253/2402/2040 2265/2415/2040 2266/2416/2040 2254/2403/2040
f 2254/2403/2041 2266/2416/2041 2267/2417/2041 2255/2404/2041
f 2255/2404/2042 2267/2417/2042 2268/2418/2042 2256/2405/2042
f 2256/2405/2043 2268/2418/2043 2269/2419/2043 2257/2406/2043
f 2257/2407/2044 2269/2420/2044 2270/2421/2044 2258/2408/2044
f 2258/2408/2045 2270/2421/2045 2271/2422/2045 2259/2409/2045
f 2259/2409/2046 2271/2422/2046 2272/2423/2046 2260/2410/2046
f 2260/2410/2047 2272/2423/2047 2273/2424/2047 2261/2411/2047
f 2261/2411/2048 2273/2424/2048 2274/2425/2048 2262/2412/2048
f 2262/2412/2049 2274/2425/2049 2263/2413/2049 2251/2400/2049
f 2263/2413/2050 2275/2426/2050 2276/2427/2050 2264/2414/2050
f 2264/2414/2051 2276/2427/2051 2277/2428/2051 2265/2415/2051
f 2265/2415/2052 2277/2428/2052 2278/2429/2052 2266/2416/2052
f 2266/2416/2053 2278/2429/2053 2279/2430/2053 2267/2417/2053
f 2267/2417/2054 2279/2430/2054 2280/2431/2054 2268/2418/2054
f 2268/2418/2055 2280/2431/2055 2281/2432/2055 2269/2419/2055
f 2269/2420/2056 2281/2433/2056 2282/2434/2056 2270/2421/2056
f 2270/2421/2057 2282/2434/2057 2283/2435/2057 2271/2422/2057
f 2271/2422/2058 2283/2435/2058 2284/2436/2058 2272/2423/2058
f 2272/2423/2059 2284/2436/2059 2285/2437/2059 2273/2424/2059
f 2273/2424/2060 2285/2437/2060 2286/2438/2060 2274/2425/2060
f 2274/2425/2061 2286/2438/2061 2275/2426/2061 2263/2413/2061
f 2275/2426/2062 2287/2439/2062 2288/2440/2062 2276/2427/2062
f 2276/2427/2063 2288/2440/2063 2289/2441/2063 2277/2428/2063
f 2277/2428/2064 2289/2441/2064 2290/2442/2064 2278/2429/2064
f 2278/2429/2065 2290/2442/2065 2291/2443/2065 2279/2430/2065
f 2279/2430/2066 2291/2443/2066 2292/2444/2066 2280/2431/2066
f 2280/2431/2067 2292/2444/2067 2293/2445/2067 2281/2432/2067
f 2281/2433/2068 2293/2446/2068 2294/2447/2068 2282/2434/2068
f 2282/2434/2069 2294/2447/2069 2295/2448/2069 2283/2435/2069
f 2283/2435/2070 2295/2448/2070 2296/2449/2070 2284/2436/2070
f 2284/2436/2071 2296/2449/2071 2297/2450/2071 2285/2437/2071
f 2285/2437/2072 2297/2450/2072 2298/2451/2072 2286/2438/2072
f 2286/2438/2073 2298/2451/2073 2287/2439/2073 2275/2426/2073
f 2287/2439/2074 2299/2452/2074 2300/2453/2074 2288/2440/2074
f 2288/2440/2075 2300/2453/2075 2301/2454/2075 2289/2441/2075
f 2289/2441/2076 2301/2454/2076 2302/2455/2076 2290/2442/2076
f 2290/2442/2077 2302/2455/2077 2303/2456/2077 2291/2443/2077
f 2291/2443/2078 2303/2456/2078 2304/2457/2078 2292/2444/2078
f 2292/2444/2079 2304/2457/2079 2305/2458/2079 2293/2445/2079
f 2293/2446/2080 2305/2459/2080 2306/2460/2080 2294/2447/2080
f 2294/2447/2081 2306/2460/2081 2307/2461/2081 2295/2448/2081
f 2295/2448/2082 2307/2461/2082 2308/2462/2082 2296/2449/2082
f 2296/2449/2083 2308/2462/2083 2309/2463/2083 2297/2450/2083
f 2297/2450/2084 2309/2463/2084 2310/2464/2084 2298/2451/2084
f 2298/2451/2085 2310/2464/2085 2299/2452/2085 2287/2439/2085
f 2299/2452/2086 2311/2465/2086 2312/2466/2086 2300/2453/2086
f 2300/2453/2087 2312/2466/2087 2313/2467/2087 2301/2454/2087
f 2301/2454/2088 2313/2467/2088 2314/2468/2088 2302/2455/2088
f 2302/2455/2089 2314/2468/2089 2315/2469/2089 2303/2456/2089
f 2303/2456/2090 2315/2469/2090 2316/2470/2090 2304/2457/2090
f 2304/2457/2091 2316/2470/2091 2317/2471/2091 2305/2458/2091
f 2305/2459/2092 2317/2472/2092 2318/2473/2092 2306/2460/2092
f 2306/2460/2093 2318/2473/2093 2319/2474/2093 2307/2461/2093
f 2307/2461/2094 2319/2474/2094 2320/2475/2094 2308/2462/2094
f 2308/2462/2095 2320/2475/2095 2321/2476/2095 2309/2463/2095
f 2309/2463/2096 2321/2476/2096 2322/2477/2096 2310/2464/2096
f 2310/2464/2097 2322/2477/2097 2311/2465/2097 2299/2452/2097
f 2311/2465/2098 2323/2478/2098 2324/2479/2098 2312/2466/2098
f 2312/2466/2099 2324/2479/2099 2325/2480/2099 2313/2467/2099
f 2313/2467/2100 2325/2480/2100 2326/2481/2100 2314/2468/2100
f 2314/2468/2101 2326/2481/2101 2327/2482/2101 2315/2469/2101
f 2315/2469/2102 2327/2482/2102 2328/2483/2102 2316/2470/2102
f 2316/2470/2103 2328/2483/2103 2329/2484/2103 2317/2471/2103
f 2317/2472/2104 2329/2485/2104 2330/2486/2104 2318/2473/2104
f 2318/2473/2105 2330/2486/2105 2331/2487/2105 2319/2474/2105
f 2319/2474/2106 2331/2487/2106 2332/2488/2106 2320/2475/2106
f 2320/2475/2107 2332/2488/2107 2333/2489/2107 2321/2476/2107
f 2321/2476/2108 2333/2489/2108 2334/2490/2108 2322/2477/2108
f 2322/2477/2109 2334/2490/2109 2323/2478/2109 2311/2465/2109
f 2323/2478/2110 2335/2491/2110 2336/2492/2110 2324/2479/2110
f 2324/2479/2111 2336/2492/2111 2337/2493/2111 2325/2480/2111
f 2325/2480/2112 2337/2493/2112 2338/2494/2112 2326/2481/2112
f 2326/2481/2113 2338/2494/2113 2339/2495/2113 2327/2482/2113
f 2327/2482/2114 2339/2495/2114 2340/2496/2114 2328/2483/2114
f 2328/2483/2115 2340/2496/2115 2341/2497/2115 2329/2484/2115
f 2329/2485/2116 2341/2498/2116 2342/2499/2116 2330/2486/2116
f 2330/2486/2117 2342/2499/2117 2343/2500/2117 2331/2487/2117
f 2331/2487/2118 2343/2500/2118 2344/2501/2118 2332/2488/2118
f 2332/2488/2119 2344/2501/2119 2345/2502/2119 2333/2489/2119
f 2333/2489/2120 2345/2502/2120 2346/2503/2120 2334/2490/2120
f 2334/2490/2121 2346/2503/2121 2335/2491/2121 2323/2478/2121
f 2335/2491/2122 2347/2504/2122 2348/2505/2122 2336/2492/2122
f 2336/2492/2123 2348/2505/2123 2349/2506/2123 2337/2493/2123
f 2337/2493/2124 2349/2506/2124 2350/2507/2124 2338/2494/2124
f 2338/2494/2125 2350/2507/2125 2351/2508/2125 2339/2495/2125
f 2339/2495/2126 2351/2508/2126 2352/2509/2126 2340/2496/2126
f 2340/2496/2127 2352/2509/2127 2353/2510/2127 2341/2497/2127
f 2341/2498/2128 2353/2511/2128 2354/2512/2128 2342/2499/2128
f 2342/2499/2129 2354/2512/2129 2355/2513/2129 2343/2500/2129
f 2343/2500/2130 2355/2513/2130 2356/2514/2130 2344/2501/2130
f 2344/2501/2131 2356/2514/2131 2357/2515/2131 2345/2502/2131
f 2345/2502/2132 2357/2515/2132 2358/2516/2132 2346/2503/2132
f 2346/2503/2133 2358/2516/2133 2347/2504/2133 2335/2491/2133
f 2347/2504/2134 2359/2517/2134 2360/2518/2134 2348/2505/2134
f 2348/2505/2135 2360/2518/2135 2361/2519/2135 2349/2506/2135
f 2349/2506/2136 2361/2519/2136 2362/2520/2136 2350/2507/2136
f 2350/2507/2137 2362/2520/2137 2363/2521/2137 2351/2508/2137
f 2351/2508/2138 2363/2521/2138 2364/2522/2138 2352/2509/2138
f 2352/2509/2139 2364/2522/2139 2365/2523/2139 2353/2510/2139
f 2353/2511/2140 2365/2524/2140 2366/2525/2140 2354/2512/2140
f 2354/2512/2141 2366/2525/2141 2367/2526/2141 2355/2513/2141
f 2355/2513/2142 2367/2526/2142 2368/2527/2142 2356/2514/2142
f 2356/2514/2143 2368/2527/2143 2369/2528/2143 2357/2515/2143
f 2357/2515/2144 2369/2528/2144 2370/2529/2144 2358/2516/2144
f 2358/2516/2145 2370/2529/2145 2359/2517/2145 2347/2504/2145
f 2359/2517/2146 2371/2530/2146 2372/2531/2146 2360/2518/2146
f 2360/2518/2147 2372/2531/2147 2373/2532/2147 2361/2519/2147
f 2361/2519/2148 2373/2532/2148 2374/2533/2148 2362/2520/2148
f 2362/2520/2149 2374/2533/2149 2375/2534/2149 2363/2521/2149
f 2363/2521/2150 2375/2534/2150 2376/2535/2150 2364/2522/2150
f 2364/2522/2151 2376/2535/2151 2377/2536/2151 2365/2523/2151
f 2365/2524/2152 2377/2537/2152 2378/2538/2152 2366/2525/2152
f 2366/2525/2153 2378/2538/2153 2379/2539/2153 2367/2526/2153
f 2367/2526/2154 2379/2539/2154 2380/2540/2154 2368/2527/2154
f 2368/2527/2155 2380/2540/2155 2381/2541/2155 2369/2528/2155
f 2369/2528/2156 2381/2541/2156 2382/2542/2156 2370/2529/2156
f 2370/2529/2157 2382/2542/2157 2371/2530/2157 2359/2517/2157
f 2371/2530/2158 2383/2543/2158 2384/2544/2158 2372/2531/2158
f 2372/2531/2159 2384/2544/2159 2385/2545/2159 2373/2532/2159
f 2373/2532/2160 2385/2545/2160 2386/2546/2160 2374/2533/2160
f 2374/2533/2161 2386/2546/2161 2387/2547/2161 2375/2534/2161
f 2375/2534/2162 2387/2547/2162 2388/2548/2162 2376/2535/2162
f 2376/2535/2163 2388/2548/2163 2389/2549/2163 2377/2536/2163
f 2377/2537/2164 2389/2550/2164 2390/2551/2164 2378/2538/2164
f 2378/2538/2165 2390/2551/2165 2391/2552/2165 2379/2539/2165
f 2379/2539/2166 2391/2552/2166 2392/2553/2166 2380/2540/2166
f 2380/2540/2167 2392/2553/2167 2393/2554/2167 2381/2541/2167
f 2381/2541/2168 2393/2554/2168 2394/2555/2168 2382/2542/2168
f 2382/2542/2169 2394/2555/2169 2383/2543/2169 2371/2530/2169
f 2383/2543/2170 2395/2556/2170 2396/2557/2170 2384/2544/2170
f 2384/2544/2171 2396/2557/2171 2397/2558/2171 2385/2545/2171
f 2385/2545/2172 2397/2558/2172 2398/2559/2172 2386/2546/2172
f 2386/2546/2173 2398/2559/2173 2399/2560/2173 2387/2547/2173
f 2387/2547/2174 2399/2560/2174 2400/2561/2174 2388/2548/2174
f 2388/2548/2175 2400/2561/2175 2401/2562/2175 2389/2549/2175
f 2389/2550/2176 2401/2563/2176 2402/2564/2176 2390/2551/2176
f 2390/2551/2177 2402/2564/2177 2403/2565/2177 2391/2552/2177
f 2391/2552/2178 2403/2565/2178 2404/2566/2178 2392/2553/2178
f 2392/2553/2179 2404/2566/2179 2405/2567/2179 2393/2554/2179
f 2393/2554/2180 2405/2567/2180 2406/2568/2180 2394/2555/2180
f 2394/2555/2181 2406/2568/2181 2395/2556/2181 2383/2543/2181
f 2395/2556/2182 2407/2569/2182 2408/2570/2182 2396/2557/2182
f 2396/2557/2183 2408/2570/2183 2409/2571/2183 2397/2558/2183
f 2397/2558/2184 2409/2571/2184 2410/2572/2184 2398/2559/2184
f 2398/2559/2185 2410/2572/2185 2411/2573/2185 2399/2560/2185
f 2399/2560/2186 2411/2573/2186 2412/2574/2186 2400/2561/2186
f 2400/2561/2187 2412/2574/2187 2413/2575/2187 2401/2562/2187
f 2401/2563/2188 2413/2576/2188 2414/2577/2188 2402/2564/2188
f 2402/2564/2189 2414/2577/2189 2415/2578/2189 2403/2565/2189
f 2403/2565/2190 2415/2578/2190 2416/2579/2190 2404/2566/2190
f 2404/2566/2191 2416/2579/2191 2417/2580/2191 2405/2567/2191
f 2405/2567/2192 2417/2580/2192 2418/2581/2192 2406/2568/2192
f 2406/2568/2193 2418/2581/2193 2407/2569/2193 2395/2556/2193
f 2407/2569/2194 2419/2582/2194 2420/2583/2194 2408/2570/2194
f 2408/2570/2195 2420/2583/2195 2421/2584/2195 2409/2571/2195
f 2409/2571/2196 2421/2584/2196 2422/2585/2196 2410/2572/2196
f 2410/2572/2197 2422/2585/2197 2423/2586/2197 2411/2573/2197
f 2411/2573/2198 2423/2586/2198 2424/2587/2198 2412/2574/2198
f 2412/2574/2199 2424/2587/2199 2425/2588/2199 2413/2575/2199
f 2413/2576/2200 2425/2589/2200 2426/2590/2200 2414/2577/2200
f 2414/2577/2201 2426/2590/2201 2427/2591/2201 2415/2578/2201
f 2415/2578/2202 2427/2591/2202 2428/2592/2202 2416/2579/2202
f 2416/2579/2203 2428/2592/2203 2429/2593/2203 2417/2580/2203
f 2417/2580/2204 2429/2593/2204 2430/2594/2204 2418/2581/2204
f 2418/2581/2205 2430/2594/2205 2419/2582/2205 2407/2569/2205
f 2419/2582/2206 2431/2595/2206 2432/2596/2206 2420/2583/2206
f 2420/2583/2207 2432/2596/2207 2433/2597/2207 2421/2584/2207
f 2421/2584/2208 2433/2597/2208 2434/2598/2208 2422/2585/2208
f 2422/2585/2209 2434/2598/2209 2435/2599/2209 2423/2586/2209
f 2423/2586/2210 2435/2599/2210 2436/2600/2210 2424/2587/2210
f 2424/2587/2211 2436/2600/2211 2437/2601/2211 2425/2588/2211
f 2425/2589/2212 2437/2602/2212 2438/2603/2212 2426/2590/2212
f 2426/2590/2213 2438/2603/2213 2439/2604/2213 2427/2591/2213
f 2427/2591/2214 2439/2604/2214 2440/2605/2214 2428/2592/2214
f 2428/2592/2215 2440/2605/2215 2441/2606/2215 2429/2593/2215
f 2429/2593/2216 2441/2606/2216 2442/2607/2216 2430/2594/2216
f 2430/2594/2217 2442/2607/2217 2431/2595/2217 2419/2582/2217
f 2431/2595/2218 2443/2608/2218 2444/2609/2218 2432/2596/2218
f 2432/2596/2219 2444/2609/2219 2445/2610/2219 2433/2597/2219
f 2433/2597/2220 2445/2610/2220 2446/2611/2220 2434/2598/2220
f 2434/2598/2221 2446/2611/2221 2447/2612/2221 2435/2599/2221
f 2435/2599/2222 2447/2612/2222 2448/2613/2222 2436/2600/2222
f 2436/2600/2223 2448/2613/2223 2449/2614/2223 2437/2601/2223
f 2437/2602/2224 2449/2615/2224 2450/2616/2224 2438/2603/2224
f 2438/2603/2225 2450/2616/2225 2451/2617/2225 2439/2604/2225
f 2439/2604/2226 2451/2617/2226 2452/2618/2226 2440/2605/2226
f 2440/2605/2227 2452/2618/2227 2453/2619/2227 2441/2606/2227
f 2441/2606/2228 2453/2619/2228 2454/2620/2228 2442/2607/2228
f 2442/2607/2229 2454/2620/2229 2443/2608/2229 2431/2595/2229
f 2443/2608/2230 2455/2621/2230 2456/2622/2230 2444/2609/2230
f 2444/2609/2231 2456/2622/2231 2457/2623/2231 2445/2610/2231
f 2445/2610/2232 2457/2623/2232 2458/2624/2232 2446/2611/2232
f 2446/2611/2233 2458/2624/2233 2459/2625/2233 2447/2612/2233
f 2447/2612/2234 2459/2625/2234 2460/2626/2234 2448/2613/2234
f 2448/2613/2235 2460/2626/2235 2461/2627/2235 2449/2614/2235
f 2449/2615/2236 2461/2628/2236 2462/2629/2236 2450/2616/2236
f 2450/2616/2237 2462/2629/2237 2463/2630/2237 2451/2617/2237
f 2451/2617/2238 2463/2630/2238 2464/2631/2238 2452/2618/2238
f 2452/2618/2239 2464/2631/2239 2465/2632/2239 2453/2619/2239
f 2453/2619/2240 2465/2632/2240 2466/2633/2240 2454/2620/2240
f 2454/2620/2241 2466/2633/2241 2455/2621/2241 2443/2608/2241
f 2455/2634/2242 2467/2635/2242 2468/2636/2242 2456/2637/2242
f 2456/2637/2243 2468/2636/2243 2469/2638/2243 2457/2639/2243
f 2457/2639/2244 2469/2638/2244 2470/2640/2244 2458/2641/2244
f 2458/2641/2245 2470/2640/2245 2471/2642/2245 2459/2643/2245
f 2459/2643/2246 2471/2642/2246 2472/2644/2246 2460/2645/2246
f 2460/2645/2247 2472/2644/2247 2473/2646/2247 2461/2647/2247
f 2461/2648/2248 2473/2649/2248 2474/2650/2248 2462/2651/2248
f 2462/2651/2249 2474/2650/2249 2475/2652/2249 2463/2653/2249
f 2463/2653/2250 2475/2652/2250 2476/2654/2250 2464/2655/2250
f 2464/2655/2251 2476/2654/2251 2477/2656/2251 2465/2657/2251
f 2465/2657/2252 2477/2656/2252 2478/2658/2252 2466/2659/2252
f 2466/2659/2253 2478/2658/2253 2467/2635/2253 2455/2634/2253
f 2467/2635/2254 2479/2660/2254 2480/2661/2254 2468/2636/2254
f 2468/2636/2255 2480/2661/2255 2481/2662/2255 2469/2638/2255
f 2469/2638/2256 2481/2662/2256 2482/2663/2256 2470/2640/2256
f 2470/2640/2257 2482/2663/2257 2483/2664/2257 2471/2642/2257
f 2471/2642/2258 2483/2664/2258 2484/2665/2258 2472/2644/2258
f 2472/2644/2259 2484/2665/2259 2485/2666/2259 2473/2646/2259
f 2473/2649/2260 2485/2667/2260 2486/2668/2260 2474/2650/2260
f 2474/2650/2261 2486/2668/2261 2487/2669/2261 2475/2652/2261
f 2475/2652/2262 2487/2669/2262 2488/2670/2262 2476/2654/2262
f 2476/2654/2263 2488/2670/2263 2489/2671/2263 2477/2656/2263
f 2477/2656/2264 2489/2671/2264 2490/2672/2264 2478/2658/2264
f 2478/2658/2265 2490/2672/2265 2479/2660/2265 2467/2635/2265
f 2479/2660/2266 2491/2673/2266 2492/2674/2266 2480/2661/2266
f 2480/2661/2267 2492/2674/2267 2493/2675/2267 2481/2662/2267
f 2481/2662/2268 2493/2675/2268 2494/2676/2268 2482/2663/2268
f 2482/2663/2269 2494/2676/2269 2495/2677/2269 2483/2664/2269
f 2483/2664/2270 2495/2677/2270 2496/2678/2270 2484/2665/2270
f 2484/2665/2271 2496/2678/2271 2497/2679/2271 2485/2666/2271
f 2485/2667/2272 2497/2680/2272 2498/2681/2272 2486/2668/2272
f 2486/2668/2273 2498/2681/2273 2499/2682/2273 2487/2669/2273
f 2487/2669/2274 2499/2682/2274 2500/2683/2274 2488/2670/2274
f 2488/2670/2275 2500/2683/2275 2501/2684/2275 2489/2671/2275
f 2489/2671/2276 2501/2684/2276 2502/2685/2276 2490/2672/2276
f 2490/2672/2277 2502/2685/2277 2491/2673/2277 2479/2660/2277
f 2491/2673/2278 2503/2686/2278 2504/2687/2278 2492/2674/2278
f 2492/2674/2279 2504/2687/2279 2505/2688/2279 2493/2675/2279
f 2493/2675/2280 2505/2688/2280 2506/2689/2280 2494/2676/2280
f 2494/2676/2281 2506/2689/2281 2507/2690/2281 2495/2677/2281
f 2495/2677/2282 2507/2690/2282 2508/2691/2282 2496/2678/2282
f 2496/2678/2283 2508/2691/2283 2509/2692/2283 2497/2679/2283
f 2497/2680/2284 2509/2693/2284 2510/2694/2284 2498/2681/2284
f 2498/2681/2285 2510/2694/2285 2511/2695/2285 2499/2682/2285
f 2499/2682/2286 2511/2695/2286 2512/2696/2286 2500/2683/2286
f 2500/2683/2287 2512/2696/2287 2513/2697/2287 2501/2684/2287
f 2501/2684/2288 2513/2697/2288 2514/2698/2288 2502/2685/2288
f 2502/2685/2289 2514/2698/2289 2503/2686/2289 2491/2673/2289
f 2503/2686/2290 2515/2699/2290 2516/2700/2290 2504/2687/2290
f 2504/2687/2291 2516/2700/2291 2517/2701/2291 2505/2688/2291
f 2505/2688/2292 2517/2701/2292 2518/2702/2292 2506/2689/2292
f 2506/2689/2293 2518/2702/2293 2519/2703/2293 2507/2690/2293
f 2507/2690/2294 2519/2703/2294 2520/2704/2294 2508/2691/2294
f 2508/2691/2295 2520/2704/2295 2521/2705/2295 2509/2692/2295
f 2509/2693/2296 2521/2706/2296 2522/2707/2296 2510/2694/2296
f 2510/2694/2297 2522/2707/2297 2523/2708/2297 2511/2695/2297
f 2511/2695/2298 2523/2708/2298 2524/2709/2298 2512/2696/2298
f 2512/2696/2299 2524/2709/2299 2525/2710/2299 2513/2697/2299
f 2513/2697/2300 2525/2710/2300 2526/2711/2300 2514/2698/2300
f 2514/2698/2301 2526/2711/2301 2515/2699/2301 2503/2686/2301
f 2515/2699/2302 2527/2712/2302 2528/2713/2302 2516/2700/2302
f 2516/2700/2303 2528/2713/2303 2529/2714/2303 2517/2701/2303
f 2517/2701/2304 2529/2714/2304 2530/2715/2304 2518/2702/2304
f 2518/2702/2305 2530/2715/2305 2531/2716/2305 2519/2703/2305
f 2519/2703/2306 2531/2716/2306 2532/2717/2306 2520/2704/2306
f 2520/2704/2307 2532/2717/2307 2533/2718/2307 2521/2705/2307
f 2521/2706/2308 2533/2719/2308 2534/2720/2308 2522/2707/2308
f 2522/2707/2309 2534/2720/2309 2535/2721/2309 2523/2708/2309
f 2523/2708/2310 2535/2721/2310 2536/2722/2310 2524/2709/2310
f 2524/2709/2311 2536/2722/2311 2537/2723/2311 2525/2710/2311
f 2525/2710/2312 2537/2723/2312 2538/2724/2312 2526/2711/2312
f 2526/2711/2313 2538/2724/2313 2527/2712/2313 2515/2699/2313
f 2527/2712/2314 2539/2725/2314 2540/2726/2314 2528/2713/2314
f 2528/2713/2315 2540/2726/2315 2541/2727/2315 2529/2714/2315
f 2529/2714/2316 2541/2727/2316 2542/2728/2316 2530/2715/2316
f 2530/2715/2317 2542/2728/2317 2543/2729/2317 2531/2716/2317
f 2531/2716/2318 2543/2729/2318 2544/2730/2318 2532/2717/2318
f 2532/2717/2319 2544/2730/2319 2545/2731/2319 2533/2718/2319
f 2533/2719/2320 2545/2732/2320 2546/2733/2320 2534/2720/2320
f 2534/2720/2321 2546/2733/2321 2547/2734/2321 2535/2721/2321
f 2535/2721/2322 2547/2734/2322 2548/2735/2322 2536/2722/2322
f 2536/2722/2323 2548/2735/2323 2549/2736/2323 2537/2723/2323
f 2537/2723/2324 2549/2736/2324 2550/2737/2324 2538/2724/2324
f 2538/2724/2325 2550/2737/2325 2539/2725/2325 2527/2712/2325
f 2539/2725/2326 2551/2738/2326 2552/2739/2326 2540/2726/2326
f 2540/2726/2327 2552/2739/2327 2553/2740/2327 2541/2727/2327
f 2541/2727/2328 2553/2740/2328 2554/2741/2328 2542/2728/2328
f 2542/2728/2329 2554/2741/2329 2555/2742/2329 2543/2729/2329
f 2543/2729/2330 2555/2742/2330 2556/2743/2330 2544/2730/2330
f 2544/2730/2331 2556/2743/2331 2557/2744/2331 2545/2731/2331
f 2545/2732/2332 2557/2745/2332 2558/2746/2332 2546/2733/2332
f 2546/2733/2333 2558/2746/2333 2559/2747/2333 2547/2734/2333
f 2547/2734/2334 2559/2747/2334 2560/2748/2334 2548/2735/2334
f 2548/2735/2335 2560/2748/2335 2561/2749/2335 2549/2736/2335
f 2549/2736/2336 2561/2749/2336 2562/2750/2336 2550/2737/2336
f 2550/2737/2337 2562/2750/2337 2551/2738/2337 2539/2725/2337
f 2551/2738/2338 2563/2751/2338 2564/2752/2338 2552/2739/2338
f 2552/2739/2339 2564/2752/2339 2565/2753/2339 2553/2740/2339
f 2553/2740/2340 2565/2753/2340 2566/2754/2340 2554/2741/2340
f 2554/2741/2341 2566/2754/2341 2567/2755/2341 2555/2742/2341
f 2555/2742/2342 2567/2755/2342 2568/2756/2342 2556/2743/2342
f 2556/2743/2343 2568/2756/2343 2569/2757/2343 2557/2744/2343
f 2557/2745/2344 2569/2758/2344 2570/2759/2344 2558/2746/2344
f 2558/2746/2345 2570/2759/2345 2571/2760/2345 2559/2747/2345
f 2559/2747/2346 2571/2760/2346 2572/2761/2346 2560/2748/2346
f 2560/2748/2347 2572/2761/2347 2573/2762/2347 2561/2749/2347
f 2561/2749/2348 2573/2762/2348 2574/2763/2348 2562/2750/2348
f 2562/2750/2349 2574/2763/2349 2563/2751/2349 2551/2738/2349
f 2563/2751/2350 2575/2764/2350 2576/2765/2350 2564/2752/2350
f 2564/2752/2351 2576/2765/2351 2577/2766/2351 2565/2753/2351
f 2565/2753/2352 2577/2766/2352 2578/2767/2352 2566/2754/2352
f 2566/2754/2353 2578/2767/2353 2579/2768/2353 2567/2755/2353
f 2567/2755/2354 2579/2768/2354 2580/2769/2354 2568/2756/2354
f 2568/2756/2355 2580/2769/2355 2581/2770/2355 2569/2757/2355
f 2569/2758/2356 2581/2771/2356 2582/2772/2356 2570/2759/2356
f 2570/2759/2357 2582/2772/2357 2583/2773/2357 2571/2760/2357
f 2571/2760/2358 2583/2773/2358 2584/2774/2358 2572/2761/2358
f 2572/2761/2359 2584/2774/2359 2585/2775/2359 2573/2762/2359
f 2573/2762/2360 2585/2775/2360 2586/2776/2360 2574/2763/2360
f 2574/2763/2361 2586/2776/2361 2575/2764/2361 2563/2751/2361
f 2575/2764/2362 2587/2777/2362 2588/2778/2362 2576/2765/2362
f 2576/2765/2363 2588/2778/2363 2589/2779/2363 2577/2766/2363
f 2577/2766/2364 2589/2779/2364 2590/2780/2364 2578/2767/2364
f 2578/2767/2365 2590/2780/2365 2591/2781/2365 2579/2768/2365
f 2579/2768/2366 2591/2781/2366 2592/2782/2366 2580/2769/2366
f 2580/2769/2367 2592/2782/2367 2593/2783/2367 2581/2770/2367
f 2581/2771/2368 2593/2784/2368 2594/2785/2368 2582/2772/2368
f 2582/2772/2369 2594/2785/2369 2595/2786/2369 2583/2773/2369
f 2583/2773/2370 2595/2786/2370 2596/2787/2370 2584/2774/2370
f 2584/2774/2371 2596/2787/2371 2597/2788/2371 2585/2775/2371
f 2585/2775/2372 2597/2788/2372 2598/2789/2372 2586/2776/2372
f 2586/2776/2373 2598/2789/2373 2587/2777/2373 2575/2764/2373
f 2587/2777/2374 2599/2790/2374 2600/2791/2374 2588/2778/2374
f 2588/2778/2375 2600/2791/2375 2601/2792/2375 2589/2779/2375
f 2589/2779/2376 2601/2792/2376 2602/2793/2376 2590/2780/2376
f 2590/2780/2377 2602/2793/2377 2603/2794/2377 2591/2781/2377
f 2591/2781/2378 2603/2794/2378 2604/2795/2378 2592/2782/2378
f 2592/2782/2379 2604/2795/2379 2605/2796/2379 2593/2783/2379
f 2593/2784/2380 2605/2797/2380 2606/2798/2380 2594/2785/2380
f 2594/2785/2381 2606/2798/2381 2607/2799/2381 2595/2786/2381
f 2595/2786/2382 2607/2799/2382 2608/2800/2382 2596/2787/2382
f 2596/2787/2383 2608/2800/2383 2609/2801/2383 2597/2788/2383
f 2597/2788/2384 2609/2801/2384 2610/2802/2384 2598/2789/2384
f 2598/2789/2385 2610/2802/2385 2599/2790/2385 2587/2777/2385
f 2599/2790/2386 2611/2803/2386 2612/2804/2386 2600/2791/2386
f 2600/2791/2387 2612/2804/2387 2613/2805/2387 2601/2792/2387
f 2601/2792/2388 2613/2805/2388 2614/2806/2388 2602/2793/2388
f 2602/2793/2389 2614/2806/2389 2615/2807/2389 2603/2794/2389
f 2603/2794/2390 2615/2807/2390 2616/2808/2390 2604/2795/2390
f 2604/2795/2391 2616/2808/2391 2617/2809/2391 2605/2796/2391
f 2605/2797/2392 2617/2810/2392 2618/2811/2392 2606/2798/2392
f 2606/2798/2393 2618/2811/2393 2619/2812/2393 2607/2799/2393
f 2607/2799/2394 2619/2812/2394 2620/2813/2394 2608/2800/2394
f 2608/2800/2395 2620/2813/2395 2621/2814/2395 2609/2801/2395
f 2609/2801/2396 2621/2814/2396 2622/2815/2396 2610/2802/2396
f 2610/2802/2397 2622/2815/2397 2611/2803/2397 2599/2790/2397
f 2611/2803/2398 2623/2816/2398 2624/2817/2398 2612/2804/2398
f 2612/2804/2399 2624/2817/2399 2625/2818/2399 2613/2805/2399
f 2613/2805/2400 2625/2818/2400 2626/2819/2400 2614/2806/2400
f 2614/2806/2401 2626/2819/2401 2627/2820/2401 2615/2807/2401
f 2615/2807/2402 2627/2820/2402 2628/2821/2402 2616/2808/2402
f 2616/2808/2403 2628/2821/2403 2629/2822/2403 2617/2809/2403
f 2617/2810/2404 2629/2823/2404 2630/2824/2404 2618/2811/2404
f 2618/2811/2405 2630/2824/2405 2631/2825/2405 2619/2812/2405
f 2619/2812/2406 2631/2825/2406 2632/2826/2406 2620/2813/2406
f 2620/2813/2407 2632/2826/2407 2633/2827/2407 2621/2814/2407
f 2621/2814/2408 2633/2827/2408 2634/2828/2408 2622/2815/2408
f 2622/2815/2409 2634/2828/2409 2623/2816/2409 2611/2803/2409
f 2623/2816/2410 2635/2829/2410 2636/2830/2410 2624/2817/2410
f 2624/2817/2411 2636/2830/2411 2637/2831/2411 2625/2818/2411
f 2625/2818/2412 2637/2831/2412 2638/2832/2412 2626/2819/2412
f 2626/2819/2413 2638/2832/2413 2639/2833/2413 2627/2820/2413
f 2627/2820/2414 2639/2833/2414 2640/2834/2414 2628/2821/2414
f 2628/2821/2415 2640/2834/2415 2641/2835/2415 2629/2822/2415
f 2629/2823/2416 2641/2836/2416 2642/2837/2416 2630/2824/2416
f 2630/2824/2417 2642/2837/2417 2643/2838/2417 2631/2825/2417
f 2631/2825/2418 2643/2838/2418 2644/2839/2418 2632/2826/2418
f 2632/2826/2419 2644/2839/2419 2645/2840/2419 2633/2827/2419
f 2633/2827/2420 2645/2840/2420 2646/2841/2420 2634/2828/2420
f 2634/2828/2421 2646/2841/2421 2635/2829/2421 2623/2816/2421
f 2635/2829/2422 2647/2842/2422 2648/2843/2422 2636/2830/2422
f 2636/2830/2423 2648/2843/2423 2649/2844/2423 2637/2831/2423
f 2637/2831/2424 2649/2844/2424 2650/2845/2424 2638/2832/2424
f 2638/2832/2425 2650/2845/2425 2651/2846/2425 2639/2833/2425
f 2639/2833/2426 2651/2846/2426 2652/2847/2426 2640/2834/2426
f 2640/2834/2427 2652/2847/2427 2653/2848/2427 2641/2835/2427
f 2641/2836/2428 2653/2849/2428 2654/2850/2428 2642/2837/2428
f 2642/2837/2429 2654/2850/2429 2655/2851/2429 2643/2838/2429
f 2643/2838/2430 2655/2851/2430 2656/2852/2430 2644/2839/2430
f 2644/2839/2431 2656/2852/2431 2657/2853/2431 2645/2840/2431
f 2645/2840/2432 2657/2853/2432 2658/2854/2432 2646/2841/2432
f 2646/2841/2433 2658/2854/2433 2647/2842/2433 2635/2829/2433
f 2647/2842/2434 2659/2855/2434 2660/2856/2434 2648/2843/2434
f 2648/2843/2435 2660/2856/2435 2661/2857/2435 2649/2844/2435
f 2649/2844/2436 2661/2857/2436 2662/2858/2436 2650/2845/2436
f 2650/2845/2437 2662/2858/2437 2663/2859/2437 2651/2846/2437
f 2651/2846/2438 2663/2859/2438 2664/2860/2438 2652/2847/2438
f 2652/2847/2439 2664/2860/2439 2665/2861/2439 2653/2848/2439
f 2653/2849/2440 2665/2862/2440 2666/2863/2440 2654/2850/2440
f 2654/2850/2441 2666/2863/2441 2667/2864/2441 2655/2851/2441
f 2655/2851/2442 2667/2864/2442 2668/2865/2442 2656/2852/2442
f 2656/2852/2443 2668/2865/2443 2669/2866/2443 2657/2853/2443
f 2657/2853/2444 2669/2866/2444 2670/2867/2444 2658/2854/2444
f 2658/2854/2445 2670/2867/2445 2659/2855/2445 2647/2842/2445
f 2659/2855/2446 2671/2868/2446 2672/2869/2446 2660/2856/2446
f 2660/2856/2447 2672/2869/2447 2673/2870/2447 2661/2857/2447
f 2661/2857/2448 2673/2870/2448 2674/2871/2448 2662/2858/2448
f 2662/2858/2449 2674/2871/2449 2675/2872/2449 2663/2859/2449
f 2663/2859/2450 2675/2872/2450 2676/2873/2450 2664/2860/2450
f 2664/2860/2451 2676/2873/2451 2677/2874/2451 2665/2861/2451
f 2665/2862/2452 2677/2875/2452 2678/2876/2452 2666/2863/2452
f 2666/2863/2453 2678/2876/2453 2679/2877/2453 2667/2864/2453
f 2667/2864/2454 2679/2877/2454 2680/2878/2454 2668/2865/2454
f 2668/2865/2455 2680/2878/2455 2681/2879/2455 2669/2866/2455
f 2669/2866/2456 2681/2879/2456 2682/2880/2456 2670/2867/2456
f 2670/2867/2457 2682/2880/2457 2671/2868/2457 2659/2855/2457
f 2671/2868/2458 2683/2881/2458 2684/2882/2458 2672/2869/2458
f 2672/2869/2459 2684/2882/2459 2685/2883/2459 2673/2870/2459
f 2673/2870/2460 2685/2883/2460 2686/2884/2460 2674/2871/2460
f 2674/2871/2461 2686/2884/2461 2687/2885/2461 2675/2872/2461
f 2675/2872/2462 2687/2885/2462 2688/2886/2462 2676/2873/2462
f 2676/2873/2463 2688/2886/2463 2689/2887/2463 2677/2874/2463
f 2677/2875/2464 2689/2888/2464 2690/2889/2464 2678/2876/2464
f 2678/2876/2465 2690/2889/2465 2691/2890/2465 2679/2877/2465
f 2679/2877/2466 2691/2890/2466 2692/2891/2466 2680/2878/2466
f 2680/2878/2467 2692/2891/2467 2693/2892/2467 2681/2879/2467
f 2681/2879/2468 2693/2892/2468 2694/2893/2468 2682/2880/2468
f 2682/2880/2469 2694/2893/2469 2683/2881/2469 2671/2868/2469
f 2683/2881/2470 2695/2894/2470 2696/2895/2470 2684/2882/2470
f 2684/2882/2471 2696/2895/2471 2697/2896/2471 2685/2883/2471
f 2685/2883/2472 2697/2896/2472 2698/2897/2472 2686/2884/2472
f 2686/2884/2473 2698/2897/2473 2699/2898/2473 2687/2885/2473
f 2687/2885/2474 2699/2898/2474 2700/2899/2474 2688/2886/2474
f 2688/2886/2475 2700/2899/2475 2701/2900/2475 2689/2887/2475
f 2689/2888/2476 2701/2901/2476 2702/2902/2476 2690/2889/2476
f 2690/2889/2477 2702/2902/2477 2703/2903/2477 2691/2890/2477
f 2691/2890/2478 2703/2903/2478 2704/2904/2478 2692/2891/2478
f 2692/2891/2479 2704/2904/2479 2705/2905/2479 2693/2892/2479
f 2693/2892/2480 2705/2905/2480 2706/2906/2480 2694/2893/2480
f 2694/2893/2481 2706/2906/2481 2695/2894/2481 2683/2881/2481
f 2695/2894/2482 2707/2907/2482 2708/2908/2482 2696/2895/2482
f 2696/2895/2483 2708/2908/2483 2709/2909/2483 2697/2896/2483
f 2697/2896/2484 2709/2909/2484 2710/2910/2484 2698/2897/2484
f 2698/2897/2485 2710/2910/2485 2711/2911/2485 2699/2898/2485
f 2699/2898/2486 2711/2911/2486 2712/2912/2486 2700/2899/2486
f 2700/2899/2487 2712/2912/2487 2713/2913/2487 2701/2900/2487
f 2701/2901/2488 2713/2914/2488 2714/2915/2488 2702/2902/2488
f 2702/2902/2489 2714/2915/2489 2715/2916/2489 2703/2903/2489
f 2703/2903/2490 2715/2916/2490 2716/2917/2490 2704/2904/2490
f 2704/2904/2491 2716/2917/2491 2717/2918/2491 2705/2905/2491
f 2705/2905/2492 2717/2918/2492 2718/2919/2492 2706/2906/2492
f 2706/2906/2493 2718/2919/2493 2707/2907/2493 2695/2894/2493
f 2707/2907/2494 2719/2920/2494 2720/2921/2494 2708/2908/2494
f 2708/2908/2495 2720/2921/2495 2721/2922/2495 2709/2909/2495
f 2709/2909/2496 2721/2922/2496 2722/2923/2496 2710/2910/2496
f 2710/2910/2497 2722/2923/2497 2723/2924/2497 2711/2911/2497
f 2711/2911/2498 2723/2924/2498 2724/2925/2498 2712/2912/2498
f 2712/2912/2499 2724/2925/2499 2725/2926/2499 2713/2913/2499
f 2713/2914/2500 2725/2927/2500 2726/2928/2500 2714/2915/2500
f 2714/2915/2501 2726/2928/2501 2727/2929/2501 2715/2916/2501
f 2715/2916/2502 2727/2929/2502 2728/2930/2502 2716/2917/2502
f 2716/2917/2503 2728/2930/2503 2729/2931/2503 2717/2918/2503
f 2717/2918/2504 2729/2931/2504 2730/2932/2504 2718/2919/2504
f 2718/2919/2505 2730/2932/2505 2719/2920/2505 2707/2907/2505
f 2719/2920/2506 2731/2933/2506 2732/2934/2506 2720/2921/2506
f 2720/2921/2507 2732/2934/2507 2733/2935/2507 2721/2922/2507
f 2721/2922/2508 2733/2935/2508 2734/2936/2508 2722/2923/2508
f 2722/2923/2509 2734/2936/2509 2735/2937/2509 2723/2924/2509
f 2723/2924/2510 2735/2937/2510 2736/2938/2510 2724/2925/2510
f 2724/2925/2511 2736/2938/2511 2737/2939/2511 2725/2926/2511
f 2725/2927/2512 2737/2940/2512 2738/2941/2512 2726/2928/2512
f 2726/2928/2513 2738/2941/2513 2739/2942/2513 2727/2929/2513
f 2727/2929/2514 2739/2942/2514 2740/2943/2514 2728/2930/2514
f 2728/2930/2515 2740/2943/2515 2741/2944/2515 2729/2931/2515
f 2729/2931/2516 2741/2944/2516 2742/2945/2516 2730/2932/2516
f 2730/2932/2517 2742/2945/2517 2731/2933/2517 2719/2920/2517
f 2731/2933/2518 2167/2309/2518 2168/2312/2518 2732/2934/2518
f 2732/2934/2519 2168/2312/2519 2169/2314/2519 2733/2935/2519
f 2733/2935/2520 2169/2314/2520 2170/2316/2520 2734/2936/2520
f 2734/2936/2521 2170/2316/2521 2171/2318/2521 2735/2937/2521
f 2735/2937/2522 2171/2318/2522 2172/2320/2522 2736/2938/2522
f 2736/2938/2523 2172/2320/2523 2173/2322/2523 2737/2939/2523
f 2737/2940/2524 2173/2323/2524 2174/2326/2524 2738/2941/2524
f 2738/2941/2525 2174/2326/2525 2175/2328/2525 2739/2942/2525
f 2739/2942/2526 2175/2328/2526 2176/2330/2526 2740/2943/2526
f 2740/2943/2527 2176/2330/2527 2177/2332/2527 2741/2944/2527
f 2741/2944/2528 2177/2332/2528 2178/2334/2528 2742/2945/2528
f 2742/2945/2529 2178/2334/2529 2167/2309/2529 2731/2933/2529
o Suzanne
v 4.979300 56.596237 -18.149878
v 3.787081 57.873314 21.207281
v 0.352390 56.913376 -21.117094
v -1.010147 58.372894 23.862516
v -4.226524 59.240929 -23.443899
v -5.716797 60.837273 25.752550
v -5.864851 55.841305 -14.580824
v -6.822886 56.867527 17.045465
v -0.947628 54.182278 -14.378037
v -1.905663 55.208500 17.248251
v 4.313324 55.247791 -14.253245
v 3.355289 56.274014 17.373043
v 5.714952 55.808224 -10.708015
v 4.969816 56.606396 13.890209
v 1.626478 55.548599 -7.654579
v 1.072947 56.141529 10.618387
v -2.600576 57.499245 -5.733348
v -3.026369 57.955345 8.322781
v 3.703657 63.117241 -2.203717
v 3.490763 63.345291 4.824348
v 6.426601 60.200485 -4.843353
v 6.043388 60.610970 7.807162
v 8.243576 58.254181 -9.302402
v 7.583595 58.961136 12.484596
v 11.114475 60.848957 -10.708015
v 10.369339 61.647129 13.890209
v 11.397041 64.669922 -7.654579
v 10.843513 65.262856 10.618388
v 9.998310 69.260956 -5.733347
v 9.572517 69.717056 8.322782
v 11.876438 72.403709 -14.580823
v 10.918404 73.429932 17.045465
v 12.936859 67.144165 -14.378036
v 11.978825 68.170380 17.248251
v 11.769806 62.208801 -14.253245
v 10.811775 63.235023 17.373043
v 10.378822 61.636971 -18.149878
v 9.186604 62.914047 21.207281
v 10.122955 66.034698 -21.117094
v 8.760418 67.494217 23.862516
v 8.372360 71.002640 -23.443899
v 6.882090 72.598984 25.752550
v 1.571209 65.401474 -26.989130
v -0.131962 67.225876 29.235384
v 4.843233 61.896553 -23.959518
v 3.310381 63.538513 26.642544
v 7.353281 59.207848 -19.571091
v 6.075903 60.576141 22.597294
v 7.843525 58.682709 -19.891296
v 6.544857 60.073811 22.979897
v 11.126183 61.351868 -18.470085
v 9.912674 62.651749 21.589882
v 13.003445 61.918274 -14.206448
v 12.045410 62.944496 17.419840
v 12.080345 60.329792 -10.309815
v 11.356499 61.105160 13.585603
v 8.941681 57.506386 -8.552799
v 8.324280 58.167728 11.828587
v 6.166584 54.808990 -10.309815
v 5.442738 55.584358 13.585603
v 9.351799 57.067078 -14.159652
v 8.393764 58.093300 17.466639
v 4.518480 53.997120 -14.206449
v 3.560446 55.023342 17.419840
v 5.212421 55.831066 -18.470085
v 3.998913 57.130947 21.589882
v 12.405876 66.166565 1.481905
v 12.232666 61.197544 1.637895
v -24.344978 32.338478 1.466304
v -11.078661 41.838879 1.559899
v -6.228022 45.405739 1.591097
v -27.910019 29.971794 1.435106
v 7.318140 70.070068 1.201123
v 11.758469 76.138275 1.138727
v -11.733706 122.951744 -1.091928
v -32.142021 122.648064 -1.700289
v -47.621193 106.755264 -1.653493
v -47.906441 77.164337 -0.701955
v -13.145218 52.815289 -8.013356
v -13.698750 53.408218 10.259610
v -20.984236 44.717674 -12.917403
v -21.835821 45.629868 15.194854
v -29.415976 36.739510 -14.674419
v -30.374010 37.765732 16.951872
v -37.021683 32.000164 -15.455220
v -38.022297 33.071999 17.576681
v -39.114548 30.633801 -13.713803
v -40.008713 31.591610 15.804067
v -39.128963 29.102875 -6.974747
v -39.618626 29.627388 9.189801
v -39.168640 28.114460 1.154324
v -12.242348 54.940891 -18.617847
v -13.434566 56.217968 20.739311
v -8.393866 57.519417 -27.387329
v -10.118326 59.366619 29.539989
v -4.834448 66.077599 -36.359600
v -7.091148 68.494926 38.137882
v 9.020630 69.792770 -37.468830
v 6.678774 72.301315 39.839878
v 11.577415 70.662193 -30.729773
v 9.640060 72.737442 33.225613
v 17.054554 72.527046 -20.765692
v 15.713306 73.963760 23.511114
v 23.401566 76.037399 -12.941226
v 22.528687 76.972397 15.873837
v 22.611816 74.306076 -5.514961
v 22.186024 74.762177 8.541167
v 14.787796 67.738754 -1.313722
v 14.617477 67.921196 4.308729
v 13.074375 64.419571 -5.835167
v 12.627293 64.898483 8.923768
v 9.181671 61.372963 -4.093750
v 8.841034 61.737846 7.151153
v 1.626478 55.548599 -7.654579
v 1.072947 56.141529 10.618387
v -1.909531 54.181732 -15.463444
v -2.931435 55.276371 18.271263
v -1.166332 56.478374 -20.796890
v -2.507580 57.915085 23.479916
v 2.409155 60.895691 -26.817541
v 0.705984 62.720089 29.406973
v 6.030127 64.233376 -27.520348
v 4.284376 66.103378 30.109779
v 9.027702 66.177002 -25.732132
v 7.388399 67.932983 28.383961
v 12.529068 66.550064 -17.892071
v 11.358139 67.804337 20.762283
v 14.511711 66.488129 -9.731799
v 13.830444 67.217888 12.758006
v -27.173300 29.698093 1.466304
v -25.481552 30.978668 -3.453341
v -25.779606 31.297939 6.385949
v -30.047106 28.137344 -3.851541
v -30.366449 28.479420 6.690556
v -32.143936 27.290688 -1.422917
v -32.314255 27.473125 4.199535
v -32.726013 27.398739 1.372710
v -7.923933 46.706909 1.497503
v -6.363892 48.644016 1.481904
v -6.482630 48.255753 -3.086338
v -6.759394 48.552216 6.050146
v -8.782097 45.564327 -4.124949
v -9.122730 45.929207 7.119954
v -11.132082 43.957928 -2.383532
v -11.366266 44.208782 5.347339
v -4.893753 53.254715 -16.580051
v -5.979523 54.417767 19.263077
v -2.691929 57.597103 -26.512934
v -4.373810 59.398693 29.008772
v 1.622984 62.768730 -31.479378
v -0.356951 64.889595 33.881622
v 8.979507 66.228622 -32.072990
v 6.956995 68.395096 34.693619
v 12.348785 65.196808 -29.472776
v 10.475296 67.203644 32.374187
v 18.537380 67.330482 -18.087482
v 17.345161 68.607559 21.269676
v 22.651497 69.109001 -12.387035
v 21.799911 70.021202 15.725222
v 22.210709 68.034798 -7.436193
v 21.657181 68.627731 10.836774
v 15.661644 62.679062 -2.883550
v 15.384880 62.975525 6.252933
v -2.749784 47.349949 -4.000156
v -3.090418 47.714828 7.244746
v -17.063360 40.002258 -8.068379
v -17.638182 40.617992 10.907393
v -26.214499 32.794697 -9.872192
v -26.895765 33.524456 12.617613
v -30.769407 29.941971 -10.621796
v -31.493254 30.717339 13.273623
v -34.856621 28.134632 -9.278579
v -35.495308 28.818779 11.805614
v -35.466667 27.757183 -6.115951
v -35.913750 28.236088 8.642984
v -35.964649 27.259697 1.279116
v -0.672606 54.918591 1.450706
v 5.925911 58.674988 1.528701
v 14.395683 67.127869 -13.277030
v 13.501518 68.085678 16.240839
v 3.355774 56.788956 -5.881964
v 2.908691 57.267860 8.876970
v 5.867073 58.738014 -4.460752
v 5.505150 59.125694 7.486957
v -24.442427 31.927406 -3.804744
v -24.761770 32.269482 6.737352
v -16.045330 38.911766 -2.016530
v -16.258224 39.139816 5.011535
v -16.151777 39.025791 1.497503
v -12.534775 42.883179 1.481904
v -9.408203 43.142258 -2.656940
v -9.663677 43.415916 5.776737
v -7.332661 44.011723 -4.382758
v -7.694584 44.399406 7.564951
v -4.758751 47.440079 -3.359746
v -5.056805 47.759354 6.479544
v -4.597433 47.782738 -0.197117
v -4.703882 47.896763 3.316915
v -5.783066 43.898201 1.653493
v -4.398952 46.023766 -0.486124
v -4.526691 46.160591 3.730714
v -4.592205 45.715317 -2.594544
v -4.847679 45.988976 5.839133
v -6.405399 43.018459 -3.266152
v -6.703453 43.337730 6.573137
v -7.938736 43.114567 -1.907336
v -8.151630 43.342617 5.120728
v -9.330784 42.028416 1.606696
v -17.424425 49.151779 -10.488777
v -18.126982 49.904343 12.703835
v -10.442106 46.311581 -5.959960
v -10.889189 46.790485 8.798976
v -12.734898 44.128464 -6.662766
v -13.224560 44.652977 9.501781
v -15.399399 51.106270 -9.434567
v -16.038086 51.790413 11.649625
v -32.211777 27.878807 1.372710
v -31.890785 28.050430 -0.735709
v -32.018524 28.187256 3.481129
v -29.564800 28.651623 -2.797331
v -29.820274 28.925282 5.636346
v -26.514002 30.538239 -2.766133
v -26.769476 30.811897 5.667543
v -30.085527 31.786697 1.310314
v -28.689512 32.353138 -2.890925
v -28.944986 32.626797 5.542752
v -31.465870 31.203461 -2.937722
v -31.721344 31.477119 5.495955
v -33.055138 30.328568 -0.844902
v -33.182877 30.465401 3.371936
v -33.376125 30.156948 1.263517
v 6.896814 58.150433 -6.170971
v 6.428442 58.652142 9.290770
v 4.621346 56.464218 -6.889377
v 4.110394 57.011536 9.977977
v 13.343201 65.162521 -13.597235
v 12.427750 66.143143 16.623440
v 13.480522 64.499977 -10.754811
v 12.735386 65.298149 13.843413
v 12.911415 63.563225 -17.431473
v 11.761772 64.794693 20.520073
v 9.162312 64.486443 -23.912722
v 7.629459 66.128395 26.689341
v 6.897486 62.788822 -24.982529
v 5.300764 64.499191 27.727951
v 3.561600 60.176674 -24.646725
v 1.986168 61.864235 27.360950
v 1.536770 56.160149 -20.000490
v 0.238102 57.551254 22.870703
v 0.832184 54.337605 -15.385449
v -0.189720 55.432243 18.349258
v 3.371647 54.710129 -8.630794
v 2.754246 55.371468 11.750592
v 9.478661 60.539379 -6.522374
v 8.988998 61.063892 9.642173
v 12.092442 62.894119 -7.927987
v 11.517620 63.509850 11.047787
v 10.890739 63.150444 -9.028994
v 10.252052 63.834591 12.055199
v 8.780556 61.287174 -7.271977
v 8.248314 61.857300 10.298182
v 3.187778 55.937996 -9.380397
v 2.527802 56.644951 12.406602
v 1.123947 55.571445 -15.416647
v 0.102043 56.666084 18.318060
v 1.550123 57.176758 -19.328880
v 0.294035 58.522251 22.136700
v 3.793463 60.959221 -23.256712
v 2.303190 62.555565 25.939737
v 6.118189 63.108131 -23.608114
v 4.606627 64.727280 26.291140
v 8.125893 64.565720 -22.538305
v 6.678198 66.116455 25.252531
v 11.924252 64.105194 -17.126867
v 10.795902 65.313858 20.121874
v 12.480007 64.025330 -11.121814
v 11.713581 64.846313 14.179217
v 12.332047 64.699287 -13.612834
v 11.416588 65.679901 16.607841
v 4.437479 57.692081 -7.638980
v 3.883947 58.285011 10.633986
v 6.226675 59.383728 -7.287576
v 5.694433 59.953854 10.282583
v 9.506805 71.333809 -3.702923
v 9.208755 71.653084 6.136366
v 16.548824 77.192421 -7.552759
v 16.016582 77.762550 10.017402
v 16.792397 78.477890 -13.924814
v 15.876938 79.458496 16.295862
v 11.424610 75.464981 -20.679470
v 10.104652 76.878891 22.894527
v 6.429779 74.114403 -29.589342
v 4.577579 76.098434 31.554815
v 4.087536 73.530624 -34.922787
v 1.915993 75.856735 36.763470
v -6.552910 68.949295 -34.040165
v -8.660583 71.206978 35.537670
v -10.987625 62.875076 -26.231300
v -12.626926 64.631058 27.884792
v -12.618017 58.436039 -18.742640
v -13.810236 59.713116 20.614519
v 13.924759 95.466957 0.577164
v 5.482540 110.180099 -0.155989
v -51.567307 93.456734 -1.341514
v -33.931526 57.040157 0.374375
v -42.508499 32.207504 0.920339
v -40.448837 41.341278 0.686355
v -33.454632 49.312927 0.639558
v -31.825302 53.237648 0.561563
v -13.964129 81.527130 -38.193756
v -16.284698 84.012871 38.412140
v -14.242546 87.495392 -38.747948
v -16.584406 90.003937 38.560760
v -28.149418 98.783928 -35.662460
v -30.257092 101.041618 33.915375
v -31.071724 113.254280 -22.136700
v -32.327812 114.599777 19.328880
v -22.900528 72.543182 -32.891510
v -24.901754 74.686844 33.172295
v -32.857300 78.054092 -27.034224
v -34.475311 79.787270 26.379065
v -37.089783 90.319687 -29.673008
v -38.835533 92.189690 27.957119
v -42.641933 100.390671 -16.436253
v -43.557388 101.371292 13.784424
v -23.298136 52.866291 -9.730948
v -23.936825 53.550438 11.353244
v -29.985786 55.906303 -7.567507
v -30.475449 56.430817 8.597039
v -35.770546 42.515469 -12.237569
v -36.558262 43.359253 13.766269
v -28.641727 48.796555 -10.464954
v -29.322994 49.526314 12.024851
v -41.922848 35.703815 -13.963387
v -42.817013 36.661625 15.554482
v -37.995113 41.805641 -5.592106
v -38.378326 42.216133 7.058409
v -31.056839 48.806290 -4.904898
v -31.397472 49.171169 6.340004
v -41.975876 33.698792 -6.505926
v -42.422958 34.177696 8.253010
v -20.285950 54.278809 -8.981345
v -20.882057 54.917347 10.697234
v -17.297760 54.686119 -8.551947
v -17.872578 55.301853 10.423826
v -14.549368 55.350296 -8.138147
v -15.102898 55.943226 10.134819
v -32.049431 59.663204 -9.160309
v -32.624252 60.278938 9.815464
v -42.550068 76.065819 -13.883688
v -43.359074 76.932411 12.822956
v -45.479633 90.028488 -16.538073
v -46.416378 91.031906 14.385411
v -7.109013 115.936050 -21.145735
v -8.343811 117.258736 19.617037
v 4.539898 107.581642 -20.521774
v 3.305099 108.904327 20.240997
v 11.320847 95.163467 -19.913414
v 10.086048 96.486160 20.849358
v 6.527414 78.648926 -19.874846
v 5.271326 79.994415 21.590734
v 0.154953 77.743126 -32.009743
v -1.824986 79.863983 33.351257
v -0.108658 81.118233 -27.902096
v -1.833118 82.965431 29.025223
v 1.175669 96.237091 -28.705870
v -0.570082 98.107101 28.924257
v -1.081409 89.376610 -35.593544
v -3.252951 91.702721 36.092712
v -6.715328 99.019737 -36.077114
v -8.886871 101.345840 35.609142
v -4.955170 105.897049 -29.205036
v -6.700920 107.767059 28.425091
v -14.942811 111.956490 -29.704206
v -16.688560 113.826492 27.925920
v -16.720291 104.582275 -36.560680
v -18.891834 106.908379 35.125576
v -30.861528 105.812737 -28.930777
v -32.543411 107.614326 26.590929
v -39.871181 95.360878 -22.878927
v -41.191139 96.774788 20.695070
v -18.834625 92.929779 -37.302910
v -21.070038 95.324295 36.491760
v -25.063545 66.612854 -17.976585
v -26.170607 67.798714 18.569347
v -36.833714 77.674431 -19.748350
v -38.004642 78.928703 18.906004
v -17.126816 96.254974 -40.527935
v -19.553833 98.854736 39.591999
v -31.927715 76.027428 -35.038502
v -34.035389 78.285118 34.539333
v -36.514957 83.518463 -47.391785
v -39.346481 86.551521 46.081467
v -34.159950 91.304962 -58.488071
v -37.651447 95.044968 56.772182
v -25.082264 99.106659 -61.635101
v -28.765369 103.051910 59.950409
v -19.071053 105.038528 -56.364052
v -22.434814 108.641716 54.679359
v -17.029758 100.790115 -46.657780
v -19.818703 103.777573 45.409863
v -18.377970 98.110641 -46.259579
v -21.145622 101.075287 45.105251
v -20.489807 101.919159 -54.193237
v -23.725830 105.385513 52.633339
v -25.748240 97.758209 -57.738464
v -29.197159 101.452614 56.116173
v -32.764996 91.357086 -55.278645
v -36.064888 94.891853 53.656353
v -33.749245 84.679543 -46.993584
v -36.559479 87.689796 45.776863
v -29.778919 78.364792 -37.513924
v -32.035622 80.782120 36.983559
v -18.147360 94.255417 -41.902351
v -20.659536 96.946404 41.028809
v -22.073456 94.852776 -43.096951
v -24.649502 97.612175 41.942623
v -30.559671 82.293854 -40.129734
v -32.965401 84.870819 39.287388
v -34.371391 87.923256 -47.469780
v -37.202911 90.956314 46.003471
v -33.481682 93.155701 -54.302429
v -36.717709 96.622055 52.524147
v -28.275414 97.887985 -56.410847
v -31.639175 101.491165 54.632565
v -24.521090 101.082825 -53.584023
v -27.714535 104.503563 51.836937
v -22.839594 98.250725 -46.751373
v -25.628536 101.238174 45.316269
v -20.328091 91.952263 -38.372719
v -22.627371 94.415199 37.530373
v -26.113926 90.418083 -38.146107
v -28.391918 92.858208 37.054180
v -28.791576 88.131760 -34.632072
v -30.856670 90.343834 33.540146
v -28.963537 87.800499 -37.443298
v -31.198948 90.195023 36.351372
v -31.245686 85.605980 -38.497509
v -33.544964 88.068916 37.405582
v -32.316746 84.691452 -37.091896
v -34.530869 87.063164 35.999969
v -25.684830 78.618401 -32.820892
v -27.664766 80.739265 32.540108
v -29.584219 81.248970 -32.672272
v -31.542866 83.347031 31.985916
v -28.006855 83.682983 -32.703468
v -29.965502 85.781044 31.954718
v -23.220280 89.380295 -36.264301
v -25.391823 91.706398 35.421955
v -23.485533 92.241714 -40.590332
v -25.912552 94.841476 39.529602
v -25.421246 93.799744 -40.699524
v -27.848263 96.399506 39.420410
v -33.755539 86.232651 -37.185490
v -35.969658 88.604370 35.906376
v -32.673832 87.135780 -38.942505
v -34.994400 89.621521 37.663391
v -30.648806 89.090271 -37.888298
v -32.905506 91.507591 36.609184
v -30.219723 89.661560 -35.077072
v -32.306107 91.896446 33.797958
v -27.542074 91.947884 -38.591103
v -29.841354 94.410812 37.311989
v -25.011137 99.545929 -47.563374
v -27.842657 102.578979 45.909878
v -26.452833 102.121155 -54.380424
v -29.688858 105.587502 52.446152
v -29.939390 99.154938 -57.558651
v -33.367020 102.826538 55.593182
v -34.905865 94.165787 -55.434635
v -38.205757 97.700562 53.500362
v -36.039337 89.709923 -47.930374
v -38.892147 92.765785 46.245682
v -31.981142 84.331963 -40.238926
v -34.386871 86.908920 39.178196
v -24.255642 96.159370 -43.557549
v -26.852978 98.941574 42.184837
v -29.774967 90.216057 -40.715126
v -32.201984 92.815819 39.404808
v -31.493616 88.964294 -42.839142
v -34.048370 91.700890 41.497627
v -30.310692 91.820824 -45.712765
v -33.035767 94.739861 44.246456
v -28.341597 92.804314 -43.924549
v -30.960222 95.609322 42.520641
v -26.929520 95.415375 -46.431168
v -29.697170 98.380020 44.933662
v -28.658813 94.175018 -48.203785
v -31.532913 97.253693 46.675083
v -28.052738 95.072174 -50.679203
v -31.075867 98.310478 49.119305
v -26.027712 97.026665 -49.624996
v -28.986971 100.196548 48.065098
v -23.590933 105.241020 -47.000957
v -26.379875 108.228470 45.066685
v -24.172142 107.925430 -57.316444
v -27.578484 111.574219 55.132584
v -28.230320 100.932419 -62.493896
v -31.956007 104.923286 60.497223
v -37.234753 94.598625 -60.096470
v -40.811409 98.429855 57.975010
v -41.036491 89.392746 -47.719360
v -43.868011 92.425804 45.753891
v -37.626953 83.163239 -36.146881
v -39.777206 85.466537 34.836563
v -22.496931 100.460953 -39.418705
v -24.838791 102.969498 37.890003
vn 0.3638 -0.6839 -0.6324
vn 0.3235 -0.6408 0.6962
vn 0.1229 -0.5765 -0.8078
vn 0.0727 -0.5227 0.8494
vn -0.2640 -0.8797 -0.3954
vn -0.2891 -0.8528 0.4349
vn 0.1720 -0.9300 -0.3249
vn 0.1502 -0.9066 0.3943
vn 0.1748 -0.9778 0.1158
vn 0.1796 -0.9829 -0.0414
vn -0.3037 -0.9075 0.2901
vn -0.2874 -0.9250 -0.2486
vn 0.1011 -0.5995 0.7939
vn 0.1478 -0.6495 -0.7459
vn 0.4314 -0.7464 0.5067
vn 0.4598 -0.7768 -0.4303
vn 0.7100 -0.4811 0.5143
vn 0.7388 -0.5120 -0.4382
vn 0.5918 -0.1556 0.7909
vn 0.6382 -0.2053 -0.7420
vn 0.9431 0.1875 0.2747
vn 0.9583 0.1712 -0.2287
vn 0.9701 -0.2044 0.1310
vn 0.9758 -0.2106 -0.0586
vn 0.9215 -0.2002 -0.3327
vn 0.8993 -0.1764 0.4001
vn 0.9073 0.1524 -0.3919
vn 0.8822 0.1793 0.4354
vn 0.5662 -0.1738 -0.8058
vn 0.5161 -0.1201 0.8481
vn 0.6515 -0.4090 -0.6390
vn 0.6108 -0.3655 0.7024
vn -0.0701 0.5505 -0.8319
vn -0.1192 0.6031 0.7887
vn 0.2424 0.9429 -0.2286
vn 0.2300 0.9562 0.1813
vn 0.2438 0.8828 0.4015
vn 0.2693 0.8555 -0.4423
vn -0.1068 0.5869 0.8026
vn -0.0569 0.5335 -0.8439
vn -0.5965 0.1280 0.7923
vn -0.5473 0.0752 -0.8336
vn -0.8975 -0.1826 0.4015
vn -0.8719 -0.2100 -0.4423
vn -0.9573 -0.1771 -0.2286
vn -0.9697 -0.1638 0.1813
vn -0.5647 0.0906 -0.8203
vn -0.6131 0.1424 0.7771
vn 0.5899 -0.7232 -0.3591
vn 0.5657 -0.6973 0.4402
vn 0.5188 -0.8127 -0.2652
vn 0.5002 -0.7928 0.3481
vn 0.5358 -0.8428 -0.0510
vn 0.5301 -0.8367 0.1378
vn 0.6575 -0.7459 0.1065
vn 0.6613 -0.7499 -0.0180
vn 0.6973 -0.7088 0.1065
vn 0.7011 -0.7129 -0.0181
vn 0.7974 -0.6008 -0.0560
vn 0.7914 -0.5943 0.1429
vn 0.7699 -0.5821 -0.2617
vn 0.7515 -0.5624 0.3449
vn 0.6774 -0.6419 -0.3592
vn 0.6532 -0.6160 0.4403
vn -0.2905 -0.9515 -0.1011
vn -0.2979 -0.9435 0.1448
vn -0.3173 -0.9273 -0.1987
vn -0.3306 -0.9131 0.2388
vn 0.1398 -0.8166 -0.5600
vn 0.1041 -0.7783 0.6192
vn 0.4208 -0.5249 -0.7399
vn 0.3743 -0.4750 0.7964
vn 0.5118 -0.4164 -0.7514
vn 0.4646 -0.3659 0.8064
vn -0.2656 -0.9153 -0.3028
vn -0.2853 -0.8943 0.3448
vn -0.0354 -0.9335 -0.3569
vn -0.0588 -0.9085 0.4138
vn 0.1170 -0.7398 -0.6626
vn 0.0753 -0.6951 0.7150
vn 0.2034 -0.7504 -0.6289
vn 0.1635 -0.7077 0.6873
vn 0.7994 -0.3131 -0.5127
vn 0.7664 -0.2777 0.5793
vn 0.8769 0.0080 -0.4806
vn 0.8462 0.0408 0.5313
vn 0.8062 -0.1064 -0.5820
vn 0.7693 -0.0669 0.6353
vn 0.9925 -0.0946 0.0772
vn 0.9952 -0.0974 -0.0108
vn 0.6276 -0.2052 0.7510
vn 0.6715 -0.2522 -0.6968
vn 0.7890 -0.0314 0.6135
vn 0.8246 -0.0695 -0.5614
vn 0.2406 -0.8305 -0.5023
vn 0.2082 -0.7958 0.5687
vn 0.2469 -0.9517 -0.1826
vn 0.2335 -0.9374 0.2584
vn 0.1833 -0.9761 0.1167
vn 0.1881 -0.9813 -0.0419
vn 0.0275 -0.9929 0.1156
vn 0.0325 -0.9983 -0.0492
vn 0.1480 -0.9890 -0.0092
vn 0.1452 -0.9860 0.0821
vn 0.4912 -0.8383 -0.2366
vn 0.4743 -0.8203 0.3197
vn 0.4961 -0.7986 -0.3407
vn 0.4730 -0.7739 0.4211
vn 0.4113 -0.8622 -0.2956
vn 0.3909 -0.8405 0.3752
vn 0.6857 -0.6462 -0.3349
vn 0.6630 -0.6218 0.4169
vn 0.8421 -0.5093 0.1774
vn 0.8503 -0.5181 -0.0928
vn 0.2485 -0.8994 -0.3598
vn 0.2245 -0.8737 0.4316
vn 0.4731 -0.8693 -0.1432
vn 0.4618 -0.8573 0.2275
vn 0.5265 -0.8495 0.0336
vn 0.5259 -0.8489 0.0534
vn -0.0204 -0.9990 -0.0403
vn -0.0248 -0.9943 0.1036
vn 0.1317 -0.9798 -0.1507
vn 0.1204 -0.9677 0.2216
vn 0.4315 -0.8591 -0.2750
vn 0.4124 -0.8387 0.3557
vn 0.6386 -0.7229 -0.2638
vn 0.6201 -0.7030 0.3482
vn 0.5526 -0.7833 -0.2847
vn 0.5328 -0.7622 0.3677
vn 0.7221 -0.6893 0.0579
vn 0.7229 -0.6902 0.0306
vn 0.6322 -0.7734 0.0469
vn 0.6324 -0.7736 0.0416
vn 0.6817 -0.7303 0.0443
vn -0.4252 -0.3862 -0.8185
vn -0.4747 -0.3332 0.8146
vn 0.0505 0.2825 -0.9579
vn -0.0070 0.3441 0.9389
vn 0.3845 0.9176 -0.1007
vn 0.3796 0.9229 0.0641
vn 0.4408 0.0487 0.8963
vn 0.4943 -0.0086 -0.8692
vn -0.4791 -0.7759 -0.4105
vn -0.5045 -0.7486 0.4301
vn 0.1110 -0.9611 -0.2531
vn 0.0936 -0.9424 0.3210
vn 0.7324 0.0975 0.6739
vn 0.7720 0.0551 -0.6333
vn 0.9926 0.0933 -0.0783
vn 0.9862 0.1001 0.1320
vn 0.6337 -0.2515 -0.7316
vn 0.5878 -0.2023 0.7833
vn -0.1117 -0.9252 -0.3627
vn -0.1353 -0.9000 0.4144
vn 0.8330 -0.5532 -0.0031
vn 0.8302 -0.5502 0.0893
vn 0.3312 -0.9435 0.0071
vn 0.3292 -0.9414 0.0740
vn 0.4693 -0.7387 0.4838
vn 0.4963 -0.7676 -0.4057
vn 0.2694 -0.9282 0.2567
vn 0.2826 -0.9423 -0.1793
vn 0.5266 -0.7532 -0.3941
vn 0.5004 -0.7251 0.4732
vn 0.6950 -0.6710 -0.2582
vn 0.6768 -0.6515 0.3427
vn 0.5852 -0.1857 -0.7893
vn 0.5360 -0.1331 0.8336
vn 0.4937 -0.1516 -0.8563
vn 0.4408 -0.0949 0.8926
vn 0.3540 -0.1446 -0.9240
vn 0.2972 -0.0837 0.9511
vn 0.0215 -0.9813 -0.1914
vn 0.0080 -0.9668 0.2555
vn 0.5091 -0.8380 0.1964
vn 0.5184 -0.8480 -0.1105
vn 0.5689 -0.7595 0.3154
vn 0.5854 -0.7773 -0.2306
vn 0.8050 -0.5763 0.1408
vn 0.8109 -0.5826 -0.0542
vn 0.8741 0.4549 0.1701
vn 0.8837 0.4447 -0.1460
vn 0.5872 0.4088 0.6986
vn 0.6292 0.3638 -0.6869
vn -0.0303 0.0324 0.9990
vn 0.0303 -0.0324 -0.9990
vn -0.6010 -0.7410 -0.2996
vn -0.6194 -0.7212 0.3101
vn 0.4334 -0.9011 0.0125
vn 0.4316 -0.8992 0.0721
vn 0.3822 -0.9193 -0.0940
vn 0.3741 -0.9105 0.1763
vn 0.3394 -0.7672 0.5442
vn 0.3702 -0.8002 -0.4719
vn 0.5865 -0.6896 0.4248
vn 0.6097 -0.7146 -0.3430
vn 0.6873 -0.6815 0.2514
vn 0.6999 -0.6950 -0.1647
vn 0.0892 -0.7942 0.6011
vn 0.1238 -0.8313 -0.5419
vn -0.1159 -0.9794 0.1653
vn -0.1076 -0.9883 -0.1082
vn 0.0332 -0.9251 -0.3782
vn 0.0084 -0.8986 0.4387
vn 0.1975 -0.8168 -0.5421
vn 0.1627 -0.7796 0.6048
vn 0.5042 -0.6820 -0.5297
vn 0.4699 -0.6453 0.6023
vn 0.6577 -0.5316 -0.5337
vn 0.6232 -0.4946 0.6058
vn 0.8835 -0.1227 -0.4520
vn 0.8543 -0.0914 0.5116
vn 0.9642 -0.1369 -0.2270
vn 0.9485 -0.1200 0.2933
vn 0.8946 -0.4297 -0.1231
vn 0.8846 -0.4190 0.2045
vn 0.8419 -0.5362 0.0607
vn 0.8430 -0.5374 0.0251
vn 0.2836 -0.9142 -0.2894
vn 0.2637 -0.8930 0.3646
vn 0.4473 -0.8616 -0.2398
vn 0.4303 -0.8434 0.3217
vn 0.0036 -0.9583 0.2856
vn 0.0189 -0.9748 -0.2222
vn -0.2553 -0.9656 0.0496
vn -0.2537 -0.9673 -0.0023
vn 0.4118 -0.8230 0.3913
vn 0.4331 -0.8458 -0.3116
vn 0.6193 -0.6795 0.3935
vn 0.6406 -0.7023 -0.3105
vn 0.9312 -0.3222 0.1704
vn 0.9392 -0.3308 -0.0926
vn 0.9858 -0.1533 0.0691
vn 0.9878 -0.1555 0.0007
vn 0.9336 -0.1448 -0.3276
vn 0.9118 -0.1215 0.3922
vn 0.8700 -0.1554 -0.4679
vn 0.8398 -0.1230 0.5287
vn 0.2310 -0.7359 -0.6364
vn 0.1907 -0.6927 0.6956
vn 0.3617 -0.4946 -0.7903
vn 0.3123 -0.4417 0.8411
vn 0.5243 -0.3915 -0.7562
vn 0.4769 -0.3406 0.8103
vn 0.4090 0.7504 0.5192
vn 0.4411 0.7160 -0.5410
vn -0.0099 0.5521 0.8337
vn 0.0416 0.4969 -0.8668
vn 0.3315 0.9162 0.2251
vn 0.3463 0.9004 -0.2636
vn 0.3570 0.7115 -0.6052
vn 0.3212 0.7499 0.5784
vn 0.4388 0.8134 -0.3820
vn 0.4165 0.8373 0.3544
vn 0.4811 0.8256 -0.2946
vn 0.4641 0.8439 0.2691
vn -0.2164 0.4282 -0.8774
vn -0.2682 0.4837 0.8332
vn -0.8108 -0.1913 -0.5531
vn -0.8432 -0.1567 0.5143
vn -0.8805 -0.2483 -0.4039
vn -0.9038 -0.2234 0.3652
vn -0.9491 0.1659 -0.2679
vn -0.9632 0.1810 0.1987
vn -0.6950 0.6590 -0.2875
vn -0.7098 0.6749 0.2017
vn -0.9304 0.3321 -0.1553
vn -0.9374 0.3396 0.0770
vn -0.8101 -0.5736 -0.1212
vn -0.8171 -0.5661 0.1089
vn -0.8573 -0.4986 -0.1283
vn -0.8644 -0.4910 0.1082
vn -0.1686 0.1681 -0.9712
vn -0.2267 0.2303 0.9463
vn -0.0738 0.3177 -0.9453
vn -0.1302 0.3781 0.9166
vn -0.6525 0.7292 -0.2062
vn -0.6623 0.7398 0.1187
vn -0.8250 0.5647 -0.0245
vn -0.8238 0.5635 -0.0620
vn -0.5922 0.2056 -0.7791
vn -0.6378 0.2544 0.7269
vn -0.1221 0.3329 -0.9350
vn -0.1778 0.3926 0.9024
vn 0.1242 0.3252 -0.9374
vn 0.0679 0.3855 0.9202
vn 0.1157 0.3709 -0.9214
vn 0.0605 0.4300 0.9008
vn 0.2311 0.2416 -0.9425
vn 0.1742 0.3026 0.9371
vn -0.9384 -0.2851 -0.1954
vn -0.9490 -0.2736 0.1564
vn -0.8795 0.2486 -0.4059
vn -0.9019 0.2726 0.3350
vn -0.9139 -0.2351 -0.3310
vn -0.9327 -0.2150 0.2897
vn -0.7748 -0.5644 -0.2848
vn -0.7917 -0.5463 0.2734
vn -0.7950 -0.5143 -0.3216
vn -0.8140 -0.4939 0.3056
vn -0.1642 -0.1294 -0.9779
vn -0.2233 -0.0661 0.9725
vn -0.1784 -0.5512 -0.8151
vn -0.2285 -0.4976 0.8368
vn -0.7092 0.5900 -0.3858
vn -0.7301 0.6124 0.3032
vn 0.8691 0.4822 -0.1097
vn 0.8619 0.4900 0.1306
vn 0.5899 0.7960 -0.1356
vn 0.5822 0.8043 0.1192
vn -0.0484 0.9233 -0.3810
vn -0.0695 0.9460 0.3168
vn 0.5703 0.7052 -0.4213
vn 0.5452 0.7321 0.4084
vn 0.9877 -0.0270 -0.1539
vn 0.9765 -0.0151 0.2148
vn 0.6977 0.3948 -0.5978
vn 0.6610 0.4340 0.6121
vn 0.3789 0.5916 -0.7117
vn 0.3363 0.6371 0.6935
vn -0.3216 0.6386 -0.6991
vn -0.3620 0.6820 0.6355
vn -0.1808 0.8300 -0.5277
vn -0.2107 0.8621 0.4609
vn 0.4446 0.6168 -0.6495
vn 0.4057 0.6585 0.6339
vn 0.6222 0.3282 -0.7107
vn 0.5787 0.3748 0.7243
vn 0.6838 -0.1504 -0.7140
vn 0.6391 -0.1025 0.7622
vn 0.5797 0.7361 -0.3494
vn 0.5589 0.7584 0.3354
vn 0.9628 -0.1902 -0.1919
vn 0.9491 -0.1754 0.2616
vn -0.5965 0.7923 0.1286
vn -0.5861 0.7811 -0.2155
vn 0.9437 0.3299 -0.0246
vn 0.9411 0.3327 0.0602
vn 0.7910 -0.5767 0.2044
vn 0.8008 -0.5872 -0.1184
vn 0.2068 0.0676 -0.9760
vn 0.1475 0.1311 0.9803
vn 0.3057 -0.1929 -0.9324
vn 0.2484 -0.1315 0.9597
vn 0.1238 0.1466 -0.9814
vn 0.0645 0.2101 0.9756
vn -0.0200 0.0672 -0.9975
vn -0.0802 0.1316 0.9881
vn -0.4566 -0.5379 -0.7086
vn -0.4997 -0.4917 0.7131
vn -0.6067 -0.7046 -0.3680
vn -0.6292 -0.6805 0.3755
vn -0.4609 -0.7731 -0.4358
vn -0.4879 -0.7441 0.4563
vn -0.3716 -0.7124 -0.5953
vn -0.4083 -0.6731 0.6166
vn -0.2793 -0.6341 -0.7211
vn -0.3236 -0.5866 0.7424
vn 0.2608 -0.9387 -0.2256
vn 0.2448 -0.9216 0.3013
vn -0.7388 0.3253 -0.5903
vn -0.7725 0.3614 0.5222
vn -0.7484 0.3903 -0.5363
vn -0.7787 0.4227 0.4636
vn -0.8979 -0.2829 -0.3373
vn -0.9172 -0.2622 0.3000
vn -0.6332 -0.2531 -0.7314
vn -0.6768 -0.2064 0.7067
vn -0.8166 0.2288 -0.5299
vn -0.8467 0.2611 0.4636
vn 0.8722 -0.3764 -0.3123
vn 0.8510 -0.3537 0.3882
vn 0.7343 -0.5353 -0.4174
vn 0.7067 -0.5057 0.4948
vn 0.7396 -0.6377 -0.2154
vn 0.7240 -0.6209 0.3006
vn 0.6074 -0.7682 -0.2024
vn 0.5925 -0.7523 0.2881
vn 0.5727 -0.7012 -0.4246
vn 0.5446 -0.6711 0.5030
vn 0.2878 -0.7545 -0.5899
vn 0.2501 -0.7141 0.6538
vn 0.9062 -0.0050 -0.4228
vn 0.8789 0.0241 0.4763
vn 0.9322 0.2190 0.2881
vn 0.9484 0.2017 -0.2447
vn 0.4909 -0.1900 0.8502
vn 0.5410 -0.2438 -0.8049
vn 0.2502 -0.7906 0.5588
vn 0.2820 -0.8247 -0.4903
vn 0.0682 -0.9032 -0.4237
vn 0.0407 -0.8738 0.4847
vn 0.0709 -0.7351 -0.6743
vn 0.0286 -0.6897 0.7235
vn -0.5539 -0.4070 -0.7263
vn -0.5976 -0.3602 0.7163
vn 0.8433 -0.4842 0.2333
vn 0.8549 -0.4967 -0.1501
vn -0.3851 -0.1346 -0.9130
vn -0.4399 -0.0759 0.8948
vn 0.7863 -0.6149 -0.0597
vn 0.7800 -0.6082 0.1469
vn 0.9244 0.3753 -0.0683
vn 0.9193 0.3808 0.0996
vn 0.4727 -0.6357 -0.6103
vn 0.4337 -0.5939 0.6776
vn 0.8830 -0.2512 -0.3965
vn 0.8569 -0.2233 0.4646
vn -0.0940 -0.6096 -0.7871
vn -0.1426 -0.5576 0.8178
vn 0.1940 -0.8127 -0.5494
vn 0.1588 -0.7750 0.6117
vn 0.1683 -0.8111 -0.5602
vn 0.1325 -0.7728 0.6207
vn -0.1425 -0.1117 -0.9835
vn -0.2019 -0.0481 0.9782
vn -0.3424 -0.2143 -0.9148
vn -0.3975 -0.1553 0.9044
vn -0.0325 0.0083 -0.9994
vn -0.0929 0.0729 0.9930
vn -0.3250 -0.6108 -0.7221
vn -0.3692 -0.5633 0.7391
vn -0.3474 -0.5187 -0.7812
vn -0.3950 -0.4677 0.7907
vn -0.4123 -0.5875 -0.6964
vn -0.4548 -0.5419 0.7067
vn 0.6882 0.7012 -0.1861
vn 0.6771 0.7131 0.1816
vn 0.3571 0.1012 -0.9286
vn 0.3005 0.1618 0.9400
vn -0.4877 -0.5711 -0.6602
vn -0.5279 -0.5281 0.6651
vn 0.7808 0.6246 0.0119
vn 0.7813 0.6241 -0.0051
vn -0.2686 -0.7470 -0.6082
vn -0.3064 -0.7065 0.6380
vn -0.3996 -0.8799 -0.2571
vn -0.4161 -0.8622 0.2890
vn -0.5465 -0.1591 0.8222
vn -0.4961 -0.2130 -0.8417
vn -0.1910 0.5530 0.8110
vn -0.1406 0.4989 -0.8552
vn 0.3834 0.7392 0.5536
vn 0.4176 0.7026 -0.5762
vn 0.7723 0.6326 0.0589
vn 0.7757 0.6289 -0.0529
vn 0.6950 -0.7119 -0.1005
vn 0.6863 -0.7026 0.1882
vn 0.6997 -0.6550 -0.2853
vn 0.6799 -0.6338 0.3689
vn 0.6738 -0.6878 -0.2702
vn 0.6548 -0.6675 0.3545
vn 0.6966 -0.7061 -0.1271
vn 0.6863 -0.6950 0.2145
vn 0.8275 -0.4689 -0.3087
vn 0.8064 -0.4463 0.3879
vn 0.6112 -0.7051 -0.3596
vn 0.5870 -0.6791 0.4408
vn 0.6212 -0.7538 -0.2142
vn 0.6057 -0.7371 0.2997
vn 0.6745 -0.7380 -0.0194
vn 0.6706 -0.7339 0.1079
vn 0.9195 0.0466 0.3904
vn 0.9415 0.0231 -0.3363
vn 0.5739 -0.5628 -0.5949
vn 0.5358 -0.5220 0.6637
vn 0.4614 -0.7877 -0.4081
vn 0.4344 -0.7587 0.4854
vn 0.4280 -0.7722 -0.4696
vn 0.3973 -0.7393 0.5437
vn 0.7591 -0.4293 -0.4894
vn 0.7273 -0.3952 0.5612
vn 0.9499 -0.1672 -0.2641
vn 0.9319 -0.1479 0.3313
vn -0.7775 -0.6214 -0.0965
vn -0.7831 -0.6154 0.0894
vn -0.6122 -0.6128 -0.4997
vn -0.6425 -0.5803 0.5004
vn 0.0329 -0.4012 -0.9154
vn -0.0233 -0.3410 0.9398
vn 0.3961 0.3705 -0.8401
vn 0.3453 0.4249 0.8368
vn 0.5011 0.8359 0.2238
vn 0.5154 0.8207 -0.2468
vn 0.5448 0.7115 0.4438
vn 0.5720 0.6824 -0.4552
vn -0.5979 0.6262 0.5005
vn -0.5653 0.5912 -0.5752
vn -0.6924 0.7063 0.1473
vn -0.6808 0.6940 -0.2344
vn -0.5915 0.6725 -0.4448
vn -0.6160 0.6988 0.3637
vn 0.4452 0.4362 0.7820
vn 0.4926 0.3855 -0.7802
vn -0.6894 0.4362 -0.5783
vn -0.7222 0.4714 0.5061
vn -0.8830 -0.4068 0.2341
vn -0.8680 -0.4228 -0.2602
vt 0.843250 0.588863
vt 0.833697 0.611927
vt 0.794218 0.611927
vt 0.815334 0.560948
vt 0.866314 0.937441
vt 0.866314 0.897962
vt 0.889378 0.888409
vt 0.917293 0.916324
vt 0.746541 0.611927
vt 0.781622 0.527235
vt 0.866314 0.985118
vt 0.951006 0.950037
vt 0.815334 0.662907
vt 0.781622 0.696619
vt 0.781622 0.950037
vt 0.815334 0.916325
vt 0.843250 0.634991
vt 0.843250 0.888409
vt 0.866314 0.644544
vt 0.866314 0.684023
vt 0.794218 0.865345
vt 0.833697 0.865345
vt 0.866314 0.731700
vt 0.746541 0.865345
vt 0.917293 0.662907
vt 0.951006 0.696619
vt 0.781622 0.780653
vt 0.815334 0.814366
vt 0.889378 0.634991
vt 0.843250 0.842281
vt 0.898931 0.611927
vt 0.938410 0.611927
vt 0.866314 0.793249
vt 0.866314 0.832728
vt 0.986087 0.611927
vt 0.866314 0.745572
vt 0.917294 0.560947
vt 0.951006 0.527235
vt 0.951006 0.780653
vt 0.917294 0.814365
vt 0.889378 0.588863
vt 0.889378 0.842281
vt 0.866314 0.579310
vt 0.866314 0.539831
vt 0.938410 0.865345
vt 0.898931 0.865345
vt 0.866314 0.492154
vt 0.986087 0.865345
vt 0.866314 0.585461
vt 0.847600 0.593213
vt 0.892780 0.865345
vt 0.885028 0.884059
vt 0.885028 0.593213
vt 0.885028 0.846631
vt 0.892780 0.611927
vt 0.866314 0.838879
vt 0.885028 0.630641
vt 0.847600 0.846631
vt 0.866314 0.638393
vt 0.839848 0.865345
vt 0.847600 0.630641
vt 0.847600 0.884059
vt 0.839848 0.611927
vt 0.866314 0.891811
vt 0.866314 0.611927
vt 0.866314 0.865345
vt 0.520711 0.060503
vt 0.517028 0.068490
vt 0.500000 0.064527
vt 0.500000 0.054411
vt 0.482972 0.068490
vt 0.479289 0.060503
vt 0.530457 0.065062
vt 0.522612 0.070678
vt 0.477388 0.070678
vt 0.469543 0.065062
vt 0.532878 0.067822
vt 0.526301 0.079422
vt 0.473699 0.079422
vt 0.467122 0.067822
vt 0.544695 0.083023
vt 0.529228 0.091098
vt 0.470772 0.091098
vt 0.455305 0.083023
vt 0.565647 0.115495
vt 0.537536 0.127779
vt 0.462464 0.127779
vt 0.434353 0.115495
vt 0.586916 0.172042
vt 0.626605 0.208159
vt 0.600470 0.238288
vt 0.535885 0.215568
vt 0.399530 0.238288
vt 0.373395 0.208159
vt 0.413084 0.172042
vt 0.464115 0.215568
vt 0.650908 0.240294
vt 0.636962 0.261221
vt 0.363038 0.261221
vt 0.349092 0.240294
vt 0.689501 0.268805
vt 0.655896 0.284413
vt 0.344104 0.284413
vt 0.310499 0.268805
vt 0.684517 0.317795
vt 0.659507 0.313152
vt 0.340493 0.313152
vt 0.315483 0.317795
vt 0.671357 0.334694
vt 0.649107 0.322437
vt 0.350893 0.322437
vt 0.328643 0.334694
vt 0.636775 0.370732
vt 0.613636 0.353108
vt 0.386364 0.353108
vt 0.363225 0.370732
vt 0.602261 0.395588
vt 0.594178 0.371277
vt 0.405822 0.371277
vt 0.397739 0.395588
vt 0.581044 0.398468
vt 0.577351 0.373341
vt 0.422649 0.373341
vt 0.418956 0.398468
vt 0.532016 0.387365
vt 0.539817 0.354339
vt 0.460183 0.354339
vt 0.467984 0.387365
vt 0.500000 0.382860
vt 0.500000 0.340417
vt 0.559135 0.334326
vt 0.579057 0.335646
vt 0.420943 0.335646
vt 0.440865 0.334326
vt 0.592090 0.332885
vt 0.407910 0.332885
vt 0.606163 0.325516
vt 0.393837 0.325516
vt 0.628251 0.311636
vt 0.371749 0.311636
vt 0.635551 0.300507
vt 0.364449 0.300507
vt 0.631484 0.283889
vt 0.368516 0.283889
vt 0.611331 0.264411
vt 0.388669 0.264411
vt 0.592372 0.254897
vt 0.407628 0.254897
vt 0.559669 0.267717
vt 0.440331 0.267717
vt 0.550878 0.277832
vt 0.500000 0.252445
vt 0.449122 0.277832
vt 0.544001 0.314523
vt 0.455999 0.314523
vt 0.500000 0.295691
vt 0.543637 0.293371
vt 0.456363 0.293371
vt 0.506819 0.075382
vt 0.500000 0.073497
vt 0.493181 0.075382
vt 0.511782 0.080633
vt 0.488218 0.080633
vt 0.512172 0.093457
vt 0.487828 0.093457
vt 0.514257 0.133422
vt 0.513874 0.097191
vt 0.486126 0.097191
vt 0.485743 0.133422
vt 0.520226 0.164615
vt 0.500000 0.157864
vt 0.500000 0.134352
vt 0.479774 0.164615
vt 0.500000 0.100063
vt 0.500000 0.091346
vt 0.530258 0.180239
vt 0.521901 0.181560
vt 0.517666 0.172353
vt 0.482334 0.172353
vt 0.478099 0.181560
vt 0.469742 0.180239
vt 0.523673 0.198817
vt 0.518957 0.194728
vt 0.481043 0.194728
vt 0.476327 0.198817
vt 0.500000 0.203867
vt 0.508211 0.197295
vt 0.491789 0.197295
vt 0.500000 0.197278
vt 0.500000 0.192167
vt 0.500000 0.165170
vt 0.513538 0.176949
vt 0.500000 0.171718
vt 0.486462 0.176949
vt 0.500000 0.186182
vt 0.508818 0.192407
vt 0.491182 0.192407
vt 0.515232 0.190709
vt 0.484768 0.190709
vt 0.516908 0.181873
vt 0.483092 0.181873
vt 0.544209 0.172814
vt 0.455791 0.172814
vt 0.541327 0.154899
vt 0.458673 0.154899
vt 0.578661 0.139176
vt 0.421339 0.139176
vt 0.583245 0.154155
vt 0.416755 0.154155
vt 0.500000 0.089977
vt 0.509911 0.090724
vt 0.490089 0.090724
vt 0.509713 0.082236
vt 0.490287 0.082236
vt 0.505196 0.077083
vt 0.494804 0.077083
vt 0.500000 0.075473
vt 0.503445 0.080840
vt 0.500000 0.080320
vt 0.496555 0.080840
vt 0.506660 0.083289
vt 0.493340 0.083289
vt 0.506822 0.086791
vt 0.493178 0.086791
vt 0.500000 0.085637
vt 0.562361 0.284338
vt 0.559190 0.294882
vt 0.437639 0.284338
vt 0.440810 0.294882
vt 0.563180 0.307151
vt 0.436820 0.307151
vt 0.570458 0.318697
vt 0.429542 0.318697
vt 0.569243 0.278245
vt 0.430757 0.278245
vt 0.589914 0.271772
vt 0.410086 0.271772
vt 0.602190 0.277180
vt 0.397810 0.277180
vt 0.617110 0.287175
vt 0.382890 0.287175
vt 0.618074 0.299197
vt 0.381926 0.299197
vt 0.615871 0.307438
vt 0.384129 0.307438
vt 0.598424 0.313725
vt 0.401576 0.313725
vt 0.590828 0.319797
vt 0.409172 0.319797
vt 0.582130 0.320991
vt 0.417870 0.320991
vt 0.578615 0.309394
vt 0.583998 0.312892
vt 0.421385 0.309394
vt 0.416002 0.312892
vt 0.589656 0.312336
vt 0.410344 0.312336
vt 0.596347 0.309249
vt 0.403653 0.309249
vt 0.606014 0.302517
vt 0.393986 0.302517
vt 0.607735 0.297520
vt 0.392265 0.297520
vt 0.606985 0.291216
vt 0.393015 0.291216
vt 0.598275 0.283083
vt 0.401725 0.283083
vt 0.589866 0.280167
vt 0.410134 0.280167
vt 0.576352 0.284624
vt 0.423648 0.284624
vt 0.572831 0.289915
vt 0.427169 0.289915
vt 0.573307 0.303342
vt 0.426693 0.303342
vt 0.572447 0.295716
vt 0.427553 0.295716
vt 0.529647 0.428636
vt 0.500000 0.428636
vt 0.470353 0.428636
vt 0.584616 0.428636
vt 0.415384 0.428636
vt 0.622301 0.417889
vt 0.377699 0.417889
vt 0.666214 0.388954
vt 0.333786 0.388954
vt 0.701481 0.344467
vt 0.298519 0.344467
vt 0.712163 0.315527
vt 0.287837 0.315527
vt 0.704305 0.260225
vt 0.295695 0.260225
vt 0.672947 0.224880
vt 0.327053 0.224880
vt 0.640497 0.198841
vt 0.359503 0.198841
vt 0.603553 0.023452
vt 0.625128 0.029461
vt 0.635753 0.082198
vt 0.598617 0.056841
vt 0.364247 0.082198
vt 0.374872 0.029461
vt 0.396447 0.023452
vt 0.401383 0.056841
vt 0.546781 0.009442
vt 0.556354 0.040906
vt 0.453219 0.009442
vt 0.443646 0.040906
vt 0.500000 0.033223
vt 0.527159 0.049514
vt 0.472841 0.049514
vt 0.537222 0.060794
vt 0.462778 0.060794
vt 0.558499 0.065137
vt 0.441501 0.065137
vt 0.588127 0.085177
vt 0.411873 0.085177
vt 0.607239 0.113940
vt 0.392761 0.113940
vt 0.612663 0.133675
vt 0.605467 0.151503
vt 0.394533 0.151503
vt 0.387337 0.133675
vt 0.600708 0.162985
vt 0.399292 0.162985
vt 0.922374 0.064228
vt 0.859647 0.117994
vt 0.823287 0.101559
vt 0.861342 0.027230
vt 0.176713 0.101559
vt 0.140353 0.117994
vt 0.077626 0.064228
vt 0.138658 0.027230
vt 0.765863 0.087001
vt 0.774604 0.010837
vt 0.234137 0.087001
vt 0.225396 0.010837
vt 0.661952 0.087561
vt 0.647010 0.028716
vt 0.338048 0.087561
vt 0.352990 0.028716
vt 0.743592 0.198572
vt 0.766410 0.233065
vt 0.256408 0.198572
vt 0.233590 0.233065
vt 0.987633 0.154243
vt 0.889478 0.177602
vt 0.110522 0.177602
vt 0.012367 0.154243
vt 0.899807 0.420886
vt 0.844317 0.347370
vt 0.881169 0.309153
vt 0.958963 0.357385
vt 0.118831 0.309153
vt 0.155683 0.347370
vt 0.100193 0.420886
vt 0.041037 0.357385
vt 0.903302 0.261367
vt 0.999860 0.253531
vt 0.096698 0.261367
vt 0.000140 0.253531
vt 0.724763 0.340212
vt 0.744725 0.304629
vt 0.766113 0.319494
vt 0.255275 0.304629
vt 0.275237 0.340212
vt 0.233887 0.319494
vt 0.793427 0.280495
vt 0.826663 0.297810
vt 0.206573 0.280495
vt 0.173337 0.297810
vt 0.823620 0.254612
vt 0.855331 0.267956
vt 0.176380 0.254612
vt 0.144669 0.267956
vt 0.835860 0.225225
vt 0.868309 0.233525
vt 0.164140 0.225225
vt 0.131691 0.233525
vt 0.813499 0.190705
vt 0.851288 0.181145
vt 0.148712 0.181145
vt 0.186501 0.190705
vt 0.772263 0.374010
vt 0.227737 0.374010
vt 0.744519 0.390057
vt 0.255481 0.390057
vt 0.824765 0.470987
vt 0.175235 0.470987
vt 0.792141 0.464714
vt 0.742181 0.461543
vt 0.726855 0.432574
vt 0.273145 0.432574
vt 0.257819 0.461543
vt 0.207859 0.464714
vt 0.795638 0.489991
vt 0.204362 0.489991
vt 0.786137 0.227788
vt 0.213863 0.227788
vt 0.802950 0.203415
vt 0.197050 0.203415
vt 0.769334 0.128771
vt 0.691484 0.146686
vt 0.230666 0.128771
vt 0.308516 0.146686
vt 0.780113 0.169386
vt 0.219887 0.169386
vt 0.803789 0.171181
vt 0.830917 0.139518
vt 0.169083 0.139518
vt 0.196211 0.171181
vt 0.574628 0.959188
vt 0.464516 0.959188
vt 0.477326 0.891852
vt 0.545439 0.884582
vt 0.272900 0.891852
vt 0.285710 0.959188
vt 0.175598 0.959188
vt 0.204787 0.884582
vt 0.605134 0.846978
vt 0.715894 0.897069
vt 0.145092 0.846978
vt 0.034332 0.897069
vt 0.605360 0.784410
vt 0.683874 0.757011
vt 0.144866 0.784410
vt 0.066352 0.757011
vt 0.574835 0.744212
vt 0.617867 0.719156
vt 0.175391 0.744212
vt 0.132359 0.719156
vt 0.534996 0.712528
vt 0.568728 0.682132
vt 0.215230 0.712528
vt 0.181498 0.682132
vt 0.483006 0.686791
vt 0.508539 0.641024
vt 0.267220 0.686791
vt 0.241687 0.641024
vt 0.513415 0.736977
vt 0.478880 0.719593
vt 0.271346 0.719593
vt 0.236811 0.736977
vt 0.541117 0.760754
vt 0.209109 0.760754
vt 0.557599 0.789442
vt 0.192627 0.789442
vt 0.553841 0.821849
vt 0.196385 0.821849
vt 0.524671 0.842380
vt 0.225555 0.842380
vt 0.485193 0.845321
vt 0.265033 0.845321
vt 0.786150 0.181127
vt 0.770208 0.191225
vt 0.213850 0.181127
vt 0.229792 0.191225
vt 0.408153 0.587507
vt 0.409610 0.674022
vt 0.342073 0.587507
vt 0.340616 0.674022
vt 0.400301 0.910556
vt 0.414155 0.878318
vt 0.336071 0.878318
vt 0.349925 0.910556
vt 0.443630 0.713731
vt 0.306596 0.713731
vt 0.429725 0.728622
vt 0.392812 0.710774
vt 0.357414 0.710774
vt 0.320501 0.728622
vt 0.422979 0.754609
vt 0.432640 0.746527
vt 0.327247 0.754609
vt 0.317586 0.746527
vt 0.427719 0.796173
vt 0.391578 0.815187
vt 0.358648 0.815187
vt 0.322507 0.796173
vt 0.448277 0.830976
vt 0.301949 0.830976
vt 0.797710 0.195652
vt 0.802580 0.199758
vt 0.197420 0.199758
vt 0.202290 0.195652
vt 0.789609 0.184671
vt 0.210391 0.184671
vt 0.466042 0.804091
vt 0.490498 0.816075
vt 0.284184 0.804091
vt 0.259728 0.816075
vt 0.448042 0.783921
vt 0.302184 0.783921
vt 0.438745 0.764960
vt 0.311481 0.764960
vt 0.445216 0.756351
vt 0.305010 0.756351
vt 0.449819 0.743458
vt 0.300407 0.743458
vt 0.456307 0.732687
vt 0.293919 0.732687
vt 0.475471 0.740871
vt 0.274755 0.740871
vt 0.514211 0.817769
vt 0.236015 0.817769
vt 0.527961 0.808598
vt 0.222265 0.808598
vt 0.530079 0.790754
vt 0.220147 0.790754
vt 0.518620 0.772385
vt 0.231606 0.772385
vt 0.498668 0.755033
vt 0.251558 0.755033
vt 0.468029 0.756171
vt 0.459660 0.770459
vt 0.282197 0.756171
vt 0.290566 0.770459
vt 0.487167 0.769899
vt 0.477354 0.785393
vt 0.263059 0.769899
vt 0.272872 0.785393
vt 0.504617 0.782999
vt 0.496545 0.797122
vt 0.245609 0.782999
vt 0.253681 0.797122
vt 0.516137 0.792591
vt 0.513713 0.804019
vt 0.234089 0.792591
vt 0.236513 0.804019
vt 0.574269 0.607668
vt 0.613510 0.655816
vt 0.175957 0.607668
vt 0.136716 0.655816
vt 0.644031 0.693270
vt 0.106195 0.693270
vt 0.668163 0.712097
vt 0.082063 0.712097
vt 0.727131 0.698475
vt 0.676584 0.686010
vt 0.023095 0.698475
vt 0.073642 0.686010
vt 0.729804 0.624370
vt 0.667013 0.640198
vt 0.020422 0.624370
vt 0.083213 0.640198
vt 0.721292 0.572934
vt 0.648152 0.594596
vt 0.028934 0.572934
vt 0.102074 0.594596
vt 0.630034 0.557583
vt 0.717709 0.538143
vt 0.032517 0.538143
vt 0.120192 0.557583
vt 0.526877 0.539235
vt 0.223349 0.539235
s 0
f 2789/2946/2530 2743/2947/2530 2745/2948/2530 2787/2949/2530
f 2746/2950/2531 2744/2951/2531 2790/2952/2531 2788/2953/2531
f 2787/2949/2532 2745/2948/2532 2747/2954/2532 2785/2955/2532
f 2748/2956/2533 2746/2950/2533 2788/2953/2533 2786/2957/2533
f 2745/2948/2534 2751/2958/2534 2749/2959/2534 2747/2954/2534
f 2750/2960/2535 2752/2961/2535 2746/2950/2535 2748/2956/2535
f 2743/2947/2536 2753/2962/2536 2751/2958/2536 2745/2948/2536
f 2752/2961/2537 2754/2963/2537 2744/2951/2537 2746/2950/2537
f 2753/2962/2538 2755/2964/2538 2757/2965/2538 2751/2958/2538
f 2758/2966/2539 2756/2967/2539 2754/2963/2539 2752/2961/2539
f 2751/2958/2540 2757/2965/2540 2759/2968/2540 2749/2959/2540
f 2760/2969/2541 2758/2966/2541 2752/2961/2541 2750/2960/2541
f 2757/2965/2542 2763/2970/2542 2761/2971/2542 2759/2968/2542
f 2762/2972/2543 2764/2973/2543 2758/2966/2543 2760/2969/2543
f 2755/2964/2544 2765/2974/2544 2763/2970/2544 2757/2965/2544
f 2764/2973/2545 2766/2975/2545 2756/2967/2545 2758/2966/2545
f 2765/2974/2546 2767/2976/2546 2769/2977/2546 2763/2970/2546
f 2770/2978/2547 2768/2979/2547 2766/2975/2547 2764/2973/2547
f 2763/2970/2548 2769/2977/2548 2771/2980/2548 2761/2971/2548
f 2772/2981/2549 2770/2978/2549 2764/2973/2549 2762/2972/2549
f 2769/2977/2550 2775/2982/2550 2773/2983/2550 2771/2980/2550
f 2774/2984/2551 2776/2985/2551 2770/2978/2551 2772/2981/2551
f 2767/2976/2552 2777/2986/2552 2775/2982/2552 2769/2977/2552
f 2776/2985/2553 2778/2987/2553 2768/2979/2553 2770/2978/2553
f 2777/2986/2554 2779/2988/2554 2781/2989/2554 2775/2982/2554
f 2782/2990/2555 2780/2991/2555 2778/2987/2555 2776/2985/2555
f 2775/2982/2556 2781/2989/2556 2783/2992/2556 2773/2983/2556
f 2784/2993/2557 2782/2990/2557 2776/2985/2557 2774/2984/2557
f 2781/2989/2558 2787/2949/2558 2785/2955/2558 2783/2992/2558
f 2786/2957/2559 2788/2953/2559 2782/2990/2559 2784/2993/2559
f 2779/2988/2560 2789/2946/2560 2787/2949/2560 2781/2989/2560
f 2788/2953/2561 2790/2952/2561 2780/2991/2561 2782/2990/2561
f 2789/2946/2562 2779/2988/2562 2793/2994/2562 2791/2995/2562
f 2794/2996/2563 2780/2991/2563 2790/2952/2563 2792/2997/2563
f 2779/2988/2564 2777/2986/2564 2795/2998/2564 2793/2994/2564
f 2796/2999/2565 2778/2987/2565 2780/2991/2565 2794/2996/2565
f 2777/2986/2566 2767/2976/2566 2797/3000/2566 2795/2998/2566
f 2798/3001/2567 2768/2979/2567 2778/2987/2567 2796/2999/2567
f 2767/2976/2568 2765/2974/2568 2799/3002/2568 2797/3000/2568
f 2800/3003/2569 2766/2975/2569 2768/2979/2569 2798/3001/2569
f 2765/2974/2570 2755/2964/2570 2801/3004/2570 2799/3002/2570
f 2802/3005/2571 2756/2967/2571 2766/2975/2571 2800/3003/2571
f 2755/2964/2572 2753/2962/2572 2805/3006/2572 2801/3004/2572
f 2806/3007/2573 2754/2963/2573 2756/2967/2573 2802/3005/2573
f 2753/2962/2574 2743/2947/2574 2807/3008/2574 2805/3006/2574
f 2808/3009/2575 2744/2951/2575 2754/2963/2575 2806/3007/2575
f 2743/2947/2576 2789/2946/2576 2791/2995/2576 2807/3008/2576
f 2792/2997/2577 2790/2952/2577 2744/2951/2577 2808/3009/2577
f 2803/3010/2578 2807/3008/2578 2791/2995/2578
f 2792/2997/2579 2808/3009/2579 2804/3011/2579
f 2805/3006/2580 2807/3008/2580 2803/3010/2580
f 2804/3011/2581 2808/3009/2581 2806/3007/2581
f 2803/3010/2582 2801/3004/2582 2805/3006/2582
f 2806/3007/2583 2802/3005/2583 2804/3011/2583
f 2803/3010/2584 2799/3002/2584 2801/3004/2584
f 2802/3005/2585 2800/3003/2585 2804/3011/2585
f 2803/3010/2586 2797/3000/2586 2799/3002/2586
f 2800/3003/2587 2798/3001/2587 2804/3011/2587
f 2803/3010/2588 2795/2998/2588 2797/3000/2588
f 2798/3001/2589 2796/2999/2589 2804/3011/2589
f 2803/3010/2590 2793/2994/2590 2795/2998/2590
f 2796/2999/2591 2794/2996/2591 2804/3011/2591
f 2803/3010/2592 2791/2995/2592 2793/2994/2592
f 2794/2996/2593 2792/2997/2593 2804/3011/2593
f 2831/3012/2594 2916/3013/2594 2918/3014/2594 2833/3015/2594
f 2918/3014/2595 2917/3016/2595 2832/3017/2595 2833/3015/2595
f 2829/3018/2596 2914/3019/2596 2916/3013/2596 2831/3012/2596
f 2917/3016/2597 2915/3020/2597 2830/3021/2597 2832/3017/2597
f 2827/3022/2598 2912/3023/2598 2914/3019/2598 2829/3018/2598
f 2915/3020/2599 2913/3024/2599 2828/3025/2599 2830/3021/2599
f 2825/3026/2600 2910/3027/2600 2912/3023/2600 2827/3022/2600
f 2913/3024/2601 2911/3028/2601 2826/3029/2601 2828/3025/2601
f 2823/3030/2602 2908/3031/2602 2910/3027/2602 2825/3026/2602
f 2911/3028/2603 2909/3032/2603 2824/3033/2603 2826/3029/2603
f 2821/3034/2604 2834/3035/2604 2888/3036/2604 2906/3037/2604
f 2889/3038/2605 2835/3039/2605 2822/3040/2605 2907/3041/2605
f 2834/3035/2606 2836/3042/2606 2890/3043/2606 2888/3036/2606
f 2891/3044/2607 2837/3045/2607 2835/3039/2607 2889/3038/2607
f 2836/3042/2608 2838/3046/2608 2892/3047/2608 2890/3043/2608
f 2893/3048/2609 2839/3049/2609 2837/3045/2609 2891/3044/2609
f 2838/3046/2610 2840/3050/2610 2894/3051/2610 2892/3047/2610
f 2895/3052/2611 2841/3053/2611 2839/3049/2611 2893/3048/2611
f 2840/3050/2612 2842/3054/2612 2896/3055/2612 2894/3051/2612
f 2897/3056/2613 2843/3057/2613 2841/3053/2613 2895/3052/2613
f 2842/3054/2614 2844/3058/2614 2898/3059/2614 2896/3055/2614
f 2899/3060/2615 2845/3061/2615 2843/3057/2615 2897/3056/2615
f 2844/3058/2616 2846/3062/2616 2900/3063/2616 2898/3059/2616
f 2901/3064/2617 2847/3065/2617 2845/3061/2617 2899/3060/2617
f 2846/3062/2618 2848/3066/2618 2902/3067/2618 2900/3063/2618
f 2903/3068/2619 2849/3069/2619 2847/3065/2619 2901/3064/2619
f 2848/3066/2620 2850/3070/2620 2904/3071/2620 2902/3067/2620
f 2905/3072/2621 2851/3073/2621 2849/3069/2621 2903/3068/2621
f 2850/3070/2622 2809/3074/2622 2810/3075/2622 2904/3071/2622
f 2810/3075/2623 2809/3074/2623 2851/3073/2623 2905/3072/2623
f 2852/3076/2624 2870/3077/2624 2902/3067/2624 2904/3071/2624
f 2903/3068/2625 2871/3078/2625 2853/3079/2625 2905/3072/2625
f 2870/3077/2626 2921/3080/2626 2900/3063/2626 2902/3067/2626
f 2901/3064/2627 2922/3081/2627 2871/3078/2627 2903/3068/2627
f 2868/3082/2628 2898/3059/2628 2900/3063/2628 2921/3080/2628
f 2901/3064/2629 2899/3060/2629 2869/3083/2629 2922/3081/2629
f 2866/3084/2630 2896/3055/2630 2898/3059/2630 2868/3082/2630
f 2899/3060/2631 2897/3056/2631 2867/3085/2631 2869/3083/2631
f 2864/3086/2632 2894/3051/2632 2896/3055/2632 2866/3084/2632
f 2897/3056/2633 2895/3052/2633 2865/3087/2633 2867/3085/2633
f 2862/3088/2634 2892/3047/2634 2894/3051/2634 2864/3086/2634
f 2895/3052/2635 2893/3048/2635 2863/3089/2635 2865/3087/2635
f 2860/3090/2636 2890/3043/2636 2892/3047/2636 2862/3088/2636
f 2893/3048/2637 2891/3044/2637 2861/3091/2637 2863/3089/2637
f 2858/3092/2638 2888/3036/2638 2890/3043/2638 2860/3090/2638
f 2891/3044/2639 2889/3038/2639 2859/3093/2639 2861/3091/2639
f 2856/3094/2640 2906/3037/2640 2888/3036/2640 2858/3092/2640
f 2889/3038/2641 2907/3041/2641 2857/3095/2641 2859/3093/2641
f 2856/3094/2642 2923/3096/2642 2919/3097/2642 2906/3037/2642
f 2919/3097/2643 2924/3098/2643 2857/3095/2643 2907/3041/2643
f 2852/3076/2644 2904/3071/2644 2810/3075/2644 2854/3099/2644
f 2810/3075/2645 2905/3072/2645 2853/3079/2645 2855/3100/2645
f 2854/3099/2646 2810/3075/2646 2920/3101/2646 2925/3102/2646
f 2920/3101/2647 2810/3075/2647 2855/3100/2647 2926/3103/2647
f 2919/3097/2648 2923/3096/2648 2925/3102/2648 2920/3101/2648
f 2926/3103/2649 2924/3098/2649 2919/3097/2649 2920/3101/2649
f 2877/3104/2650 2879/3105/2650 2918/3014/2650 2916/3013/2650
f 2918/3014/2651 2879/3105/2651 2878/3106/2651 2917/3016/2651
f 2875/3107/2652 2877/3104/2652 2916/3013/2652 2914/3019/2652
f 2917/3016/2653 2878/3106/2653 2876/3108/2653 2915/3020/2653
f 2873/3109/2654 2875/3107/2654 2914/3019/2654 2912/3023/2654
f 2915/3020/2655 2876/3108/2655 2874/3110/2655 2913/3024/2655
f 2908/3031/2656 2929/3111/2656 2927/3112/2656 2910/3027/2656
f 2928/3113/2657 2930/3114/2657 2909/3032/2657 2911/3028/2657
f 2873/3109/2658 2912/3023/2658 2910/3027/2658 2927/3112/2658
f 2911/3028/2659 2913/3024/2659 2874/3110/2659 2928/3113/2659
f 2886/3115/2660 2932/3116/2660 2931/3117/2660 2929/3111/2660
f 2931/3117/2661 2932/3116/2661 2887/3118/2661 2930/3114/2661
f 2927/3112/2662 2929/3111/2662 2931/3117/2662 2811/3119/2662
f 2931/3117/2663 2930/3114/2663 2928/3113/2663 2811/3119/2663
f 2872/3120/2664 2873/3109/2664 2927/3112/2664 2811/3119/2664
f 2928/3113/2664 2874/3110/2664 2872/3120/2664 2811/3119/2664
f 2884/3121/2665 2935/3122/2665 2933/3123/2665 2886/3115/2665
f 2934/3124/2666 2936/3125/2666 2885/3126/2666 2887/3118/2666
f 2882/3127/2667 2937/3128/2667 2935/3122/2667 2884/3121/2667
f 2936/3125/2668 2938/3129/2668 2883/3130/2668 2885/3126/2668
f 2881/3131/2669 2939/3132/2669 2937/3128/2669 2882/3127/2669
f 2938/3129/2670 2940/3133/2670 2881/3131/2670 2883/3130/2670
f 2880/3134/2671 2813/3135/2671 2939/3132/2671 2881/3131/2671
f 2940/3133/2672 2813/3135/2672 2880/3134/2672 2881/3131/2672
f 2932/3116/2673 2886/3115/2673 2933/3123/2673 2812/3136/2673
f 2934/3124/2674 2887/3118/2674 2932/3116/2674 2812/3136/2674
f 2812/3136/2675 2933/3123/2675 2948/3137/2675 2950/3138/2675
f 2949/3139/2676 2934/3124/2676 2812/3136/2676 2950/3138/2676
f 2813/3135/2677 2941/3140/2677 2942/3141/2677 2939/3132/2677
f 2943/3142/2678 2941/3140/2678 2813/3135/2678 2940/3133/2678
f 2939/3132/2679 2942/3141/2679 2944/3143/2679 2937/3128/2679
f 2945/3144/2680 2943/3142/2680 2940/3133/2680 2938/3129/2680
f 2937/3128/2681 2944/3143/2681 2946/3145/2681 2935/3122/2681
f 2947/3146/2682 2945/3144/2682 2938/3129/2682 2936/3125/2682
f 2935/3122/2683 2946/3145/2683 2948/3137/2683 2933/3123/2683
f 2949/3139/2684 2947/3146/2684 2936/3125/2684 2934/3124/2684
f 2941/3140/2685 2946/3145/2685 2944/3143/2685 2942/3141/2685
f 2945/3144/2686 2947/3146/2686 2941/3140/2686 2943/3142/2686
f 2941/3140/2687 2950/3138/2687 2948/3137/2687 2946/3145/2687
f 2949/3139/2688 2950/3138/2688 2941/3140/2688 2947/3146/2688
f 2881/3131/2689 2882/3127/2689 2906/3037/2689 2919/3097/2689
f 2907/3041/2690 2883/3130/2690 2881/3131/2690 2919/3097/2690
f 2882/3127/2691 2884/3121/2691 2953/3147/2691 2906/3037/2691
f 2954/3148/2692 2885/3126/2692 2883/3130/2692 2907/3041/2692
f 2884/3121/2693 2886/3115/2693 2955/3149/2693 2953/3147/2693
f 2956/3150/2694 2887/3118/2694 2885/3126/2694 2954/3148/2694
f 2886/3115/2695 2929/3111/2695 2908/3031/2695 2955/3149/2695
f 2909/3032/2696 2930/3114/2696 2887/3118/2696 2956/3150/2696
f 2823/3030/2697 2951/3151/2697 2955/3149/2697 2908/3031/2697
f 2956/3150/2698 2952/3152/2698 2824/3033/2698 2909/3032/2698
f 2951/3151/2699 2957/3153/2699 2953/3147/2699 2955/3149/2699
f 2954/3148/2700 2958/3154/2700 2952/3152/2700 2956/3150/2700
f 2821/3034/2701 2906/3037/2701 2953/3147/2701 2957/3153/2701
f 2954/3148/2702 2907/3041/2702 2822/3040/2702 2958/3154/2702
f 2873/3109/2703 2872/3120/2703 2814/3155/2703 2964/3156/2703
f 2814/3155/2704 2872/3120/2704 2874/3110/2704 2965/3157/2704
f 2875/3107/2705 2873/3109/2705 2964/3156/2705 2962/3158/2705
f 2965/3157/2706 2874/3110/2706 2876/3108/2706 2963/3159/2706
f 2877/3104/2707 2875/3107/2707 2962/3158/2707 2960/3160/2707
f 2963/3159/2708 2876/3108/2708 2878/3106/2708 2961/3161/2708
f 2879/3105/2709 2877/3104/2709 2960/3160/2709 2959/3162/2709
f 2961/3161/2710 2878/3106/2710 2879/3105/2710 2959/3162/2710
f 2959/3162/2711 2960/3160/2711 2971/3163/2711 2973/3164/2711
f 2972/3165/2712 2961/3161/2712 2959/3162/2712 2973/3164/2712
f 2960/3160/2713 2962/3158/2713 2969/3166/2713 2971/3163/2713
f 2970/3167/2714 2963/3159/2714 2961/3161/2714 2972/3165/2714
f 2962/3158/2715 2964/3156/2715 2967/3168/2715 2969/3166/2715
f 2968/3169/2716 2965/3157/2716 2963/3159/2716 2970/3167/2716
f 2964/3156/2717 2814/3155/2717 2966/3170/2717 2967/3168/2717
f 2966/3170/2718 2814/3155/2718 2965/3157/2718 2968/3169/2718
f 2966/3170/2719 2973/3164/2719 2971/3163/2719 2967/3168/2719
f 2972/3165/2720 2973/3164/2720 2966/3170/2720 2968/3169/2720
f 2967/3168/2721 2971/3163/2721 2969/3166/2721
f 2970/3167/2722 2972/3165/2722 2968/3169/2722
f 2925/3102/2723 2923/3096/2723 2976/3171/2723 2974/3172/2723
f 2977/3173/2724 2924/3098/2724 2926/3103/2724 2975/3174/2724
f 2854/3099/2725 2925/3102/2725 2974/3172/2725 2996/3175/2725
f 2975/3174/2726 2926/3103/2726 2855/3100/2726 2997/3176/2726
f 2852/3076/2727 2854/3099/2727 2996/3175/2727 2998/3177/2727
f 2997/3176/2728 2855/3100/2728 2853/3079/2728 2999/3178/2728
f 2923/3096/2729 2856/3094/2729 2994/3179/2729 2976/3171/2729
f 2995/3180/2730 2857/3095/2730 2924/3098/2730 2977/3173/2730
f 2856/3094/2731 2858/3092/2731 2992/3181/2731 2994/3179/2731
f 2993/3182/2732 2859/3093/2732 2857/3095/2732 2995/3180/2732
f 2858/3092/2733 2860/3090/2733 2990/3183/2733 2992/3181/2733
f 2991/3184/2734 2861/3091/2734 2859/3093/2734 2993/3182/2734
f 2860/3090/2735 2862/3088/2735 2988/3185/2735 2990/3183/2735
f 2989/3186/2736 2863/3089/2736 2861/3091/2736 2991/3184/2736
f 2862/3088/2737 2864/3086/2737 2986/3187/2737 2988/3185/2737
f 2987/3188/2738 2865/3087/2738 2863/3089/2738 2989/3186/2738
f 2864/3086/2739 2866/3084/2739 2984/3189/2739 2986/3187/2739
f 2985/3190/2740 2867/3085/2740 2865/3087/2740 2987/3188/2740
f 2866/3084/2741 2868/3082/2741 2982/3191/2741 2984/3189/2741
f 2983/3192/2742 2869/3083/2742 2867/3085/2742 2985/3190/2742
f 2868/3082/2743 2921/3080/2743 2978/3193/2743 2982/3191/2743
f 2979/3194/2744 2922/3081/2744 2869/3083/2744 2983/3192/2744
f 2921/3080/2745 2870/3077/2745 2980/3195/2745 2978/3193/2745
f 2981/3196/2746 2871/3078/2746 2922/3081/2746 2979/3194/2746
f 2870/3077/2747 2852/3076/2747 2998/3177/2747 2980/3195/2747
f 2999/3178/2748 2853/3079/2748 2871/3078/2748 2981/3196/2748
f 2980/3195/2749 2998/3177/2749 3000/3197/2749 3018/3198/2749
f 3001/3199/2750 2999/3178/2750 2981/3196/2750 3019/3200/2750
f 2978/3193/2751 2980/3195/2751 3018/3198/2751 3020/3201/2751
f 3019/3200/2752 2981/3196/2752 2979/3194/2752 3021/3202/2752
f 2982/3191/2753 2978/3193/2753 3020/3201/2753 3016/3203/2753
f 3021/3202/2754 2979/3194/2754 2983/3192/2754 3017/3204/2754
f 2984/3189/2755 2982/3191/2755 3016/3203/2755 3014/3205/2755
f 3017/3204/2756 2983/3192/2756 2985/3190/2756 3015/3206/2756
f 2986/3187/2757 2984/3189/2757 3014/3205/2757 3012/3207/2757
f 3015/3206/2758 2985/3190/2758 2987/3188/2758 3013/3208/2758
f 2988/3185/2759 2986/3187/2759 3012/3207/2759 3010/3209/2759
f 3013/3208/2760 2987/3188/2760 2989/3186/2760 3011/3210/2760
f 2990/3183/2761 2988/3185/2761 3010/3209/2761 3008/3211/2761
f 3011/3210/2762 2989/3186/2762 2991/3184/2762 3009/3212/2762
f 2992/3181/2763 2990/3183/2763 3008/3211/2763 3006/3213/2763
f 3009/3212/2764 2991/3184/2764 2993/3182/2764 3007/3214/2764
f 2994/3179/2765 2992/3181/2765 3006/3213/2765 3004/3215/2765
f 3007/3214/2766 2993/3182/2766 2995/3180/2766 3005/3216/2766
f 2976/3171/2767 2994/3179/2767 3004/3215/2767 3022/3217/2767
f 3005/3216/2768 2995/3180/2768 2977/3173/2768 3023/3218/2768
f 2998/3177/2769 2996/3175/2769 3002/3219/2769 3000/3197/2769
f 3003/3220/2770 2997/3176/2770 2999/3178/2770 3001/3199/2770
f 2996/3175/2771 2974/3172/2771 3024/3221/2771 3002/3219/2771
f 3025/3222/2772 2975/3174/2772 2997/3176/2772 3003/3220/2772
f 2974/3172/2773 2976/3171/2773 3022/3217/2773 3024/3221/2773
f 3023/3218/2774 2977/3173/2774 2975/3174/2774 3025/3222/2774
f 2809/3074/2775 2850/3070/2775 3026/3223/2775 2815/3224/2775
f 3027/3225/2776 2851/3073/2776 2809/3074/2776 2815/3224/2776
f 2850/3070/2777 2848/3066/2777 3028/3226/2777 3026/3223/2777
f 3029/3227/2778 2849/3069/2778 2851/3073/2778 3027/3225/2778
f 2848/3066/2779 2846/3062/2779 3030/3228/2779 3028/3226/2779
f 3031/3229/2780 2847/3065/2780 2849/3069/2780 3029/3227/2780
f 2846/3062/2781 2844/3058/2781 3032/3230/2781 3030/3228/2781
f 3033/3231/2782 2845/3061/2782 2847/3065/2782 3031/3229/2782
f 2844/3058/2783 2842/3054/2783 3034/3232/2783 3032/3230/2783
f 3035/3233/2784 2843/3057/2784 2845/3061/2784 3033/3231/2784
f 2842/3054/2785 2840/3050/2785 3036/3234/2785 3034/3232/2785
f 3037/3235/2786 2841/3053/2786 2843/3057/2786 3035/3233/2786
f 2840/3050/2787 2838/3046/2787 3038/3236/2787 3036/3234/2787
f 3039/3237/2788 2839/3049/2788 2841/3053/2788 3037/3235/2788
f 2838/3046/2789 2836/3042/2789 3040/3238/2789 3038/3236/2789
f 3041/3239/2790 2837/3045/2790 2839/3049/2790 3039/3237/2790
f 2836/3042/2791 2834/3035/2791 3042/3240/2791 3040/3238/2791
f 3043/3241/2792 2835/3039/2792 2837/3045/2792 3041/3239/2792
f 3050/3242/2793 3051/3243/2793 3070/3244/2793 3080/3245/2793
f 3071/3246/2794 3051/3247/2794 3050/3248/2794 3081/3249/2794
f 3049/3250/2795 3050/3242/2795 3080/3245/2795 3078/3251/2795
f 3081/3249/2796 3050/3248/2796 3049/3252/2796 3079/3253/2796
f 3048/3254/2797 3049/3250/2797 3078/3251/2797 3082/3255/2797
f 3079/3253/2798 3049/3252/2798 3048/3254/2798 3083/3256/2798
f 2831/3012/2799 2833/3015/2799 3048/3254/2799 3082/3255/2799
f 3048/3254/2800 2833/3015/2800 2832/3017/2800 3083/3256/2800
f 2829/3018/2801 2831/3012/2801 3082/3255/2801 3076/3257/2801
f 3083/3256/2802 2832/3017/2802 2830/3021/2802 3077/3258/2802
f 2827/3022/2803 2829/3018/2803 3076/3257/2803 3072/3259/2803
f 3077/3258/2804 2830/3021/2804 2828/3025/2804 3073/3260/2804
f 2825/3026/2805 2827/3022/2805 3072/3259/2805 3074/3261/2805
f 3073/3260/2806 2828/3025/2806 2826/3029/2806 3075/3262/2806
f 3072/3259/2807 3078/3251/2807 3080/3245/2807 3074/3261/2807
f 3081/3249/2808 3079/3253/2808 3073/3260/2808 3075/3262/2808
f 3072/3259/2809 3076/3257/2809 3082/3255/2809 3078/3251/2809
f 3083/3256/2810 3077/3258/2810 3073/3260/2810 3079/3253/2810
f 3068/3263/2811 3074/3261/2811 3080/3245/2811 3070/3244/2811
f 3081/3249/2812 3075/3262/2812 3069/3264/2812 3071/3246/2812
f 2823/3030/2813 2825/3026/2813 3074/3261/2813 3068/3263/2813
f 3075/3262/2814 2826/3029/2814 2824/3033/2814 3069/3264/2814
f 2951/3151/2815 3084/3265/2815 3086/3266/2815 2957/3153/2815
f 3087/3267/2816 3085/3268/2816 2952/3152/2816 2958/3154/2816
f 2823/3030/2817 3068/3263/2817 3084/3265/2817 2951/3151/2817
f 3085/3268/2818 3069/3264/2818 2824/3033/2818 2952/3152/2818
f 2821/3034/2819 2957/3153/2819 3086/3266/2819 3088/3269/2819
f 3087/3267/2820 2958/3154/2820 2822/3040/2820 3089/3270/2820
f 2821/3034/2821 3088/3269/2821 3042/3240/2821 2834/3035/2821
f 3043/3241/2822 3089/3270/2822 2822/3040/2822 2835/3039/2822
f 2819/3271/2823 3066/3272/2823 3094/3273/2823 3046/3274/2823
f 3095/3275/2824 3067/3276/2824 2819/3277/2824 3046/3278/2824
f 3046/3274/2825 3094/3273/2825 3092/3279/2825 2820/3280/2825
f 3093/3281/2826 3095/3275/2826 3046/3278/2826 2820/3282/2826
f 2820/3280/2827 3092/3279/2827 3090/3283/2827 3047/3284/2827
f 3091/3285/2828 3093/3281/2828 2820/3282/2828 3047/3286/2828
f 3047/3284/2829 3090/3283/2829 3070/3244/2829 3051/3243/2829
f 3071/3246/2830 3091/3285/2830 3047/3286/2830 3051/3247/2830
f 3068/3263/2831 3070/3244/2831 3090/3283/2831 3084/3265/2831
f 3091/3285/2832 3071/3246/2832 3069/3264/2832 3085/3268/2832
f 3038/3236/2833 3040/3238/2833 3060/3287/2833 3052/3288/2833
f 3061/3289/2834 3041/3239/2834 3039/3237/2834 3053/3290/2834
f 2818/3291/2835 3058/3292/2835 3066/3272/2835 2819/3271/2835
f 3067/3276/2836 3059/3293/2836 2818/3294/2836 2819/3277/2836
f 3044/3295/2837 3100/3296/2837 3098/3297/2837 3045/3298/2837
f 3099/3299/2838 3101/3300/2838 3044/3301/2838 3045/3302/2838
f 3045/3298/2839 3098/3297/2839 3096/3303/2839 2817/3304/2839
f 3097/3305/2840 3099/3299/2840 3045/3302/2840 2817/3306/2840
f 2817/3304/2841 3096/3303/2841 3058/3292/2841 2818/3291/2841
f 3059/3293/2842 3097/3305/2842 2817/3306/2842 2818/3294/2842
f 3034/3307/2843 3036/3234/2843 3104/3308/2843 3106/3309/2843
f 3105/3310/2844 3037/3235/2844 3035/3311/2844 3107/3312/2844
f 3106/3309/2845 3104/3308/2845 3110/3313/2845 3108/3314/2845
f 3111/3315/2846 3105/3310/2846 3107/3312/2846 3109/3316/2846
f 3108/3314/2847 3110/3313/2847 3112/3317/2847 3114/3318/2847
f 3113/3319/2848 3111/3315/2848 3109/3316/2848 3115/3320/2848
f 3114/3318/2849 3112/3317/2849 3118/3321/2849 3116/3322/2849
f 3119/3323/2850 3113/3319/2850 3115/3320/2850 3117/3324/2850
f 3056/3325/2851 3120/3326/2851 3116/3322/2851 3118/3321/2851
f 3117/3324/2852 3121/3327/2852 3057/3328/2852 3119/3323/2852
f 3058/3292/2853 3096/3303/2853 3116/3322/2853 3120/3326/2853
f 3117/3324/2854 3097/3305/2854 3059/3293/2854 3121/3327/2854
f 3096/3303/2855 3098/3297/2855 3114/3318/2855 3116/3322/2855
f 3115/3320/2856 3099/3299/2856 3097/3305/2856 3117/3324/2856
f 3098/3297/2857 3100/3296/2857 3108/3314/2857 3114/3318/2857
f 3109/3316/2858 3101/3300/2858 3099/3299/2858 3115/3320/2858
f 3100/3296/2859 3102/3329/2859 3106/3309/2859 3108/3314/2859
f 3107/3312/2860 3103/3330/2860 3101/3300/2860 3109/3316/2860
f 3032/3331/2861 3034/3307/2861 3106/3309/2861 3102/3329/2861
f 3107/3312/2862 3035/3311/2862 3033/3332/2862 3103/3330/2862
f 2816/3333/2863 3102/3329/2863 3100/3296/2863 3044/3295/2863
f 3101/3300/2864 3103/3330/2864 2816/3334/2864 3044/3301/2864
f 3026/3335/2865 3028/3336/2865 3030/3337/2865 3032/3331/2865
f 3031/3338/2866 3029/3339/2866 3027/3340/2866 3033/3332/2866
f 3026/3335/2867 3032/3331/2867 3102/3329/2867 2816/3333/2867
f 3103/3330/2868 3033/3332/2868 3027/3340/2868 2816/3334/2868
f 2815/3341/2869 3026/3335/2869 2816/3333/2869
f 2816/3334/2870 3027/3340/2870 2815/3342/2870
f 3036/3234/2871 3038/3236/2871 3052/3288/2871 3104/3308/2871
f 3053/3290/2872 3039/3237/2872 3037/3235/2872 3105/3310/2872
f 3052/3288/2873 3054/3343/2873 3110/3313/2873 3104/3308/2873
f 3111/3315/2874 3055/3344/2874 3053/3290/2874 3105/3310/2874
f 3054/3343/2875 3124/3345/2875 3112/3317/2875 3110/3313/2875
f 3113/3319/2876 3125/3346/2876 3055/3344/2876 3111/3315/2876
f 3056/3325/2877 3118/3321/2877 3112/3317/2877 3124/3345/2877
f 3113/3319/2878 3119/3323/2878 3057/3328/2878 3125/3346/2878
f 3090/3283/2879 3092/3279/2879 3128/3347/2879 3126/3348/2879
f 3129/3349/2880 3093/3281/2880 3091/3285/2880 3127/3350/2880
f 3060/3287/2881 3126/3348/2881 3128/3347/2881 3062/3351/2881
f 3129/3349/2882 3127/3350/2882 3061/3289/2882 3063/3352/2882
f 3040/3238/2883 3042/3240/2883 3126/3348/2883 3060/3287/2883
f 3127/3350/2884 3043/3241/2884 3041/3239/2884 3061/3289/2884
f 3042/3240/2885 3086/3266/2885 3084/3265/2885 3126/3348/2885
f 3085/3268/2886 3087/3267/2886 3043/3241/2886 3127/3350/2886
f 3084/3265/2887 3090/3283/2887 3126/3348/2887
f 3127/3350/2888 3091/3285/2888 3085/3268/2888
f 3042/3240/2889 3088/3269/2889 3086/3266/2889
f 3087/3267/2890 3089/3270/2890 3043/3241/2890
f 3056/3325/2891 3064/3353/2891 3122/3354/2891 3120/3326/2891
f 3123/3355/2892 3065/3356/2892 3057/3328/2892 3121/3327/2892
f 3058/3292/2893 3120/3326/2893 3122/3354/2893 3066/3272/2893
f 3123/3355/2894 3121/3327/2894 3059/3293/2894 3067/3276/2894
f 3062/3351/2895 3128/3347/2895 3122/3354/2895 3064/3353/2895
f 3123/3355/2896 3129/3349/2896 3063/3352/2896 3065/3356/2896
f 3092/3279/2897 3094/3273/2897 3122/3354/2897 3128/3347/2897
f 3123/3355/2898 3095/3275/2898 3093/3281/2898 3129/3349/2898
f 3066/3272/2899 3122/3354/2899 3094/3273/2899
f 3095/3275/2900 3123/3355/2900 3067/3276/2900
f 3142/3357/2901 3130/3358/2901 3156/3359/2901 3144/3360/2901
f 3157/3361/2902 3131/3362/2902 3143/3363/2902 3145/3364/2902
f 3142/3357/2903 3144/3360/2903 3146/3365/2903 3140/3366/2903
f 3147/3367/2904 3145/3364/2904 3143/3363/2904 3141/3368/2904
f 3140/3366/2905 3146/3365/2905 3148/3369/2905 3138/3370/2905
f 3149/3371/2906 3147/3367/2906 3141/3368/2906 3139/3372/2906
f 3138/3370/2907 3148/3369/2907 3150/3373/2907 3136/3374/2907
f 3151/3375/2908 3149/3371/2908 3139/3372/2908 3137/3376/2908
f 3136/3374/2909 3150/3373/2909 3152/3377/2909 3134/3378/2909
f 3153/3379/2910 3151/3375/2910 3137/3376/2910 3135/3380/2910
f 3134/3378/2911 3152/3377/2911 3154/3381/2911 3132/3382/2911
f 3155/3383/2912 3153/3379/2912 3135/3380/2912 3133/3384/2912
f 3152/3377/2913 3162/3385/2913 3160/3386/2913 3154/3381/2913
f 3161/3387/2914 3163/3388/2914 3153/3379/2914 3155/3383/2914
f 3150/3373/2915 3164/3389/2915 3162/3385/2915 3152/3377/2915
f 3163/3388/2916 3165/3390/2916 3151/3375/2916 3153/3379/2916
f 3148/3369/2917 3166/3391/2917 3164/3389/2917 3150/3373/2917
f 3165/3390/2918 3167/3392/2918 3149/3371/2918 3151/3375/2918
f 3146/3365/2919 3168/3393/2919 3166/3391/2919 3148/3369/2919
f 3167/3392/2920 3169/3394/2920 3147/3367/2920 3149/3371/2920
f 3144/3360/2921 3170/3395/2921 3168/3393/2921 3146/3365/2921
f 3169/3394/2922 3171/3396/2922 3145/3364/2922 3147/3367/2922
f 3144/3360/2923 3156/3359/2923 3158/3397/2923 3170/3395/2923
f 3159/3398/2924 3157/3361/2924 3145/3364/2924 3171/3396/2924
f 3060/3287/2925 3062/3351/2925 3186/3399/2925 3184/3400/2925
f 3187/3401/2926 3063/3352/2926 3061/3289/2926 3185/3402/2926
f 3062/3403/2927 3132/3382/2927 3154/3381/2927 3186/3404/2927
f 3155/3383/2928 3133/3384/2928 3063/3405/2928 3187/3406/2928
f 3052/3288/2929 3060/3287/2929 3184/3400/2929 3054/3343/2929
f 3185/3402/2930 3061/3289/2930 3053/3290/2930 3055/3344/2930
f 3124/3407/2931 3172/3408/2931 3156/3359/2931 3130/3358/2931
f 3157/3361/2932 3173/3409/2932 3125/3410/2932 3131/3362/2932
f 3154/3381/2933 3160/3386/2933 3182/3411/2933 3186/3404/2933
f 3183/3412/2934 3161/3387/2934 3155/3383/2934 3187/3406/2934
f 3180/3413/2935 3188/3414/2935 3186/3404/2935 3182/3411/2935
f 3187/3406/2936 3189/3415/2936 3181/3416/2936 3183/3412/2936
f 3176/3417/2937 3188/3414/2937 3180/3413/2937 3178/3418/2937
f 3181/3416/2938 3189/3415/2938 3177/3419/2938 3179/3420/2938
f 3174/3421/2939 3190/3422/2939 3188/3414/2939 3176/3417/2939
f 3189/3415/2940 3191/3423/2940 3175/3424/2940 3177/3419/2940
f 3172/3408/2941 3190/3422/2941 3174/3421/2941 3192/3425/2941
f 3175/3424/2942 3191/3423/2942 3173/3409/2942 3193/3426/2942
f 3156/3359/2943 3172/3408/2943 3192/3425/2943 3158/3397/2943
f 3193/3426/2944 3173/3409/2944 3157/3361/2944 3159/3398/2944
f 3054/3343/2945 3190/3427/2945 3172/3428/2945 3124/3345/2945
f 3173/3429/2946 3191/3430/2946 3055/3344/2946 3125/3346/2946
f 3054/3343/2947 3184/3400/2947 3188/3431/2947 3190/3427/2947
f 3189/3432/2948 3185/3402/2948 3055/3344/2948 3191/3430/2948
f 3184/3400/2949 3186/3399/2949 3188/3431/2949
f 3189/3432/2950 3187/3401/2950 3185/3402/2950
f 3158/3397/2951 3192/3425/2951 3194/3433/2951 3218/3434/2951
f 3195/3435/2952 3193/3426/2952 3159/3398/2952 3219/3436/2952
f 3192/3425/2953 3174/3421/2953 3204/3437/2953 3194/3433/2953
f 3205/3438/2954 3175/3424/2954 3193/3426/2954 3195/3435/2954
f 3174/3421/2955 3176/3417/2955 3202/3439/2955 3204/3437/2955
f 3203/3440/2956 3177/3419/2956 3175/3424/2956 3205/3438/2956
f 3176/3417/2957 3178/3418/2957 3200/3441/2957 3202/3439/2957
f 3201/3442/2958 3179/3420/2958 3177/3419/2958 3203/3440/2958
f 3178/3418/2959 3180/3413/2959 3198/3443/2959 3200/3441/2959
f 3199/3444/2960 3181/3416/2960 3179/3420/2960 3201/3442/2960
f 3180/3413/2961 3182/3411/2961 3196/3445/2961 3198/3443/2961
f 3197/3446/2962 3183/3412/2962 3181/3416/2962 3199/3444/2962
f 3182/3411/2963 3160/3386/2963 3216/3447/2963 3196/3445/2963
f 3217/3448/2964 3161/3387/2964 3183/3412/2964 3197/3446/2964
f 3170/3395/2965 3158/3397/2965 3218/3434/2965 3206/3449/2965
f 3219/3436/2966 3159/3398/2966 3171/3396/2966 3207/3450/2966
f 3168/3393/2967 3170/3395/2967 3206/3449/2967 3208/3451/2967
f 3207/3450/2968 3171/3396/2968 3169/3394/2968 3209/3452/2968
f 3166/3391/2969 3168/3393/2969 3208/3451/2969 3210/3453/2969
f 3209/3452/2970 3169/3394/2970 3167/3392/2970 3211/3454/2970
f 3164/3389/2971 3166/3391/2971 3210/3453/2971 3212/3455/2971
f 3211/3454/2972 3167/3392/2972 3165/3390/2972 3213/3456/2972
f 3162/3385/2973 3164/3389/2973 3212/3455/2973 3214/3457/2973
f 3213/3456/2974 3165/3390/2974 3163/3388/2974 3215/3458/2974
f 3160/3386/2975 3162/3385/2975 3214/3457/2975 3216/3447/2975
f 3215/3458/2976 3163/3388/2976 3161/3387/2976 3217/3448/2976
f 3200/3441/2977 3198/3443/2977 3222/3459/2977 3220/3460/2977
f 3223/3461/2978 3199/3444/2978 3201/3442/2978 3221/3462/2978
f 3220/3460/2979 3222/3459/2979 3224/3463/2979 3226/3464/2979
f 3225/3465/2980 3223/3461/2980 3221/3462/2980 3227/3466/2980
f 3226/3464/2981 3224/3463/2981 3230/3467/2981 3228/3468/2981
f 3231/3469/2982 3225/3465/2982 3227/3466/2982 3229/3470/2982
f 3228/3468/2983 3230/3467/2983 3232/3471/2983 3234/3472/2983
f 3233/3473/2984 3231/3469/2984 3229/3470/2984 3235/3474/2984
f 3206/3449/2985 3218/3434/2985 3228/3468/2985 3234/3472/2985
f 3229/3470/2986 3219/3436/2986 3207/3450/2986 3235/3474/2986
f 3194/3433/2987 3226/3464/2987 3228/3468/2987 3218/3434/2987
f 3229/3470/2988 3227/3466/2988 3195/3435/2988 3219/3436/2988
f 3194/3433/2989 3204/3437/2989 3220/3460/2989 3226/3464/2989
f 3221/3462/2990 3205/3438/2990 3195/3435/2990 3227/3466/2990
f 3200/3441/2991 3220/3460/2991 3204/3437/2991 3202/3439/2991
f 3205/3438/2992 3221/3462/2992 3201/3442/2992 3203/3440/2992
f 3196/3445/2993 3216/3447/2993 3222/3459/2993 3198/3443/2993
f 3223/3461/2994 3217/3448/2994 3197/3446/2994 3199/3444/2994
f 3214/3457/2995 3224/3463/2995 3222/3459/2995 3216/3447/2995
f 3223/3461/2996 3225/3465/2996 3215/3458/2996 3217/3448/2996
f 3212/3455/2997 3230/3467/2997 3224/3463/2997 3214/3457/2997
f 3225/3465/2998 3231/3469/2998 3213/3456/2998 3215/3458/2998
f 3210/3453/2999 3232/3471/2999 3230/3467/2999 3212/3455/2999
f 3231/3469/3000 3233/3473/3000 3211/3454/3000 3213/3456/3000
f 3208/3451/3001 3234/3472/3001 3232/3471/3001 3210/3453/3001
f 3233/3473/3002 3235/3474/3002 3209/3452/3002 3211/3454/3002
f 3206/3449/3003 3234/3472/3003 3208/3451/3003
f 3209/3452/3004 3235/3474/3004 3207/3450/3004
f 3134/3378/3005 3132/3382/3005 3246/3475/3005 3244/3476/3005
f 3247/3477/3006 3133/3384/3006 3135/3380/3006 3245/3478/3006
f 3136/3374/3007 3134/3378/3007 3244/3476/3007 3242/3479/3007
f 3245/3478/3008 3135/3380/3008 3137/3376/3008 3243/3480/3008
f 3138/3370/3009 3136/3374/3009 3242/3479/3009 3240/3481/3009
f 3243/3480/3010 3137/3376/3010 3139/3372/3010 3241/3482/3010
f 3140/3483/3011 3138/3370/3011 3240/3481/3011 3238/3484/3011
f 3241/3482/3012 3139/3372/3012 3141/3485/3012 3239/3486/3012
f 3142/3487/3013 3140/3483/3013 3238/3484/3013 3236/3488/3013
f 3239/3486/3014 3141/3485/3014 3143/3489/3014 3237/3490/3014
f 3130/3491/3015 3142/3487/3015 3236/3488/3015 3248/3492/3015
f 3237/3490/3016 3143/3489/3016 3131/3493/3016 3249/3494/3016
f 3236/3488/3017 3244/3476/3017 3246/3475/3017 3248/3492/3017
f 3247/3477/3018 3245/3478/3018 3237/3490/3018 3249/3494/3018
f 3236/3488/3019 3238/3484/3019 3242/3479/3019 3244/3476/3019
f 3243/3480/3020 3239/3486/3020 3237/3490/3020 3245/3478/3020
f 3238/3484/3021 3240/3481/3021 3242/3479/3021
f 3243/3480/3022 3241/3482/3022 3239/3486/3022
f 3056/3495/3023 3124/3496/3023 3130/3491/3023 3248/3492/3023
f 3131/3493/3024 3125/3497/3024 3057/3498/3024 3249/3494/3024
f 3056/3495/3025 3248/3492/3025 3246/3475/3025 3064/3499/3025
f 3247/3477/3026 3249/3494/3026 3057/3498/3026 3065/3500/3026
f 3062/3403/3027 3064/3499/3027 3246/3475/3027 3132/3382/3027
f 3247/3477/3028 3065/3500/3028 3063/3405/3028 3133/3384/3028
